Page,Date,Time_Reported,Time_Occurred,Year,Incident_Type,Incident_Type_Clean,Location,Location_Clean,Address,Synopsis,Disposition,Report_Number,Post_ID,,,,,,,,,,,,
1,"September 8, 2026",09/08/2026 at 4:39 PM,09/08/2026 at 4:39 PM,2026,Harassment,Harassment,Danforth Campus,Danforth Campus,"6475 Forsyth Blvd, St. Louis, MO 63105",Complainant reports concerning communication.,Referred to Judicial,260328,28641,,,,,,,,,,,,
1,"September 8, 2026",09/08/2026 at 1:40 PM,09/08/2026 at 1:00 PM,2026,Trespass,Trespassing,South Campus,South Campus,"6501 Clayton Rd, Clayton, MO 63117",Subject with no WASHU affiliation located on campus.,Pending,260327,28637,,,,,,,,,,,,
1,"September 7, 2026",09/07/2026 at 6:18 PM,09/07/2026 at 6:18 PM,2026,Property Destruction,Property Destruction,Fontbonne,Fontbonne,"6800 Wydown Blvd, St. Louis, MO 63105",Complainant reports damage to door and electronics.,Pending,260326,28639,,,,,,,,,,,,
1,"September 6, 2026",09/06/2026 at 4:28 PM,09/06/2026 at 2:00 PM,2026,Motor Vehicle Theft,Stolen Vehicle,Olin Library,Olin Library,"1 Brookings Dr, St. Louis, MO 63130",Complainant reports theft of electric scooter.,Pending,260326,28606,,,,,,,,,,,,
1,"September 5, 2026",09/05/2026 at 6:36 PM,09/05/2026 at 6:36 PM,2026,Property Destruction,Property Destruction,Fontbonne,Fontbonne,"6800 Wydown Blvd, St. Louis, MO 63105",Complainant reports damage to walls and floors.,Pending,260323,28603,,,,,,,,,,,,
1,"September 4, 2026",09/04/2026 at 10:02 PM,09/04/2026 at 10:02 PM,2026,Larceny,Larceny,Fine Arts Dr,Fine Arts Dr,"1 Fine Arts Dr, St. Louis, MO 63110",Assisted SLMPD with a larceny.,Referred to SLMPD,26-09-04-035074,28599,,,,,,,,,,,,
1,"September 2, 2026",09/02/2026 at 7:56 PM,09/02/2026 at 7:56 PM,2026,Larceny,Larceny,Shepley House,Shepley Dorm,"214-298 S Big Bend Blvd, Clayton, MO 63105",Complainant reports theft of headphones.,Closed,260315,28576,,,,,,,,,,,,
1,"September 1, 2026",09/01/2026 at 8:49 PM,09/01/2026 at 8:30 PM,2026,Harassment,Harassment,Danforth Campus,Danforth Campus,"6475 Forsyth Blvd, St. Louis, MO 63105",Complainant reports concerning communication.,Danforth Campus,260312,28570,,,,,,,,,,,,
1,"September 1, 2026",09/02/2026 at 12:07 AM,09/01/2026 at 7:50 PM,2026,Fraud,Fraud,Danforth House,Danforth House,"Danforth House, Washington University in St. Louis, MO",Complainant reports fraudulent exchange of goods.,Active,260316,28578,,,,,,,,,,,,
1,"August 30, 2026",08/30/2026 at 10:52 AM,08/30/2026 at 10:30 AM,2026,Motor Vehicle Theft (Attempt),Motor Vehicle Theft (Attempt),Interdrive,Interdrive,"726 Interdrive, Washington University in St. Louis, MO",Assisted UCPD with an attempted motor vehicle theft.,Referred to UCPD,26-08-30-034143,28563,,,,,,,,,,,,
2,"August 28, 2026",08/28/2026 at 11:56 AM,08/28/2026 at 10:44 AM,2026,Larceny,Larceny,Weil Hall,Weil Hall,"Weil Hall, Washington University in St. Louis, MO",Complainant reports theft of bike.,Active,260304,28547,,,,,,,,,,,,
2,"August 27, 2026",08/27/2026 at 2:07 AM,08/27/2026 at 2:00 AM,2026,Property Destruction,Property Destruction,Sigma Phi Epsilon,Sigma Phi Epsilon,"Sigma Phi Epsilon, Washington University in St. Louis, MO",Complainant reports damage to window.,Referred to Judicial,260300,28545,,,,,,,,,,,,
2,"August 26, 2026",08/27/2026 at 10:31 AM,08/26/2026 at 11:26 AM,2026,Auto Accident Leave The Scene,Auto Accident Leave The Scene,DUC Garage,DUC Garage,"Danforth University Center Garage, Washington University in St. Louis, MO",Complainant reports leaving the scene of an auto accident.,Active,360301,28557,,,,,,,,,,,,
2,"August 25, 2026",08/25/2026 at 5:38 PM,08/25/2026 at 5:38 PM,2026,Trespass,Trespassing,South Campus,South Campus,"6501 Clayton Rd, Clayton, MO 63117",Subject with no WASHU affiliation located on campus.,Exceptional Clearance,260295,28520,,,,,,,,,,,,
2,"August 22, 2026",08/22/2026 at 12:31 AM,08/22/2026 at 12:31 AM,2026,Trespass,Trespassing,Fontbonne,Fontbonne,"6800 Wydown Blvd, St. Louis, MO 63105",Subject with no WASHU affiliation located on WASHU property.,Exceptional Clearance,260290,28518,,,,,,,,,,,,
2,"August 21, 2026",08/21/2026 at 12:05 PM,08/21/2026 at 12:05 PM,2026,Larceny,Larceny,Pershing Ave,Pershing Ave,"Pershing Ave, St. Louis, MO",Assisted SLMPD with a larceny.,Referred to SLMPD,26-08-21-032686,28499,,,,,,,,,,,,
2,"August 20, 2026",08/20/2026 at 12:03 PM,08/20/2026 at 12:03 AM,2026,Fraud,Fraud,University City,University City,"University City, MO",Assisted UCPD with a fraud.,Referred to UCPD,26-08-20-032492,28497,,,,,,,,,,,,
2,"August 19, 2026",08/19/2026 at 11:45 PM,08/19/2026 at 11:45 PM,2026,Larceny,Larceny,Concourse Dr,Concourse Dr,"Concourse Dr, St. Louis, MO",Assisted SLMPD with a larceny.,Referred to SLMPD,26-08-19-032396,28475,,,,,,,,,,,,
2,"August 19, 2026",08/21/2026 at 6:19 PM,08/19/2026 at 12:00 AM,2026,Harassment,Harassment,Eliot House,Eliot House,"Eliot House, Washington University in St. Louis, MO",Complainant reports concerning communication.,Active,26-08-21-032728,28501,,,,,,,,,,,,
2,"August 18, 2026",08/18/2026 at 12:12 PM,08/18/2026 at 12:12 PM,2026,Larceny,Larceny,Skinker Blvd,Skinker Blvd,"Skinker Blvd, St. Louis, MO",Assisted SLMPD with a larceny.,Referred to SLMPD,26-08-18-032177,28473,,,,,,,,,,,,
3,"August 16, 2026",08/17/2026 at 9:12 AM,08/16/2026 at 6:00 PM,2026,Larceny,Larceny,Sumers Rec,Sumers Rec Center,"Sumers Rec Center, Washington University in St. Louis, MO",Complainant reports theft of watch.,Pending,260281,28468,,,,,,,,,,,,
3,"August 16, 2026",08/17/2026 at 1:42 AM,08/16/2026 at 8:05 AM,2026,Vandalism,Vandalism,Fontbonne,Fontbonne,"6800 Wydown Blvd, St. Louis, MO 63105",Complainant reports graffiti.,Pending,260280,28466,,,,,,,,,,,,
3,"August 16, 2026",08/16/2026 at 1:39 AM,08/16/2026 at 1:39 AM,2026,Trespass,Trespassing,Delmar Blvd,Delmar Blvd,"Delmar Blvd, St. Louis, MO",Subject with no WASHU affiliation located on WASHU property.,Exceptional Clearance,260278,28516,,,,,,,,,,,,
3,"August 11, 2026",08/11/2026 at 1:24 PM,08/11/2026 at 1:24 PM,2026,Auto Accident – Leave The Scene,Auto Accident – Leave The Scene,Forest Park Pkwy,Forest Park Pkwy,"Forest Park Pkwy, St. Louis, MO",Assisted SLMPD with leaving the scene of an auto accident.,Referred to SLMPD,26-08-11-031069,28453,,,,,,,,,,,,
3,"August 9, 2026",08/09/2026 at 2:11 PM,08/09/2026 at 2:11 PM,2026,Trespass,Trespassing,Danforth Campus,Danforth Campus,"6475 Forsyth Blvd, St. Louis, MO 63105",Subject with no WASHU affiliation located on campus.,Exceptional Clearance,260268,28514,,,,,,,,,,,,
3,"August 7, 2026",08/11/2026 at 8:04 AM,08/07/2026 at 5:00 PM,2026,Motor Vehicle Theft,Stolen Vehicle,Simon Hall,Simon Hall,"Simon Hall, Washington University in St. Louis, MO",Complainant reports theft of golf cart.,Property Recovered,260272,28451,,,,,,,,,,,,
3,"August 2, 2026",08/02/2026 at 1:23 PM,08/02/2026 at 1:23 PM,2026,Trespass,Trespassing,Fontbonne University,Fontbonne,"6800 Wydown Blvd, St. Louis, MO 63105",Subject with no WASHU affiliation located on campus.,Exceptional Clearance,260266,28429,,,,,,,,,,,,
3,"July 28, 2026",07/28/2026 at 9:42 PM,07/28/2026 at 9:42 PM,2026,Trespass,Trespassing,Bauer Hall,Bauer Hall,"Bauer Hall, Washington University in St. Louis, MO",Subject with no WASHU affiliation located on campus.,Exceptional Clearance,260259,28424,,,,,,,,,,,,
3,"July 27, 2026",07/29/2026 at 7:04 AM,07/27/2026 at 3:27 PM,2026,Simple Assault,Assault,Eliot B House,Eliot B House,"Eliot B House, Washington University in St. Louis, MO",Disturbance resulted in assault.,Active,260261,28426,,,,,,,,,,,,
3,"July 23, 2026",07/23/2026 at 4:52 PM,07/23/2026 at 3:43 PM,2026,Larceny,Larceny,Mallinckrodt Center,Mallinckrodt Center,"Mallinckrodt Center, Washington University in St. Louis, MO",Complainant reports theft of money.,Active,260253,28418,,,,,,,,,,,,
4,"July 23, 2026",07/24/2026 at 3:54 PM,07/23/2026 at 9:30 AM,2026,Harassment,Harassment,Jubel Hall,Jubel Hall,"Jubel Hall, Washington University in St. Louis, MO",Complainant reports concerning communication.,Active,260256,28413,,,,,,,,,,,,
4,"July 22, 2026",07/22/2026 at 9:13 AM,07/22/2026 at 9:13 AM,2026,Burglary,Burglary,Waterman Blvd,Waterman Blvd,"Waterman Blvd, St. Louis, MO",Assisted SLMPD with a burglary.,Referred to SLMPD,26-07-22-028461,28407,,,,,,,,,,,,
4,"July 20, 2026",07/20/2026 at 7:18 PM,07/20/2026 at 7:18 AM,2026,Burglary,Burglary,Waterman Blvd,Waterman Blvd,"Waterman Blvd, St. Louis, MO",Assisted SLMPD with a burglary.,Referred to SLMPD,26-07-20-028150,28405,,,,,,,,,,,,
4,"July 17, 2026",07/17/2026 at 9:29 PM,07/17/2026 at 9:29 PM,2026,Auto Accident – Leave The Scene,Auto Accident – Leave The Scene,Big Bend Blvd,Big Bend Blvd,"Big Bend Blvd, St. Louis, MO",Assisted UCPD with leaving the scene of an auto accident.,Referred to UCPD,26-07-17-027903,28399,,,,,,,,,,,,
4,"July 17, 2026",07/22/2026 at 10:28 AM,07/17/2026 at 9:00 AM,2026,Larceny,Larceny,Bauer Hall,Bauer Hall,"Bauer Hall, Washington University in St. Louis, MO",Complainant reports theft of bike.,Active,260251,28402,,,,,,,,,,,,
4,"July 15, 2026",07/15/2026 at 11:31 PM,07/15/2026 at 9:56 PM,2026,Trespass,Trespassing,DUC,Danforth University Center,"Danforth University Center, Washington University in St. Louis, MO",Subject with no WASHU affiliation located on campus.,Cleared By Arrest,260246,28361,,,,,,,,,,,,
4,"July 14, 2026",07/14/2026 at 3:52 PM,07/14/2026 at 3:52 PM,2026,Trespass,Trespassing,DUC,Danforth University Center,"Danforth University Center, Washington University in St. Louis, MO",Subject with no WASHU affiliation located on campus.,Cleared By Arrest,260244,28359,,,,,,,,,,,,
4,"July 13, 2026",07/13/2026 at 7:47 PM,07/13/2026 at 7:16 PM,2026,Trespass,Trespassing,DUC,Danforth University Center,"Danforth University Center, Washington University in St. Louis, MO",Subject with no WASHU affiliation located on campus.,Exceptional Clearance,260243,28357,,,,,,,,,,,,
4,"July 9, 2026",07/13/2026 at 7:18 PM,07/09/2026 at 10:00 AM,2026,Larceny,Larceny,Whitaker Hall,Whitaker Hall,"Whitaker Hall, Washington University in St. Louis, MO",Complainant reports theft of bike.,Active,260242,28354,,,,,,,,,,,,
4,"July 7, 2026",07/07/2026 at 7:16 PM,07/07/2026 at 7:16 PM,2026,Larceny,Larceny,Washington Ave,Washington Ave,"Washington Ave, St. Louis, MO",Assisted UCPD with a larceny,Referred to UCPD,26-07-07-026540,28345,,,,,,,,,,,,
5,"July 5, 2026",07/05/2026 at 10:55 PM,07/05/2026 at 8:52 PM,2026,Trespass,Trespassing,DUC,Danforth University Center,"Danforth University Center, Washington University in St. Louis, MO",Subject with no WASHU affiliation located on campus.,Cleared By Arrest,260239,28338,,,,,,,,,,,,
5,"June 29, 2026",06/29/2026 at 12:28 AM,06/29/2026 at 12:28 AM,2026,Larceny,Larceny,Lofts,Lofts,"Lofts, Washington University in St. Louis, MO",Assisted UCPD with a larceny.,Referred to UCPD,26-06-29-025489,28331,,,,,,,,,,,,
5,"June 25, 2026",06/25/2026 at 4:00 PM,06/25/2026 at 1:00 PM,2026,Motor Vehicle Theft,Stolen Vehicle,Eads Hall,Eads Hall,"Eads Hall, Washington University in St. Louis, MO",Complainant reports theft of an electric bike.,Cleared By Arrest,260234,28327,,,,,,,,,,,,
5,"June 23, 2026",06/23/2026 at 11:42 PM,06/23/2026 at 11:42 PM,2026,Trespass,Trespassing,DUC,Danforth University Center,"Danforth University Center, Washington University in St. Louis, MO",Subject with no WASHU affiliation located on campus.,Cleared By Arrest,260233,28319,,,,,,,,,,,,
5,"June 19, 2026",06/19/2026 at 11:55 PM,06/19/2026 at 11:55 PM,2026,Trespass,Trespassing,DUC,Danforth University Center,"Danforth University Center, Washington University in St. Louis, MO",Subject with no WASHU affiliation located on campus.,Cleared By Arrest,260232,28307,,,,,,,,,,,,
5,"June 19, 2026",06/19/2026 at 10:40 AM,06/19/2026 at 10:30 AM,2026,Trespass,Trespassing,Wrighton Hall,Wrighton Hall,"Wrighton Hall, Washington University in St. Louis, MO",Subject with no WASHU affiliation located on campus.,Exceptional Clearance,260231,28305,,,,,,,,,,,,
5,"June 17, 2026",06/17/2026 at 9:36 PM,06/17/2026 at 7:30 PM,2026,Motor Vehicle Theft,Stolen Vehicle,Rudolph Hall,Rudolph Hall,"Rudolph Hall, Washington University in St. Louis, MO",Complainant reports theft of electric scooter.,Active,260229,28294,,,,,,,,,,,,
5,"June 17, 2026",06/17/2026 at 12:03 AM,06/17/2026 at 11:58 AM,2026,Larceny,Larceny,Sumers Rec,Sumers Rec Center,"Sumers Rec Center, Washington University in St. Louis, MO",Complainant reports theft of bikes.,Active,260228,28292,,,,,,,,,,,,
5,"June 17, 2026",06/18/2026 at 12:16 PM,06/17/2026 at 9:00 AM,2026,Larceny,Larceny,Danforth House,Danforth House,"Danforth House, Washington University in St. Louis, MO",Complainant reports theft of medicine.,Active,260230,28303,,,,,,,,,,,,
5,"June 12, 2026",06/12/2026 at 3:21 PM,06/12/2026 at 2:08 PM,2026,Motor Vehicle Theft,Stolen Vehicle,Sumers Rec,Sumers Rec Center,"Sumers Rec Center, Washington University in St. Louis, MO",Complainant reports theft of electric scooter.,Exceptional Clearance,260226,28173,,,,,,,,,,,,
6,"June 12, 2026",06/12/2026 at 1:46 PM,06/12/2026 at 1:46 PM,2026,Motor Vehicle Theft,Stolen Vehicle,Whitaker Hall,Whitaker Hall,"Whitaker Hall, Washington University in St. Louis, MO",Complainant reports theft of electric scooter.,Active,260225,28171,,,,,,,,,,,,
6,"June 12, 2026",06/12/2026 at 11:41 AM,06/12/2026 at 11:41 AM,2026,Trespass,Trespassing,DUC,Danforth University Center,"Danforth University Center, Washington University in St. Louis, MO","Subject with no WASHU affiliation located on campus,",Cleared By Arrest,220224,28181,,,,,,,,,,,,
6,"June 12, 2026",06/12/2026 at 5:43 PM,06/12/2026 at 9:20 AM,2026,Larceny,Larceny,Lofts,Lofts,"Lofts, Washington University in St. Louis, MO",Assisted UCPD with a larceny.,Referred to UCPD,26-06-12-023234,28203,,,,,,,,,,,,
6,"June 11, 2026",06/11/2026 at 8:32 PM,06/11/2026 at 2:00 PM,2026,Larceny,Larceny,Lofts,Lofts,"Lofts, Washington University in St. Louis, MO",Assisted UCPD with larceny.,Referred to UCPD,26-06-11-023127,28177,,,,,,,,,,,,
6,"June 8, 2026",06/08/2026 at 3:08 AM,06/08/2026 at 3:08 AM,2026,Trespass,Trespassing,DUC,Danforth University Center,"Danforth University Center, Washington University in St. Louis, MO",Subject with no WASHU affiliation located on campus.,Cleared By Arrest,260220,28151,,,,,,,,,,,,
6,"June 8, 2026",06/08/2026 at 3:08 AM,06/08/2026 at 3:08 AM,2026,Trespass,Trespassing,DUC,Danforth University Center,"Danforth University Center, Washington University in St. Louis, MO",Subject with no WASHU affiliation located on campus.,Cleared By Arrest,260220,28163,,,,,,,,,,,,
6,"June 6, 2026",06/06/2026 at 9:54 PM,06/06/2026 at 9:43 PM,2026,Trespass,Trespassing,Brauer Hall,Brauer Hall,"Brauer Hall, Washington University in St. Louis, MO",Subject with no WASHU affiliation located on campus.,Cleared By Arrest,260219,28149,,,,,,,,,,,,
6,"June 5, 2026",06/05/2026 at 9:59 AM,06/05/2026 at 1:21 AM,2026,Larceny,Larceny,Lofts,Lofts,"Lofts, Washington University in St. Louis, MO",Assisted UCPD with a larceny.,Referred to UCPD,26-06-05-022345,28157,,,,,,,,,,,,
6,"June 5, 2026",06/05/2026 at 7:54 AM,06/05/2026 at 1:14 AM,2026,Property Destruction,Property Destruction,DUC Garage,DUC Garage,"Danforth University Center Garage, Washington University in St. Louis, MO",Complainant reports damage to gate arm.,Active,260218,28147,,,,,,,,,,,,
6,"June 5, 2026",06/05/2026 at 4:14 PM,06/05/2026 at 1:10 AM,2026,Larceny,Larceny,Lofts,Lofts,"Lofts, Washington University in St. Louis, MO",Assisted SLMPD with a larceny.,Referred to SLMPD,26-06-05-022384,28161,,,,,,,,,,,,
7,"June 4, 2026",06/04/2026 at 8:59 AM,06/04/2026 at 6:00 AM,2026,Trespass,Trespassing,January Hall,January Hall,"January Hall, Washington University in St. Louis, MO",Subject with no WASHU affiliation located on campus.,Active,260217,28145,,,,,,,,,,,,
7,"June 2, 2026",06/02/2026 at 7:50 PM,06/02/2026 at 7:50 PM,2026,Larceny,Larceny,Lofts,Lofts,"Lofts, Washington University in St. Louis, MO",Assisted UCPD with a larceny.,Referred to UCPD,26-06-02-022034,28159,,,,,,,,,,,,
7,"June 1, 2026",09/02/2026 at 3:49 PM,06/01/2026 at 12:00 AM,2026,Harassment,Harassment,AB Law,Anheuser-Busch Hall,"Anheuser-Busch Hall (Law School), Washington University in St. Louis, MO",Complainant reports concerning communication.,Pending,260314,28574,,,,,,,,,,,,
7,"May 31, 2026",06/04/2026 at 12:20 AM,05/31/2026 at 12:20 AM,2026,Harassment,Harassment,Eliot House,Eliot House,"Eliot House, Washington University in St. Louis, MO",Complainant reports concerning communication.,Active,260215,28143,,,,,,,,,,,,
7,"May 24, 2026",05/24/2026 at 2:55 AM,05/24/2026 at 2:42 AM,2026,Larceny,Larceny,Sumers Rec,Sumers Rec Center,"Sumers Rec Center, Washington University in St. Louis, MO",Complainant reports theft of bags.,Active,260210,28101,,,,,,,,,,,,
7,"May 21, 2026",05/21/2026 at 1:42 PM,05/21/2026 at 11:44 AM,2026,Motor Vehicle Theft,Stolen Vehicle,Green Hall,Green Hall,"Green Hall, Washington University in St. Louis, MO",Complainant reports theft of electric scooter.,Closed,260208,28103,,,,,,,,,,,,
7,"May 18, 2026",05/18/2026 at 8:58 AM,05/18/2026 at 8:58 AM,2026,Larceny,Larceny,Shanedling Hall,Shanedling Dorm,"Shanedling Hall, Washington University in St. Louis, MO",Complainant reports theft of bike.,Active,260204,28077,,,,,,,,,,,,
7,"May 17, 2026",05/18/2026 at 1:48 PM,05/17/2026 at 10:00 PM,2026,Larceny,Larceny,Forsyth Blvd,Forsyth Blvd,"Forsyth Blvd, St. Louis, MO",Assisted other jurisdiction with a larceny.,Referred to Other Jurisdiction,26-05-18-020333,28064,,,,,,,,,,,,
7,"May 11, 2026",05/11/2026 at 6:25 PM,05/11/2026 at 4:04 PM,2026,Larceny,Larceny,Jubel Hall,Jubel Hall,"Jubel Hall, Washington University in St. Louis, MO",Complainant reports theft of bike.,Active,260199,28017,,,,,,,,,,,,
7,"May 10, 2026",05/10/2026 at 10:44 PM,05/10/2026 at 10:30 PM,2026,Trespass,Trespassing,Danforth Campus,Danforth Campus,"6475 Forsyth Blvd, St. Louis, MO 63105",Subjects with no WASHU affiliation located on campus.,Exceptional Clearance,260198,28011,,,,,,,,,,,,
8,"May 8, 2026",05/09/2026 at 9:50 PM,05/08/2026 at 12:00 AM,2026,Larceny,Larceny,Delmar Blvd,Delmar Blvd,"Delmar Blvd, St. Louis, MO",Assisted SLMPD with a larceny.,Referred to SLMPD,26-05-09-019390,28013,,,,,,,,,,,,
8,"May 6, 2026",05/06/2026 at 3:51 PM,05/06/2026 at 3:53 PM,2026,Trespass,Trespassing,South Campus,South Campus,"6501 Clayton Rd, Clayton, MO 63117",Subject with no WASHU affiliation located on campus.,Exceptional Clearance,260194,27908,,,,,,,,,,,,
8,"May 4, 2026",05/04/2026 at 10:39 AM,05/04/2026 at 10:39 AM,2026,Larceny,Larceny,Hillman Hall,Hillman Hall,"Hillman Hall, Washington University in St. Louis, MO",Complainant reports theft of bike.,Active,260191,27889,,,,,,,,,,,,
8,"May 2, 2026",05/04/2026 at 8:21 PM,05/02/2026 at 3:34 PM,2026,Larceny,Larceny,Greenway Apts,Greenway Apts,"Greenway Apts, Washington University in St. Louis, MO",Complainant reports theft of bike.,Active,260192,27891,,,,,,,,,,,,
8,"May 2, 2026",05/03/2026 at 8:12 PM,05/02/2026 at 7:00 AM,2026,Larceny,Larceny,Bears Den,Bears Den,"Bears Den (Danforth University Center), Washington University in St. Louis, MO",Complainant reports theft of technology.,Inactive,260190,27886,,,,,,,,,,,,
8,"May 1, 2026",06/03/2026 at 4:26 PM,05/01/2026 at 12:00 PM,2026,Larceny,Larceny,Dauten Hall,Dauten Dorm,"Dauten Hall, Washington University in St. Louis, MO",Complainant reports theft of headphones.,Active,260214,28155,,,,,,,,,,,,
8,"April 29, 2026",04/29/2026 at 3:30 PM,04/29/2026 at 2:04 PM,2026,Criminal Sexual Contact,Criminal Sexual Contact,Lien Hall,Lien Hall,"Lien Hall, Washington University in St. Louis, MO",Complainant reports nonconsensual touch.,Pending,260203,28627,,,,,,,,,,,,
8,"April 27, 2026",04/30/2026 at 7:06 PM,04/27/2026 at 6:30 PM,2026,Larceny,Larceny,South Campus,South Campus,"6501 Clayton Rd, Clayton, MO 63117",Complainant reports theft of food.,Active,260188,27880,,,,,,,,,,,,
8,"April 25, 2026",04/25/2026 at 10:49 AM,04/25/2026 at 9:50 AM,2026,Weapons Violation,Weapons Violation,Bears Den,Bears Den,"Bears Den (Danforth University Center), Washington University in St. Louis, MO",Subject located in possession of weapons.,Cleared By Arrest,260177,27858,,,,,,,,,,,,
8,"April 24, 2026",04/24/2026 at 9:42 AM,04/24/2026 at 9:42 AM,2026,Stalking,Stalking,Danforth Campus,Danforth Campus,"6475 Forsyth Blvd, St. Louis, MO 63105",Complainant reports concerning communication.,Active,260173,27856,,,,,,,,,,,,
9,"April 21, 2026",04/21/2026 at 2:10 PM,04/21/2026 at 2:05 PM,2026,Larceny,Larceny,Forsyth Blvd,Forsyth Blvd,"Forsyth Blvd, St. Louis, MO",Assisted CPD with a larceny.,Referred to CPD,26-04-21-016791,27849,,,,,,,,,,,,
9,"April 20, 2026",04/22/2026 at 3:03 PM,04/20/2026 at 11:00 AM,2026,Harassment,Harassment,Danforth Campus,Danforth Campus,"6475 Forsyth Blvd, St. Louis, MO 63105",Complainant reports concerning communication.,Active,260172,27854,,,,,,,,,,,,
9,"April 18, 2026",04/18/2026 at 10:13 PM,04/18/2026 at 6:00 PM,2026,Motor Vehicle Theft,Stolen Vehicle,Givens Hall,Givens Hall,"Givens Hall, Washington University in St. Louis, MO",Complainant reports theft of electric scooter.,Active,260162,27818,,,,,,,,,,,,
9,"April 18, 2026",04/18/2026 at 10:13 PM,04/18/2026 at 6:00 PM,2026,Larceny,Larceny,Givens Hall,Givens Hall,"Givens Hall, Washington University in St. Louis, MO",Complainant reports theft of bike.,Active,260162,27820,,,,,,,,,,,,
9,"April 15, 2026",04/15/2026 at 12:28 PM,04/15/2026 at 12:23 PM,2026,Aggravated Assault,Aggravated Assault,Skinker Blvd,Skinker Blvd,"Skinker Blvd, St. Louis, MO",Assisted SLMPD with an aggravated assault.,Referred to SLMPD,26-04-15-015852,27815,,,,,,,,,,,,
9,"April 13, 2026",04/14/2026 at 8:42 AM,04/13/2026 at 11:06 AM,2026,Larceny,Larceny,Ursa's Fireside,Ursa's Fireside,"Ursa's Fireside, Washington University in St. Louis, MO",Complainant reports theft of consumable goods.,Active,260155,27813,,,,,,,,,,,,
9,"April 12, 2026",04/12/2026 at 12:09 PM,04/12/2026 at 12:09 PM,2026,Auto Accident – Leave The Scene,Auto Accident – Leave The Scene,Shepley Garage,Shepley Garage,"Shepley Garage, Washington University in St. Louis, MO",Complainant reports leaving the scene of an auto accident.,Active,26-04-12-015429,27811,,,,,,,,,,,,
9,"April 10, 2026",04/10/2026 at 7:44 PM,04/10/2026 at 6:30 PM,2026,Trespass,Trespassing,Hillman Hall,Hillman Hall,"Hillman Hall, Washington University in St. Louis, MO",Subject with no WASHU affiliation located on campus.,Cleared By Arrest,260149,27805,,,,,,,,,,,,
9,"April 2, 2026",04/01/2026 at 12:00 AM,04/02/2026 at 9:55 AM,2026,Larceny,Larceny,Schnucks Pavilion,Schnuck Pavilion,"Schnucks Pavilion, Washington University in St. Louis, MO",Complainant reports theft of computer equipment.,Active,260138,27789,,,,,,,,,,,,
9,"March 30, 2026",03/30/2026 at 7:27 PM,03/30/2026 at 7:39 AM,2026,Auto Accident – Leave The Scene,Auto Accident – Leave The Scene,West Campus,West Campus,"7425 Forsyth Blvd Basement, St. Louis, MO 63130",Assisted with a leaving the scene auto accident.,Referred to CPD,26-03-30-013347,27772,,,,,,,,,,,,
10,"March 30, 2026",05/27/2026 at 5:16 PM,03/30/2026 at 12:00 AM,2026,Larceny,Larceny,Koenig House,Koenig Dorm,"Koenig House, Washington University in St. Louis, MO",Complainant reports theft of bike.,Inactive,260212,28112,,,,,,,,,,,,
10,"March 29, 2026",03/29/2026 at 6:33 PM,03/29/2026 at 6:33 PM,2026,Accident – Leave The Scene,Accident – Leave The Scene,Shepley Drive,Shepley Drive,"Shepley Drive, Washington University in St. Louis, MO",Assisted CPD with leaving the scene of an auto accident.,Referred to CPD,26-03-29-013174,27768,,,,,,,,,,,,
10,"March 25, 2026",03/26/2026 at 12:17 AM,03/25/2026 at 6:30 PM,2026,Larceny,Larceny,Danforth Campus,Danforth Campus,"6475 Forsyth Blvd, St. Louis, MO 63105",Complainant reports theft of headphones.,Unfounded,260123,27762,,,,,,,,,,,,
10,"March 25, 2026",03/26/2026 at 2:53 PM,03/25/2026 at 5:00 PM,2026,Larceny,Larceny,Olin Library,Olin Library,"1 Brookings Dr, St. Louis, MO 63130",Complainant reports theft of bike.,Inactive,260126,27764,,,,,,,,,,,,
10,"March 24, 2026",03/24/2026 at 9:09 PM,03/24/2026 at 10:00 AM,2026,Larceny,Larceny,Frat House 8,Fraternity Row,"Fraternity Way, St. Louis, MO 63105",Complainant reports theft of music equipment.,Active,260121,27747,,,,,,,,,,,,
10,"March 23, 2026",03/23/2026 at 7:39 PM,03/23/2026 at 7:39 PM,2026,Larceny,Larceny,Kingsland Ave,Kingsland Ave,"Kingsland Ave, St. Louis, MO",Assisted UCPD with a larceny.,Referred to UCPD,26-03-23-012146,27749,,,,,,,,,,,,
10,"March 23, 2026",03/23/2026 at 9:31 AM,03/23/2026 at 11:14 AM,2026,Trespass,Trespassing,DUC,Danforth University Center,"Danforth University Center, Washington University in St. Louis, MO",Subject with no WASHU affiliation located on campus.,Exceptional Clearance,260114,27743,,,,,,,,,,,,
10,"March 21, 2026",03/21/2026 at 10:40 PM,03/21/2026 at 9:20 PM,2026,Motor Vehicle Theft,Stolen Vehicle,Dauten Dorm,Dauten Dorm,"Dauten Hall, Washington University in St. Louis, MO",Complainant reports theft of electric scooter.,Unfounded,260112,27721,,,,,,,,,,,,
10,"March 20, 2026",03/20/2026 at 4:02 PM,03/20/2026 at 4:02 PM,2026,Harassment,Harassment,Kemper Art Museum,Mildred Lane Kemper Art,"Kemper Art Museum, Washington University in St. Louis, MO",Complainant reports concerning communication.,Closed,26-03-20-011648,27741,,,,,,,,,,,,
10,"March 18, 2026",03/18/2026 at 9:50 PM,03/18/2026 at 9:50 PM,2026,Trespass,Trespassing,DUC,Danforth University Center,"Danforth University Center, Washington University in St. Louis, MO",Subject with no WASHU affiliation located on campus.,Cleared By Arrest,260106,27715,,,,,,,,,,,,
11,"March 16, 2026",03/16/2026 at 9:36 PM,03/16/2026 at 7:30 PM,2026,Larceny,Larceny,Sumers Rec,Sumers Rec Center,"Sumers Rec Center, Washington University in St. Louis, MO",Complainant reports theft of clothing.,Closed,260105,27708,,,,,,,,,,,,
11,"March 13, 2026",03/13/2026 at 2:21 PM,03/13/2026 at 2:21 PM,2026,Larceny,Larceny,McMillen Lab,McMillen Lab,"McMillen Lab, Washington University in St. Louis, MO",Complainant reports theft of documents.,Active,26-03-13-010685,27711,,,,,,,,,,,,
11,"March 12, 2026",03/13/2026 at 9:28 PM,03/12/2026 at 10:30 PM,2026,Trespass,Trespassing,DUC,Danforth University Center,"Danforth University Center, Washington University in St. Louis, MO",Subject with no WASHU affiliation located on campus.,Exceptional Clearance,260102,27678,,,,,,,,,,,,
11,"March 11, 2026",03/30/2026 at 12:35 AM,03/11/2026 at 10:30 PM,2026,Harassment,Harassment,North Campus,North Campus,"700 Rosedale Ave, St. Louis, MO 63112","Complainant reports concerning communication,",Active,260131,27770,,,,,,,,,,,,
11,"March 11, 2026",03/11/2026 at 5:04 PM,03/11/2026 at 5:04 PM,2026,Harassment,Harassment,McPherson Ave,McPherson Ave,"McPherson Ave, St. Louis, MO",Assisted SLMPD with a harassment.,Referred to SLMPD,26-03-11-010399,27660,,,,,,,,,,,,
11,"March 11, 2026",03/11/2026 at 12:30 PM,03/11/2026 at 12:30 PM,2026,Trespass,Trespassing,Bears Den,Bears Den,"Bears Den (Danforth University Center), Washington University in St. Louis, MO",Subject with no WASHU affiliation located on campus.,Cleared By Arrest,260101,27672,,,,,,,,,,,,
11,"March 10, 2026",03/10/2026 at 9:07 AM,03/10/2026 at 9:07 AM,2026,Larceny,Larceny,Rebstock Hall,Rebstock Hall,"Rebstock Hall, Washington University in St. Louis, MO",Complainant reports theft of purse.,Active,26-03-10-010223,27657,,,,,,,,,,,,
11,"March 9, 2026",03/09/2026 at 11:27 AM,03/09/2026 at 11:27 AM,2026,Larceny,Larceny,McPherson Ave,McPherson Ave,"McPherson Ave, St. Louis, MO",Assist SLMPD with a larceny.,Referred to SLMPD,26-03-09-010104,27655,,,,,,,,,,,,
11,"March 9, 2026",03/09/2026 at 3:01 AM,03/09/2026 at 3:01 AM,2026,Trespass,Trespassing,Kingsland Ave,Kingsland Ave,"Kingsland Ave, St. Louis, MO",Assisted UCPD with a trespass.,Referred to UCPD,26-03-09-010038,27775,,,,,,,,,,,,
11,"March 7, 2026",03/18/2026 at 12:55 PM,03/07/2026 at 2:25 PM,2026,Fraud,Fraud,Kingshighway Blvd,Kingshighway Blvd,"Kingshighway Blvd, St. Louis, MO",Assisted SLMPD with a fraud.,Referred to SLMPD,260109,27717,,,,,,,,,,,,
12,"March 5, 2026",03/05/2026 at 8:55 PM,03/05/2026 at 8:40 PM,2026,Larceny,Larceny,Bears Den,Bears Den,"Bears Den (Danforth University Center), Washington University in St. Louis, MO",Complainant reports theft of food.,Referred to Judicial,260098,27642,,,,,,,,,,,,
12,"March 5, 2026",03/05/2026 at 4:41 PM,03/05/2026 at 3:10 PM,2026,Larceny,Larceny,DUC,Danforth University Center,"Danforth University Center, Washington University in St. Louis, MO",Complainant reports theft of food.,Inactive,26-03-05-009537,27646,,,,,,,,,,,,
12,"March 5, 2026",03/05/2026 at 1:43 PM,03/05/2026 at 1:20 PM,2026,Larceny,Larceny,Bears Den,Bears Den,"Bears Den (Danforth University Center), Washington University in St. Louis, MO",Complainant reports theft of food.,Referred to Judicial,260096,27640,,,,,,,,,,,,
12,"March 5, 2026",03/05/2026 at 11:17 AM,03/05/2026 at 11:17 AM,2026,Auto Accident – Leave The Scene,Auto Accident – Leave The Scene,DUC,Danforth University Center,"Danforth University Center, Washington University in St. Louis, MO",Complainant reports vehicle damage from car accident.,Active,26-03-05-009491,27648,,,,,,,,,,,,
12,"March 3, 2026",03/03/2026 at 10:43 PM,03/03/2026 at 10:43 PM,2026,Property Destruction,Property Destruction,Hillman Hall,Hillman Hall,"Hillman Hall, Washington University in St. Louis, MO",Complainant reports damage to stairs.,Cleared By Arrest,260095,27638,,,,,,,,,,,,
12,"February 28, 2026",02/28/2026 at 7:50 PM,02/28/2026 at 7:30 PM,2026,Trespass,Trespassing,Graham Chapel,Graham Chapel,"Graham Chapel, Washington University in St. Louis, MO",Subject with no WASHU affiliation located on campus.,Cleared By Arrest,260094,27614,,,,,,,,,,,,
12,"February 28, 2026",02/28/2026 at 7:01 PM,02/28/2026 at 7:01 PM,2026,Larceny,Larceny,DUC,Danforth University Center,"Danforth University Center, Washington University in St. Louis, MO",Complainant reports theft of computer equipment.,Cleared By Arrest,260093,27609,,,,,,,,,,,,
12,"February 28, 2026",02/28/2026 at 5:23 PM,02/28/2026 at 4:35 PM,2026,Larceny,Larceny,Hillman Hall,Hillman Hall,"Hillman Hall, Washington University in St. Louis, MO",Complainant reports theft of bike.,Active,260092,27607,,,,,,,,,,,,
12,"February 27, 2026",02/27/2026 at 8:56 AM,02/27/2026 at 8:56 AM,2026,Trespass,Trespassing,Delmar Blvd,Delmar Blvd,"Delmar Blvd, St. Louis, MO",Assisted SLMPD with a trespass.,Referred to SLMPD,26-02-27-008393,27605,,,,,,,,,,,,
12,"February 25, 2026",02/25/2026 at 10:41 PM,02/25/2026 at 10:41 PM,2026,Larceny,Larceny,Olin Library,Olin Library,"1 Brookings Dr, St. Louis, MO 63130",Complainant reports theft of money.,Inactive,260088,27611,,,,,,,,,,,,
13,"February 25, 2026",02/26/2026 at 1:13 PM,02/25/2026 at 4:10 PM,2026,Auto Accident – Leave The Scene,Auto Accident – Leave The Scene,West Campus,West Campus,"7425 Forsyth Blvd Basement, St. Louis, MO 63130",Assisted UCPD with a leaving the scene auto accident.,Referred to UCPD,26-02-26-008261,27603,,,,,,,,,,,,
13,"February 24, 2026",02/24/2026 at 4:08 PM,02/24/2026 at 4:08 PM,2026,Trespass,Trespassing,Walker Hall,Walker Hall,"Walker Hall, Washington University in St. Louis, MO",Subject with no WASHU affiliation located on campus.,Exceptional Clearance,260083,27597,,,,,,,,,,,,
13,"February 24, 2026",02/24/2026 at 9:08 AM,02/24/2026 at 9:08 AM,2026,Terrorist Threat,Terrorist Threat,Danforth Campus,Danforth Campus,"6475 Forsyth Blvd, St. Louis, MO 63105",Complainant reports armed individual.,Active,260082,27595,,,,,,,,,,,,
13,"February 24, 2026",02/24/2026 at 3:17 AM,02/24/2026 at 3:17 AM,2026,Trespass,Trespassing,West Campus,West Campus,"7425 Forsyth Blvd Basement, St. Louis, MO 63130",Subject with no WASHU affiliation located on campus.,Exceptional Clearance,260081,27601,,,,,,,,,,,,
13,"February 21, 2026",02/21/2026 at 1:14 PM,02/21/2026 at 11:14 AM,2026,Larceny,Larceny,Olin Library,Olin Library,"1 Brookings Dr, St. Louis, MO 63130",Complainant reports theft of tech equipment.,Inactive,270076,27558,,,,,,,,,,,,
13,"February 20, 2026",02/20/2026 at 9:17 PM,02/20/2026 at 9:17 PM,2026,Trespass,Trespassing,DUC,Danforth University Center,"Danforth University Center, Washington University in St. Louis, MO",Subject with no WASHU affiliation located on campus.,Cleared By Arrest,260074,27556,,,,,,,,,,,,
13,"February 19, 2026",02/19/2026 at 12:30 PM,02/19/2026 at 5:44 PM,2026,Larceny,Larceny,Delmar Blvd,Delmar Blvd,"Delmar Blvd, St. Louis, MO",Assisted SLMPD with a larceny.,Referred to SLMPD,26-02-19-007191,27599,,,,,,,,,,,,
13,"February 18, 2026",02/19/2026 at 12:46 AM,02/18/2026 at 9:54 PM,2026,Trespass,Trespassing,DUC,Danforth University Center,"Danforth University Center, Washington University in St. Louis, MO",Subject with no WASHU affiliation located on campus.,Cleared By Arrest,260069,27554,,,,,,,,,,,,
13,"February 18, 2026",02/18/2026 at 5:54 PM,02/18/2026 at 5:54 PM,2026,Property Destruction,Property Destruction,Pershing Ave,Pershing Ave,"Pershing Ave, St. Louis, MO",Assisted SLMPD with a property destruction.,Referred to SLMPD,26-02-18-007033,27547,,,,,,,,,,,,
13,"February 16, 2026",02/16/2026 at 9:04 PM,02/16/2026 at 9:04 PM,2026,Trespass,Trespassing,Danforth Campus,Danforth Campus,"6475 Forsyth Blvd, St. Louis, MO 63105",Subject with no WASHU affiliation located on campus.,Exceptional Clearance,260065,27545,,,,,,,,,,,,
14,"February 16, 2026",02/17/2026 at 10:05 AM,02/16/2026 at 4:00 PM,2026,Larceny,Larceny,Eliot House,Eliot House,"Eliot House, Washington University in St. Louis, MO",Complainant reports theft of bike.,Unfounded,260066,27552,,,,,,,,,,,,
14,"February 16, 2026",02/16/2026 at 9:17 AM,02/16/2026 at 9:17 AM,2026,Trespass,Trespassing,McKelvey Hall,McKelvey Hall,"McKelvey Hall, Washington University in St. Louis, MO",Subject with no WASHU affiliation located on campus.,Exceptional Clearance,260062,27617,,,,,,,,,,,,
14,"February 15, 2026",02/16/2026 at 10:37 AM,02/15/2026 at 10:00 AM,2026,Fraud,Fraud,Seigle Hall,Seigle Hall,"Seigle Hall, Washington University in St. Louis, MO",Complainant reports extortion through social media.,Inactive,260063,27543,,,,,,,,,,,,
14,"February 14, 2026",02/14/2026 at 6:06 PM,02/14/2026 at 6:06 PM,2026,Trespass,Trespassing,DUC,Danforth University Center,"Danforth University Center, Washington University in St. Louis, MO",Subject with no WASHU affiliation located on campus.,Cleared By Arrest,260058,27541,,,,,,,,,,,,
14,"February 14, 2026",02/14/2026 at 12:05 AM,02/14/2026 at 12:05 AM,2026,Larceny,Larceny,Bears Den,Bears Den,"Bears Den (Danforth University Center), Washington University in St. Louis, MO",Complainant reports theft of personal items.,Inactive,260055,27537,,,,,,,,,,,,
14,"February 13, 2026",02/13/2026 at 8:14 AM,02/13/2026 at 8:10 AM,2026,Trespass,Trespassing,DUC,Danforth University Center,"Danforth University Center, Washington University in St. Louis, MO",Subject with no WASHU affiliation located on campus.,Cleared By Arrest,260052,27534,,,,,,,,,,,,
14,"February 11, 2026",02/11/2026 at 9:46 PM,02/11/2026 at 9:46 PM,2026,Trespass,Trespassing,DUC,Danforth University Center,"Danforth University Center, Washington University in St. Louis, MO",Subject with no WASHU affiliation located on campus.,Cleared By Arrest,260051,27512,,,,,,,,,,,,
14,"February 10, 2026",02/11/2026 at 5:07 PM,02/10/2026 at 1:30 PM,2026,Larceny,Larceny,Lofts,Lofts,"Lofts, Washington University in St. Louis, MO",Assisted SLMPD with a larceny.,Referred to SLMPD,260050,27510,,,,,,,,,,,,
14,"February 9, 2026",05/02/2026 at 1:30 PM,02/09/2026 at 12:00 AM,2026,Larceny,Larceny,Mudd Dorm,Mudd Dorm,"Mudd Hall, Washington University in St. Louis, MO",Complainant reports theft of bike.,Active,260189,27882,,,,,,,,,,,,
14,"February 8, 2026",02/08/2026 at 2:31 AM,02/08/2026 at 2:00 PM,2026,Larceny,Larceny,Gregg House,Gregg,"Gregg House, Washington University in St. Louis, MO",Complainant reports theft of clothes.,Property Recovered; Closed,260046,27491,,,,,,,,,,,,
15,"February 7, 2026",02/07/2026 at 1:15 PM,02/07/2026 at 1:10 PM,2026,Trespass,Trespassing,DUC,Danforth University Center,"Danforth University Center, Washington University in St. Louis, MO",Subject with no WASHU affiliation located on campus.,Cleared,260044,27469,,,,,,,,,,,,
15,"February 6, 2026",02/06/2026 at 11:14 PM,02/06/2026 at 11:17 PM,2026,Fraud,Fraud,Debaliviere Pl,Debaliviere Pl,"Debaliviere Pl, St. Louis, MO",Assisted SLMPD with a fraud.,Referred to SLMPD,26-02-06-005188,27480,,,,,,,,,,,,
15,"February 5, 2026",02/05/2026 at 3:36 PM,02/05/2026 at 3:36 PM,2026,Sexual Assault,Sexual Assault,East End Garage,East End Garage,"East End Garage, Washington University in St. Louis, MO",Complainant reports non-consensual incident.,Inactive,260042,27466,,,,,,,,,,,,
15,"February 5, 2026",02/05/2026 at 10:51 AM,02/05/2026 at 10:51 AM,2026,Trespass,Trespassing,DUC,Danforth University Center,"Danforth University Center, Washington University in St. Louis, MO",Subject with no WASHU affiliation located on campus.,Cleared By Arrest,260041,27436,,,,,,,,,,,,
15,"February 5, 2026",02/05/2026 at 8:01 AM,02/05/2026 at 8:01 AM,2026,Trespass,Trespassing,West Campus,West Campus,"7425 Forsyth Blvd Basement, St. Louis, MO 63130",Subject with no WASHU affiliation located on campus.,Exceptional Clearance,260039,27434,,,,,,,,,,,,
15,"February 5, 2026",02/05/2026 at 7:16 AM,02/05/2026 at 7:16 AM,2026,Trespass,Trespassing,Olin Library,Olin Library,"1 Brookings Dr, St. Louis, MO 63130",Subject with no WASHU affiliation located on campus.,Cleared By Arrest,260040,27439,,,,,,,,,,,,
15,"January 30, 2026",01/30/2026 at 12:28 AM,01/30/2026 at 12:28 AM,2026,Motor Vehicle Theft (Attempt),Motor Vehicle Theft (Attempt),Lofts,Lofts,"Lofts, Washington University in St. Louis, MO",Assisted SLMPD with attempted motor vehicle theft.,Referred to SLMPD,26-01-30-003961,27410,,,,,,,,,,,,
15,"January 29, 2026",01/29/2026 at 6:51 PM,01/29/2026 at 6:51 PM,2026,Fraud,Fraud,Delmar Blvd,Delmar Blvd,"Delmar Blvd, St. Louis, MO",Assisted UCPD with a fraud.,Referred to UCPD,26-01-29-003922,27407,,,,,,,,,,,,
15,"January 28, 2026",01/28/2026 at 10:46 AM,01/28/2026 at 10:46 AM,2026,Larceny,Larceny,Bears Den,Bears Den,"Bears Den (Danforth University Center), Washington University in St. Louis, MO",Complainant reports theft of shoes.,Active,260031,27417,,,,,,,,,,,,
15,"January 24, 2026",01/29/2026 at 1:27 PM,01/24/2026 at 8:00 AM,2026,Auto Accident – Leave The Scene,Auto Accident – Leave The Scene,East End Garage,East End Garage,"East End Garage, Washington University in St. Louis, MO",Complainant reports leaving the scene of an auto accident.,Active,260032,27475,,,,,,,,,,,,
16,"January 24, 2026",01/24/2026 at 2:34 AM,01/24/2026 at 2:34 AM,2026,Fraud,Fraud,Clayton,Clayton,"Clayon, MO",Complainant reports fraudulent transaction.,Referred to UCPD,26-01-24-003150,27398,,,,,,,,,,,,
16,"January 24, 2026",01/24/2026 at 1:52 AM,01/24/2026 at 1:11 AM,2026,Harassment,Harassment,Hitzeman Hall,Hitzeman Hall,"Hitzeman Hall, Washington University in St. Louis, MO",Complainant reports threatening communication.,Active,260028,27396,,,,,,,,,,,,
16,"January 21, 2026",01/21/2026 at 8:14 PM,01/21/2026 at 8:14 PM,2026,Simple Assault,Assault,Lien Hall,Lien Hall,"Lien Hall, Washington University in St. Louis, MO",Disturbance resulted in assault.,Active,260025,27405,,,,,,,,,,,,
16,"January 21, 2026",01/21/2026 at 5:24 PM,01/21/2026 at 5:24 PM,2026,Weapons Violation,Weapons Violation,Olin Library,Olin Library,"1 Brookings Dr, St. Louis, MO 63130",Subject located in possession of weapons.,Cleared By Arrest,260023,27493,,,,,,,,,,,,
16,"January 19, 2026",01/19/2026 at 4:51 PM,01/19/2026 at 11:53 AM,2026,Trespass,Trespassing,DUC,Danforth University Center,"Danforth University Center, Washington University in St. Louis, MO",Subject with no WASHU affiliation located on campus.,Exceptional Clearance,260016,27362,,,,,,,,,,,,
16,"January 17, 2026",01/17/2026 at 8:29 PM,01/17/2026 at 8:00 PM,2026,Larceny,Larceny,Sumers Rec,Sumers Rec Center,"Sumers Rec Center, Washington University in St. Louis, MO",Complainant reports theft of shoes.,Active,260014,27360,,,,,,,,,,,,
16,"January 17, 2026",01/17/2026 at 12:14 AM,01/17/2026 at 12:14 AM,2026,Harassment,Harassment,Danforth Campus,Danforth Campus,"6475 Forsyth Blvd, St. Louis, MO 63105",Complainant reports concerning communication.,Active,26-01-17-002137,27367,,,,,,,,,,,,
16,"January 16, 2026",01/17/2026 at 12:26 PM,01/16/2026 at 9:52 PM,2026,Larceny,Larceny,Mallinckrodt Center,Mallinckrodt Center,"Mallinckrodt Center, Washington University in St. Louis, MO",Complainant reports theft of money.,Inactive,260013,27358,,,,,,,,,,,,
16,"January 16, 2026",01/16/2026 at 8:41 PM,01/16/2026 at 9:00 AM,2026,Larceny,Larceny,Koenig Dorm,Koenig Dorm,"Koenig House, Washington University in St. Louis, MO",Complainant reports theft of bike.,Inactive,260012,27356,,,,,,,,,,,,
16,"January 15, 2026",01/15/2026 at 12:54 PM,01/15/2026 at 12:54 PM,2026,Larceny,Larceny,Village House,Village House,"Village House, Washington University in St. Louis, MO",Complainant reports theft of scooter.,Inactive,260010,27354,,,,,,,,,,,,
17,"January 14, 2026",01/14/2026 at 1:31 PM,01/14/2026 at 1:31 PM,2026,Larceny,Larceny,Waterman Blvd,Waterman Blvd,"Waterman Blvd, St. Louis, MO",Assisted SLMPD with a larceny.,Referred to SLMPD,26-01-14-001690,27339,,,,,,,,,,,,
17,"January 12, 2026",01/12/2026 at 3:27 PM,01/12/2026 at 3:27 PM,2026,Larceny,Larceny,Washington Ave,Washington Ave,"Washington Ave, St. Louis, MO",Assisted UCPD with a larceny.,Referred to UCPD,26-01-12-001360,27619,,,,,,,,,,,,
17,"January 12, 2026",01/12/2026 at 12:46 PM,01/12/2026 at 12:46 PM,2026,Larceny,Larceny,Shepley House,Shepley Dorm,"214-298 S Big Bend Blvd, Clayton, MO 63105",Complainant reports theft of bike.,Inactive,260009,27329,,,,,,,,,,,,
17,"January 12, 2026",01/12/2026 at 10:59 AM,01/12/2026 at 10:59 AM,2026,Larceny,Larceny,McPherson Ave,McPherson Ave,"McPherson Ave, St. Louis, MO",Assisted SLMPD with a larceny.,Referred to SLMPD,26-01-12-001320,27331,,,,,,,,,,,,
17,"January 12, 2026",01/12/2026 at 6:17 AM,01/12/2026 at 6:17 AM,2026,Trespass,Trespassing,Quadrangle,Quadrangle,"1 Brookings Dr, St. Louis, MO 63130",Subject with no WASHU affiliation located.,Exceptional Clearance,26-01-12-001286,28066,,,,,,,,,,,,
17,"January 9, 2026",01/09/2026 at 3:59 PM,01/09/2026 at 3:59 PM,2026,Larceny,Larceny,Delmar Blvd,Delmar Blvd,"Delmar Blvd, St. Louis, MO",Assisted SLMPD with a larceny.,Referred to SLMPD,26-01-09-001039,27327,,,,,,,,,,,,
17,"January 9, 2026",01/09/2026 at 2:22 PM,01/09/2026 at 11:22 AM,2026,Harassment,Harassment,AB Law,Anheuser-Busch Hall,"Anheuser-Busch Hall (Law School), Washington University in St. Louis, MO",Complainant reports concerning communication.,Active,260004,27316,,,,,,,,,,,,
17,"January 9, 2026",01/16/2026 at 6:12 PM,01/09/2026 at 12:00 AM,2026,Burglary,Burglary,McPherson Ave,McPherson Ave,"McPherson Ave, St. Louis, MO",Assisted SLMPD with a burglary.,Referred to SLMPD,26-01-16-002093,27365,,,,,,,,,,,,
17,"January 8, 2026",01/08/2026 at 2:08 PM,01/08/2026 at 2:04 PM,2026,Property Destruction,Property Destruction,Forsyth Blvd,Forsyth Blvd,"Forsyth Blvd, St. Louis, MO",Assisted Clayton PD with a property destruction.,Referred to Clayton PD,26-01-08-000897,27324,,,,,,,,,,,,
17,"January 6, 2026",01/06/2026 at 2:40 PM,01/06/2026 at 2:40 PM,2026,Larceny,Larceny,Sumers Rec,Sumers Rec Center,"Sumers Rec Center, Washington University in St. Louis, MO",Complainant reports stolen money.,Inactive,260001,27280,,,,,,,,,,,,
18,"January 5, 2026",01/05/2026 at 3:48 PM,01/05/2026 at 3:48 PM,2026,Fraud,Fraud,Saint Louis,Saint Louis,"St. Louis, MO 63130",Assisted SLMPD with a fraud.,Referred to SLMPD,26-01-05-000521,27258,,,,,,,,,,,,
18,"December 30, 2025",12/30/2025 at 6:00 PM,12/30/2025 at 6:00 PM,2025,Larceny,Larceny,Pershing Avenue,Pershing Avenue,"Pershing Avenue, St. Louis, MO",Assisted SLMPD with a larceny.,Referred to SLMPD,25-12-30-043609,27250,,,,,,,,,,,,
18,"December 27, 2025",09/04/2026 at 3:40 PM,12/27/2025 at 4:00 PM,2025,Harassment,Harassment,Danforth Campus,Danforth Campus,"6475 Forsyth Blvd, St. Louis, MO 63105",Complainant reports concerning communication.,Pending,260322,28601,,,,,,,,,,,,
18,"December 25, 2025",12/25/2025 at 5:13 PM,12/25/2025 at 5:10 PM,2025,Simple Assault,Assault,Knight Center,Knight Center,"Knight Center, Washington University in St. Louis, MO",Disturbance resulted in assault.,Active,250586,27246,,,,,,,,,,,,
18,"December 22, 2025",12/22/2025 at 10:45 PM,12/22/2025 at 10:45 PM,2025,Aggravated Assault,Aggravated Assault,Forsyth Blvd,Forsyth Blvd,"Forsyth Blvd, St. Louis, MO",Assisted UCPD with an aggravated assault.,Referred to UCPD,25-12-22-042756,27218,,,,,,,,,,,,
18,"December 19, 2025",12/19/2025 at 10:40 AM,12/19/2025 at 10:40 AM,2025,Property Destruction,Property Destruction,Cates Ave,Cates Ave,"Cates Ave, St. Louis, MO",Assisted UCPD with a property destruction.,Referred to UCPD,25-12-19-042309,27215,,,,,,,,,,,,
18,"December 19, 2025",01/09/2026 at 4:40 PM,12/19/2025 at 8:00 AM,2025,Larceny,Larceny,Park House,Park House,"Park House, Washington University in St. Louis, MO",Complainant reports theft of bike.,Inactive,260005,27319,,,,,,,,,,,,
18,"December 18, 2025",01/09/2026 at 4:47 PM,12/18/2025 at 9:00 AM,2025,Larceny,Larceny,Danforth House,Danforth House,"Danforth House, Washington University in St. Louis, MO",Complainant reports theft of bike.,Inactive,260006,27322,,,,,,,,,,,,
18,"December 16, 2025",12/16/2025 at 6:45 PM,12/16/2025 at 6:45 PM,2025,Trespass,Trespassing,Skinker Blvd,Skinker Blvd,"Skinker Blvd, St. Louis, MO",Assist SLMPD with a trespass.,Referred to SLMPD,25-12-16-041813,27203,,,,,,,,,,,,
18,"December 16, 2025",12/16/2025 at 1:19 PM,12/16/2025 at 12:00 PM,2025,Larceny,Larceny,AB Law,Anheuser-Busch Hall,"Anheuser-Busch Hall (Law School), Washington University in St. Louis, MO",Complainant reports theft of clothing.,Inactive,250579,27205,,,,,,,,,,,,
19,"December 16, 2025",12/16/2025 at 4:47 AM,12/16/2025 at 3:11 AM,2025,Harassment,Harassment,AB Law,Anheuser-Busch Hall,"Anheuser-Busch Hall (Law School), Washington University in St. Louis, MO",Complainant reports concerning communication.,Active,250577,27201,,,,,,,,,,,,
19,"December 15, 2025",12/30/2025 at 8:32 PM,12/15/2025 at 8:32 PM,2025,Fraud,Fraud,Danforth Campus,Danforth Campus,"6475 Forsyth Blvd, St. Louis, MO 63105",Complainant reports fraudulent wire transaction.,Inactive,250589,27253,,,,,,,,,,,,
19,"December 15, 2025",12/15/2025 at 11:33 AM,12/15/2025 at 11:33 AM,2025,Larceny,Larceny,Olin Library,Olin Library,"1 Brookings Dr, St. Louis, MO 63130",Complainant reports theft of camera equipment.,Inactive,250575,27199,,,,,,,,,,,,
19,"December 14, 2025",12/14/2025 at 6:37 PM,12/14/2025 at 5:09 PM,2025,Property Destruction,Property Destruction,Givens Hall,Givens Hall,"Givens Hall, Washington University in St. Louis, MO",Complainant reports a broken window pane.,Referred to Judicial,250574,27189,,,,,,,,,,,,
19,"December 6, 2025",12/06/2025 at 6:42 PM,12/06/2025 at 6:42 PM,2025,Larceny,Larceny,Kingsbury Blvd,Kingsbury Blvd,"Kingsbury Blvd, St. Louis, MO",Assisted UCPD with a larceny from a vehicle.,Referred to UCPD,25-12-06-040151,27136,,,,,,,,,,,,
19,"December 6, 2025",12/06/2025 at 1:38 PM,12/06/2025 at 1:38 PM,2025,Property Destruction,Property Destruction,Simon Hall,Simon Hall,"Simon Hall, Washington University in St. Louis, MO",Complainant reports damage to office.,Active,250566,27132,,,,,,,,,,,,
19,"December 6, 2025",12/06/2025 at 10:50 PM,12/06/2025 at 10:50 AM,2025,Burglary,Burglary,Waterman Blvd,Waterman Blvd,"Waterman Blvd, St. Louis, MO",Assist SLMPD with a burglary.,Referred to SLMPD,25-12-06-040174,27140,,,,,,,,,,,,
19,"December 6, 2025",12/15/2025 at 1:02 PM,12/06/2025 at 8:29 AM,2025,Harassment,Harassment,Danforth Campus,Danforth Campus,"6475 Forsyth Blvd, St. Louis, MO 63105",Complainant reports concerning communication.,Active,250578,27207,,,,,,,,,,,,
19,"December 6, 2025",12/06/2025 at 8:50 AM,12/06/2025 at 8:00 AM,2025,Fraud,Fraud,Lien Hall,Lien Hall,"Lien Hall, Washington University in St. Louis, MO",Complainant reports extortion through social media.,Active,250565,27130,,,,,,,,,,,,
19,"December 6, 2025",12/06/2025 at 3:38 AM,12/06/2025 at 3:38 AM,2025,Trespass,Trespassing,Seigle Hall,Seigle Hall,"Seigle Hall, Washington University in St. Louis, MO",Subject with no WASHU affiliation located on campus.,Cleared By Arrest,250564,27128,,,,,,,,,,,,
20,"December 4, 2025",12/04/2025 at 6:27 PM,12/04/2025 at 6:27 PM,2025,Larceny,Larceny,Forest Park,Forest Park,"5595 Grand Drive, St. Louis, MO 63112",Assist UCPD with a larceny from a vehicle.,Referred to SLMPD,25-12-04-039862,27138,,,,,,,,,,,,
20,"December 3, 2025",12/03/2025 at 6:40 PM,12/03/2025 at 6:40 PM,2025,Auto Accident – Leave The Scene,Auto Accident – Leave The Scene,Washington Blvd,Washington Blvd,"Washington Blvd, St. Louis, MO",Assisted SLMPD with an auto accident.,Referred to SLMPD,25-12-03-039695,27124,,,,,,,,,,,,
20,"December 3, 2025",12/03/2025 at 9:11 AM,12/03/2025 at 9:11 AM,2025,Auto Accident – Leave The Scene,Auto Accident – Leave The Scene,Skinker Blvd,Skinker Blvd,"Skinker Blvd, St. Louis, MO",Assisted SLMPD with an auto accident.,Referred to SLMPD,25-12-03-039627,27122,,,,,,,,,,,,
20,"November 26, 2025",11/26/2025 at 6:24 PM,11/26/2025 at 6:24 PM,2025,Trespass,Trespassing,Hillman Hall,Hillman Hall,"Hillman Hall, Washington University in St. Louis, MO",Subject with no WASHU affiliation located on campus.,Cleared By Arrest,250553,27112,,,,,,,,,,,,
20,"November 25, 2025",11/25/2025 at 10:23 AM,11/25/2025 at 10:23 AM,2025,Disorderly Conduct,Disorderly Conduct,Olin Library,Olin Library,"1 Brookings Dr, St. Louis, MO 63130",Complainant reports inappropriate filming in a bathroom.,Cleared By Arrest,250552,27110,,,,,,,,,,,,
20,"November 23, 2025",11/23/2025 at 8:40 PM,11/23/2025 at 8:40 PM,2025,Trespass,Trespassing,DUC,Danforth University Center,"Danforth University Center, Washington University in St. Louis, MO",Subject with no WASHU affiliation located on campus.,Exceptional Clearance,250551,27101,,,,,,,,,,,,
20,"November 19, 2025",11/20/2025 at 6:22 PM,11/19/2025 at 2:00 PM,2025,Larceny,Larceny,Bayer Hall,Bayer Hall,"Bayer Hall, Washington University in St. Louis, MO",Complainant reports theft of bike.,Inactive,250550,27099,,,,,,,,,,,,
20,"November 19, 2025",11/19/2025 at 5:13 PM,11/19/2025 at 10:00 AM,2025,Motor Vehicle Theft,Stolen Vehicle,Seigle Hall,Seigle Hall,"Seigle Hall, Washington University in St. Louis, MO",Complainant reports theft of an electric bike.,Active,250549,27086,,,,,,,,,,,,
20,"November 15, 2025",11/15/2025 at 1:21 PM,11/15/2025 at 1:21 PM,2025,Trespass,Trespassing,Village House,Village House,"Village House, Washington University in St. Louis, MO",Subject with no WASHU affiliation located on campus.,Exceptional Clearance,250543,27042,,,,,,,,,,,,
20,"November 12, 2025",11/13/2025 at 12:54 PM,11/12/2025 at 9:00 AM,2025,Larceny,Larceny,AB Law,Anheuser-Busch Hall,"Anheuser-Busch Hall (Law School), Washington University in St. Louis, MO",Complainant reports theft of bike.,Active,250538,27028,,,,,,,,,,,,
21,"November 11, 2025",11/14/2025 at 10:15 AM,11/11/2025 at 10:30 PM,2025,Larceny,Larceny,DUC,Danforth University Center,"Danforth University Center, Washington University in St. Louis, MO",Complainant reports theft of consumable goods.,Inactive,250545,27079,,,,,,,,,,,,
21,"November 11, 2025",11/12/2025 at 3:08 PM,11/11/2025 at 7:00 PM,2025,Larceny,Larceny,Sumers Rec,Sumers Rec Center,"Sumers Rec Center, Washington University in St. Louis, MO",Complainant reports theft of credit cards.,Inactive,250535,27006,,,,,,,,,,,,
21,"November 7, 2025",11/07/2025 at 4:15 PM,11/07/2025 at 4:15 PM,2025,Trespass,Trespassing,Brauer Hall,Brauer Hall,"Brauer Hall, Washington University in St. Louis, MO",Subject with no WASHU affiliation located on campus.,Cleared By Arrest,250529,26988,,,,,,,,,,,,
21,"November 7, 2025",11/07/2025 at 3:07 PM,11/07/2025 at 3:07 PM,2025,Fraud,Fraud,Danforth Campus,Danforth Campus,"6475 Forsyth Blvd, St. Louis, MO 63105",Complainant reports fraudulent use of meal points.,Active,250528,26986,,,,,,,,,,,,
21,"November 2, 2025",11/02/2025 at 10:31 PM,11/02/2025 at 12:57 AM,2025,Property Destruction,Property Destruction,Snow Way Garage,Snow Way Garage,"Snow Way Garage, Washington University in St. Louis, MO",Subject broke gate arm.,Referred to Judicial,250515,26970,,,,,,,,,,,,
21,"November 1, 2025",11/02/2025 at 2:33 PM,11/01/2025 at 5:30 PM,2025,Motor Vehicle Theft,Stolen Vehicle,Mudd Field,Mudd Field,"Mudd Field, Washington University in St. Louis, MO",Complainant reports theft of electric scooter.,Inactive,250516,26972,,,,,,,,,,,,
21,"October 31, 2025",10/31/2025 at 7:41 PM,10/31/2025 at 4:00 PM,2025,Disorderly Conduct,Disorderly Conduct,Mallinckrodt Center,Mallinckrodt Center,"Mallinckrodt Center, Washington University in St. Louis, MO",Complainant reports indecent exposure.,Cleared By Arrest,250512,26976,,,,,,,,,,,,
21,"October 31, 2025",10/31/2025 at 3:11 PM,10/31/2025 at 12:00 PM,2025,Fraud,Fraud,Danforth Campus,Danforth Campus,"6475 Forsyth Blvd, St. Louis, MO 63105",Complainant reports fraudulent use of rewards program.,Active,250511,26924,,,,,,,,,,,,
21,"October 31, 2025",10/31/2025 at 8:27 AM,10/31/2025 at 8:27 AM,2025,Trespass,Trespassing,Charles F Knight Exec Ed,Charles F Knight Exec Ed,"Charles F Knight Exec Ed, Washington University in St. Louis, MO",Subject with no WASHU affiliation located on campus.,Cleared By Arrest,250510,26922,,,,,,,,,,,,
21,"October 25, 2025",10/25/2025 at 9:21 AM,10/25/2025 at 6:00 AM,2025,Property Destruction,Property Destruction,Snow Way Garage,Snow Way Garage,"Snow Way Garage, Washington University in St. Louis, MO",Subject broke gate arm.,Referred to Judicial,250503,26918,,,,,,,,,,,,
22,"October 24, 2025",10/24/2025 at 10:23 PM,10/24/2025 at 10:18 PM,2025,Property Destruction,Property Destruction,Millbrook Garage,Millbrook Garage,"Millbrook Garage, Washington University in St. Louis, MO",Subject broke gate arm.,Active,250500,26916,,,,,,,,,,,,
22,"October 17, 2025",10/17/2025 at 7:14 PM,10/17/2025 at 5:45 PM,2025,Larceny,Larceny,South 40,South 40,"6618 Shepley Dr, Clayton, MO 63105",Complainant reports theft of food.,Inactive,250483,26889,,,,,,,,,,,,
22,"October 14, 2025",10/14/2025 at 9:24 AM,10/14/2025 at 9:24 AM,2025,Larceny,Larceny,Knight Center,Knight Center,"Knight Center, Washington University in St. Louis, MO",Complainant reports theft of personal items.,Active,250478,26887,,,,,,,,,,,,
22,"October 11, 2025",10/11/2025 at 3:10 AM,10/11/2025 at 12:49 AM,2025,Property Destruction,Property Destruction,Snow Way Garage,Snow Way Garage,"Snow Way Garage, Washington University in St. Louis, MO",Subject broke gate arm.,Referred to Judicial,250475,26850,,,,,,,,,,,,
22,"October 10, 2025",10/10/2025 at 6:56 PM,10/10/2025 at 6:56 PM,2025,Trespass,Trespassing,McKelvey Hall,McKelvey Hall,"McKelvey Hall, Washington University in St. Louis, MO",Subject with no WASHU affiliation located on campus.,Exceptional Clearance,250471,26852,,,,,,,,,,,,
22,"October 8, 2025",10/08/2025 at 6:52 PM,10/08/2025 at 6:52 PM,2025,Larceny,Larceny,Bears Den,Bears Den,"Bears Den (Danforth University Center), Washington University in St. Louis, MO",Complainant reports theft of shoes.,Inactive,250467,26848,,,,,,,,,,,,
22,"October 3, 2025",11/03/2025 at 12:32 PM,10/03/2025 at 12:00 PM,2025,Larceny,Larceny,Bears Den,Bears Den,"Bears Den (Danforth University Center), Washington University in St. Louis, MO",Complainant reports theft of food.,Inactive,250519,26974,,,,,,,,,,,,
22,"October 1, 2025",10/01/2025 at 1:02 PM,10/01/2025 at 1:02 PM,2025,Larceny,Larceny,Bears Den,Bears Den,"Bears Den (Danforth University Center), Washington University in St. Louis, MO",Complainant reports theft of money.,Inactive,250458,26834,,,,,,,,,,,,
22,"October 1, 2025",10/01/2025 at 8:32 AM,10/01/2025 at 2:32 AM,2025,Motor Vehicle Theft,Stolen Vehicle,Lee Dorm,Lee Dorm,"Lee Dorm, Washington University in St. Louis, MO",Complainant reports theft of electric scooter.,Referred To Judicial,250460,26838,,,,,,,,,,,,
22,"September 29, 2025",09/29/2025 at 3:53 PM,09/29/2025 at 1:00 PM,2025,Larceny,Larceny,Village East,Village East,"Village East, Washington University in St. Louis, MO",Complainant reports theft of bike.,Inactive,250459,26836,,,,,,,,,,,,
23,"September 28, 2025",09/28/2025 at 8:01 PM,09/28/2025 at 5:20 PM,2025,Larceny,Larceny,Brauer Hall,Brauer Hall,"Brauer Hall, Washington University in St. Louis, MO",Complainant reports theft of financial instruments.,Active,250450,26789,,,,,,,,,,,,
23,"September 28, 2025",09/29/2025 at 3:19 PM,09/28/2025 at 3:30 PM,2025,Larceny,Larceny,Brauer Hall,Brauer Hall,"Brauer Hall, Washington University in St. Louis, MO",Complainant reports theft of wallet.,Active,250452,26792,,,,,,,,,,,,
23,"September 26, 2025",09/26/2025 at 7:51 PM,09/26/2025 at 6:40 PM,2025,Sexual Assault,Sexual Assault,DUC,Danforth University Center,"Danforth University Center, Washington University in St. Louis, MO",Complainant reports non-consensual incident.,Closed,250446,26761,,,,,,,,,,,,
23,"September 25, 2025",09/28/2025 at 1:36 PM,09/25/2025 at 12:00 PM,2025,Fraud,Fraud,Olin Library,Olin Library,"1 Brookings Dr, St. Louis, MO 63130",Complainant reports fraudulent transaction.,Active,250449,26787,,,,,,,,,,,,
23,"September 25, 2025",09/27/2025 at 11:49 AM,09/25/2025 at 11:00 AM,2025,Larceny,Larceny,Athletic Complex,Athletic Complex,"Athletic Complex, Washington University in St. Louis, MO",Complainant reports theft of bike.,Active,250447,26763,,,,,,,,,,,,
23,"September 22, 2025",09/22/2025 at 2:42 PM,09/22/2025 at 11:20 AM,2025,Motor Vehicle Theft,Stolen Vehicle,McMillan Hall,McMillan Hall,"McMillan Hall, Washington University in St. Louis, MO",Complainant reports theft of electric bike.,Active,250438,26758,,,,,,,,,,,,
23,"September 20, 2025",09/22/2025 at 11:57 AM,09/20/2025 at 12:01 AM,2025,Larceny,Larceny,Koenig Dorm,Koenig Dorm,"Koenig House, Washington University in St. Louis, MO",Complainant reports theft of clothes.,Inactive,250437,26756,,,,,,,,,,,,
23,"September 18, 2025",09/18/2025 at 11:19 PM,09/18/2025 at 11:11 PM,2025,Property Destruction,Property Destruction,Snow Way Garage,Snow Way Garage,"Snow Way Garage, Washington University in St. Louis, MO",Subject broke gate arm.,Active,250428,26739,,,,,,,,,,,,
23,"September 18, 2025",09/18/2025 at 8:59 PM,09/18/2025 at 8:59 PM,2025,Larceny,Larceny,Sumers Rec,Sumers Rec Center,"Sumers Rec Center, Washington University in St. Louis, MO",Complainant reports theft of tech equipment.,Active,250427,26737,,,,,,,,,,,,
23,"September 18, 2025",09/18/2025 at 4:21 PM,09/18/2025 at 4:21 PM,2025,Larceny,Larceny,Brauer Hall,Brauer Hall,"Brauer Hall, Washington University in St. Louis, MO",Complainant reports theft of purse.,Active,250425,26733,,,,,,,,,,,,
24,"September 18, 2025",09/18/2025 at 5:19 PM,09/18/2025 at 8:30 AM,2025,Larceny,Larceny,Brookings Hall,Brookings Hall,"Brookings Hall, Washington University in St. Louis, MO",Complainant reports theft of backpack.,Active,250426,26735,,,,,,,,,,,,
24,"September 16, 2025",09/22/2025 at 9:49 AM,09/16/2025 at 12:50 PM,2025,Larceny,Larceny,McMillan Hall,McMillan Hall,"McMillan Hall, Washington University in St. Louis, MO",Complainant reports theft of bike.,Active,250436,26754,,,,,,,,,,,,
24,"September 16, 2025",09/16/2025 at 11:33 AM,09/16/2025 at 11:33 AM,2025,Motor Vehicle Theft,Stolen Vehicle,DUC,Danforth University Center,"Danforth University Center, Washington University in St. Louis, MO",Complainant reports theft of motor vehicle.,Closed,250424,26731,,,,,,,,,,,,
24,"September 14, 2025",09/15/2025 at 12:30 PM,09/14/2025 at 5:30 PM,2025,Larceny,Larceny,Lopata House,Lopata House,"Lopata House, Washington University in St. Louis, MO",Complainant reports theft of clothing.,Inactive,250417,26729,,,,,,,,,,,,
24,"September 7, 2025",09/07/2025 at 1:57 PM,09/07/2025 at 1:12 PM,2025,Property Destruction,Property Destruction,East End Garage,East End Garage,"East End Garage, Washington University in St. Louis, MO",Subject broke gate arm.,Inactive,250396,26558,,,,,,,,,,,,
24,"September 6, 2025",09/15/2025 at 11:03 AM,09/06/2025 at 5:30 PM,2025,Fraud,Fraud,Francis Field,Francis Field,"Francis Field, Washington University in St. Louis, MO",Complainant reports counterfeit currency.,Active,250416,26727,,,,,,,,,,,,
24,"September 5, 2025",09/06/2025 at 2:50 PM,09/05/2025 at 1:30 PM,2025,Larceny,Larceny,Village House,Village House,"Village House, Washington University in St. Louis, MO",Complainant reports theft of clothes.,Inactive,250393,26540,,,,,,,,,,,,
24,"September 4, 2025",09/05/2025 at 4:28 PM,09/04/2025 at 7:00 PM,2025,Motor Vehicle Theft,Stolen Vehicle,DUC,Danforth University Center,"Danforth University Center, Washington University in St. Louis, MO",Complainant reports theft of electric scooter.,Active,250391,26538,,,,,,,,,,,,
24,"September 3, 2025",09/03/2025 at 2:47 PM,09/03/2025 at 11:30 AM,2025,Larceny,Larceny,Brauer Hall,Brauer Hall,"Brauer Hall, Washington University in St. Louis, MO",Complainant reports theft of a bag.,Active,250386,26523,,,,,,,,,,,,
24,"August 28, 2025",08/28/2025 at 7:03 AM,08/28/2025 at 7:03 AM,2025,Trespass,Trespassing,Olin Library,Olin Library,"1 Brookings Dr, St. Louis, MO 63130",Subject with no WASHU affiliation located on campus.,Cleared By Arrest,250370,26464,,,,,,,,,,,,
25,"August 27, 2025",08/28/2025 at 4:46 PM,08/27/2025 at 5:00 PM,2025,Larceny,Larceny,Lien Hall,Lien Hall,"Lien Hall, Washington University in St. Louis, MO",Complainant reports theft of bike.,Active,250371,26466,,,,,,,,,,,,
25,"August 25, 2025",09/03/2025 at 10:19 AM,08/25/2025 at 6:06 PM,2025,Fraud,Fraud,Simon Lot,Simon Parking Lot,"Simon Hall, Washington University in St. Louis, MO",Complainant reports fraudulent exchange of goods.,Active,250385,26521,,,,,,,,,,,,
25,"August 23, 2025",08/23/2025 at 7:37 PM,08/23/2025 at 7:37 PM,2025,Trespass,Trespassing,Jolley Hall,Jolley Hall,"Jolley Hall, Washington University in St. Louis, MO",Subject with no WASHU affiliation located on campus.,Cleared By Arrest,250361,26426,,,,,,,,,,,,
25,"August 22, 2025",08/29/2025 at 6:14 PM,08/22/2025 at 7:00 PM,2025,Larceny,Larceny,Bears Den,Bears Den,"Bears Den (Danforth University Center), Washington University in St. Louis, MO",Complainant reports theft of bag.,Exceptional Clearance,250374,26468,,,,,,,,,,,,
25,"August 20, 2025",08/20/2025 at 9:57 AM,08/20/2025 at 9:57 AM,2025,Trespass,Trespassing,Knight Exec,Knight Center,"Knight Center, Washington University in St. Louis, MO",Subject with no WASHU affiliation located on campus.,Cleared By Arrest,250350,26400,,,,,,,,,,,,
25,"August 18, 2025",08/18/2025 at 7:59 PM,08/18/2025 at 7:59 PM,2025,Trespass,Trespassing,DUC,Danforth University Center,"Danforth University Center, Washington University in St. Louis, MO",Subject with no WASHU affiliation located on campus.,Exceptional Clearance,250347,26375,,,,,,,,,,,,
25,"August 16, 2025",08/17/2025 at 2:33 PM,08/16/2025 at 1:50 PM,2025,Larceny,Larceny,DUC,Danforth University Center,"Danforth University Center, Washington University in St. Louis, MO",Complainant reports theft of personal property from a vehicle.,Active,250344,26373,,,,,,,,,,,,
25,"August 16, 2025",08/16/2025 at 8:02 PM,08/16/2025 at 8:30 AM,2025,Larceny,Larceny,DUC,Danforth University Center,"Danforth University Center, Washington University in St. Louis, MO",Complainant reports theft of bike.,Inactive,250342,26349,,,,,,,,,,,,
25,"August 11, 2025",08/22/2025 at 5:23 PM,08/11/2025 at 12:00 PM,2025,Larceny,Larceny,AB Law,Anheuser-Busch Hall,"Anheuser-Busch Hall (Law School), Washington University in St. Louis, MO",Complainant reports theft of a bike.,Inactive,250355,26402,,,,,,,,,,,,
25,"August 7, 2025",08/04/2025 at 4:14 PM,08/07/2025 at 11:45 AM,2025,Larceny,Larceny,Olin Library,Olin Library,"1 Brookings Dr, St. Louis, MO 63130",Complainant reports theft of phone.,Active; Property Recovered,250327,26340,,,,,,,,,,,,
26,"August 1, 2025",12/07/2025 at 4:40 PM,08/01/2025 at 4:40 PM,2025,Larceny,Larceny,Village House,Village House,"Village House, Washington University in St. Louis, MO",Complainant reports theft of a bike.,Inactive,250568,27134,,,,,,,,,,,,
26,"July 27, 2025",07/27/2025 at 10:59 AM,07/27/2025 at 10:44 AM,2025,Property Destruction,Property Destruction,Millbrook Garage,Millbrook Garage,"Millbrook Garage, Washington University in St. Louis, MO",Subject broke gate arm.,Inactive,250320,26324,,,,,,,,,,,,
26,"July 17, 2025",07/17/2025 at 8:15 AM,07/17/2025 at 8:10 AM,2025,Trespass,Trespassing,Charles F. Knight Exec Ed,Charles F Knight Exec Ed,"Charles F Knight Exec Ed, Washington University in St. Louis, MO",Subject with no WASHU affiliation located on campus.,Exceptional Clearance,250309,26316,,,,,,,,,,,,
26,"July 14, 2025",07/14/2025 at 3:23 PM,07/14/2025 at 2:16 PM,2025,Larceny,Larceny,Olin Library,Olin Library,"1 Brookings Dr, St. Louis, MO 63130",Complainant reports theft of bike.,Active,250307,26303,,,,,,,,,,,,
26,"June 27, 2025",06/27/2025 at 11:09 PM,06/27/2025 at 11:02 PM,2025,Property Destruction,Property Destruction,East End Garage,East End Garage,"East End Garage, Washington University in St. Louis, MO",Subject broke gate arm.,Inactive,250296,26257,,,,,,,,,,,,
26,"June 27, 2025",06/27/2025 at 2:51 PM,06/27/2025 at 9:02 AM,2025,Larceny,Larceny,Seigle Hall,Seigle Hall,"Seigle Hall, Washington University in St. Louis, MO",Complainant reports theft of bike.,Cleared By Arrest,250295,26259,,,,,,,,,,,,
26,"June 27, 2025",10/02/2025 at 12:40 PM,06/27/2025 at 9:00 AM,2025,Larceny,Larceny,Ridgely Hall,Ridgely Hall,"Ridgely Hall, Washington University in St. Louis, MO",Complainant reports theft of computer equipment.,Active,250461,26840,,,,,,,,,,,,
26,"June 22, 2025",06/23/2025 at 2:25 PM,06/22/2025 at 11:15 AM,2025,Fraud,Fraud,Athletic Complex,Athletic Complex,"Athletic Complex, Washington University in St. Louis, MO",Complainant reports fraudulent transaction.,Active,250289,26236,,,,,,,,,,,,
26,"June 21, 2025",06/21/2025 at 10:52 PM,06/21/2025 at 10:52 PM,2025,Trespass,Trespassing,Goldfarb Hall,Goldfarb Hall,"Goldfarb Hall, Washington University in St. Louis, MO",Subject with no WASHU affiliation located on campus.,Cleared By Arrest,250288,26234,,,,,,,,,,,,
26,"June 17, 2025",06/19/2025 at 2:46 PM,06/17/2025 at 2:46 PM,2025,Larceny,Larceny,McKelvey Hall,McKelvey Hall,"McKelvey Hall, Washington University in St. Louis, MO",Complainant reports theft of computer equipment.,Active,250286,26229,,,,,,,,,,,,
27,"June 16, 2025",06/16/2025 at 4:39 PM,06/16/2025 at 4:35 PM,2025,Trespass,Trespassing,Kemper Art,Mildred Lane Kemper Art,"Kemper Art Museum, Washington University in St. Louis, MO",Subject with no WASHU affiliation located on campus.,Active,250282,26217,,,,,,,,,,,,
27,"June 10, 2025",06/10/2025 at 10:35 PM,06/10/2025 at 10:00 AM,2025,Larceny,Larceny,Sumers Rec Center,Sumers Rec Center,"Sumers Rec Center, Washington University in St. Louis, MO",Complainant reports theft of money.,Inactive,250280,26213,,,,,,,,,,,,
27,"June 5, 2025",06/05/2025 at 10:20 PM,06/05/2025 at 7:00 PM,2025,Larceny,Larceny,AB Law,Anheuser-Busch Hall,"Anheuser-Busch Hall (Law School), Washington University in St. Louis, MO",Complainant reports theft of bike.,Active,250278,26210,,,,,,,,,,,,
27,"June 5, 2025",06/05/2025 at 3:26 PM,06/05/2025 at 9:08 AM,2025,Larceny,Larceny,Jolley Hall,Jolley Hall,"Jolley Hall, Washington University in St. Louis, MO",Complainant reports theft of construction equipment.,Active; Property Recovered,250277,26208,,,,,,,,,,,,
27,"June 4, 2025",06/04/2025 at 9:17 AM,06/04/2025 at 9:17 AM,2025,Harassment,Harassment,Knight Center,Knight Center,"Knight Center, Washington University in St. Louis, MO",Complainant reports concerning communication.,Active,250276,26201,,,,,,,,,,,,
27,"June 3, 2025",06/03/2025 at 6:01 PM,06/03/2025 at 4:36 PM,2025,Larceny,Larceny,Athletic Complex,Athletic Complex,"Athletic Complex, Washington University in St. Louis, MO",Complainant reports theft of bike.,Active,250275,26203,,,,,,,,,,,,
27,"June 2, 2025",06/02/2025 at 11:56 AM,06/02/2025 at 11:56 AM,2025,Trespass,Trespassing,Hillman Hall,Hillman Hall,"Hillman Hall, Washington University in St. Louis, MO",Subject with no WASHU affiliation located on campus.,Cleared By Arrest,250273,26195,,,,,,,,,,,,
27,"May 31, 2025",05/31/2025 at 8:37 AM,05/31/2025 at 8:37 AM,2025,Trespass,Trespassing,Hillman Hall,Hillman Hall,"Hillman Hall, Washington University in St. Louis, MO",Subject with no WASHU affiliation located on campus.,Cleared By Arrest,250271,26171,,,,,,,,,,,,
27,"May 26, 2025",05/26/2025 at 11:31 PM,05/26/2025 at 10:53 PM,2025,Trespass,Trespassing,Hillman Hall,Hillman Hall,"Hillman Hall, Washington University in St. Louis, MO",Subject with no WASHU affiliation located on campus.,Active,250267,26153,,,,,,,,,,,,
27,"May 25, 2025",05/26/2025 at 4:04 PM,05/25/2025 at 12:30 PM,2025,Larceny,Larceny,DUC,Danforth University Center,"Danforth University Center, Washington University in St. Louis, MO",Complainant reports theft of bike wheel.,Inactive,250266,26151,,,,,,,,,,,,
28,"May 22, 2025",05/22/2025 at 7:17 AM,05/22/2025 at 7:10 AM,2025,Trespass,Trespassing,McKelvey Hall,McKelvey Hall,"McKelvey Hall, Washington University in St. Louis, MO",Subject with no WASHU affiliation located on campus.,Active,250265,26146,,,,,,,,,,,,
28,"May 14, 2025",08/11/2025 at 5:22 PM,05/14/2025 at 12:00 AM,2025,Motor Vehicle Theft,Stolen Vehicle,Lopata House,Lopata House,"Lopata House, Washington University in St. Louis, MO",Complainant reports theft of electric scooter.,Inactive,250330,26347,,,,,,,,,,,,
28,"May 13, 2025",05/13/2025 at 12:56 PM,05/13/2025 at 12:56 PM,2025,Trespass,Trespassing,McKelvey Hall,McKelvey Hall,"McKelvey Hall, Washington University in St. Louis, MO",Subject with no WASHU affiliation located on campus.,Cleared By Arrest,250258,17838,,,,,,,,,,,,
28,"May 12, 2025",11/07/2025 at 11:02 AM,05/12/2025 at 3:00 PM,2025,Larceny,Larceny,Frat House 4,Fraternity Row,"Fraternity Way, St. Louis, MO 63105",Complainant reports theft of speakers.,Active,250525,26984,,,,,,,,,,,,
28,"May 9, 2025",05/09/2025 at 1:02 PM,05/09/2025 at 1:02 PM,2025,Trespass,Trespassing,Tisch,Tisch Commons,"Tisch Commons, Washington University in St. Louis, MO",Subject with no WASHU affiliation located on campus.,Exceptional Clearance,250248,17681,,,,,,,,,,,,
28,"May 8, 2025",05/08/2025 at 9:30 AM,05/08/2025 at 9:30 AM,2025,Trespass,Trespassing,Bryan Hall,Bryan Hall,"Bryan Hall, Washington University in St. Louis, MO",Subject with no WASHU affiliation located on campus.,Cleared By Arrest,250240,17679,,,,,,,,,,,,
28,"May 6, 2025",05/07/2025 at 2:42 AM,05/06/2025 at 9:45 PM,2025,Larceny,Larceny,Shanedling Dorm,Shanedling Dorm,"Shanedling Hall, Washington University in St. Louis, MO",Complainant reports theft of personal items.,Closed; Property Recovered,250235,17650,,,,,,,,,,,,
28,"May 6, 2025",05/12/2025 at 12:46 PM,05/06/2025 at 9:00 AM,2025,Larceny,Larceny,Olin Library,Olin Library,"1 Brookings Dr, St. Louis, MO 63130",Complainant reports theft of bike.,Active,250255,17836,,,,,,,,,,,,
28,"May 5, 2025",05/05/2025 at 4:20 PM,05/05/2025 at 4:05 PM,2025,Trespass,Trespassing,DUC,Danforth University Center,"Danforth University Center, Washington University in St. Louis, MO",Subject with no WASHU affiliation located on campus.,Cleared By Arrest,250232,17644,,,,,,,,,,,,
28,"May 5, 2025",05/05/2025 at 7:38 AM,05/05/2025 at 7:38 AM,2025,Trespass,Trespassing,Jolley Hall,Jolley Hall,"Jolley Hall, Washington University in St. Louis, MO",Subject with no WASHU affiliation located on campus.,Cleared By Arrest,250230,17642,,,,,,,,,,,,
29,"April 30, 2025",05/01/2025 at 12:13 AM,04/30/2025 at 7:26 PM,2025,Larceny,Larceny,Olin Library,Olin Library,"1 Brookings Dr, St. Louis, MO 63130",Complainant reports theft of electronic equipment.,Active,250227,17613,,,,,,,,,,,,
29,"April 29, 2025",04/29/2025 at 2:29 PM,04/29/2025 at 2:00 PM,2025,Larceny,Larceny,Jolley Hall,Jolley Hall,"Jolley Hall, Washington University in St. Louis, MO",Complainant reports theft of electronics.,Cleared By Arrest,250222,17578,,,,,,,,,,,,
29,"April 26, 2025",04/28/2025 at 6:53 PM,04/26/2025 at 4:43 PM,2025,Motor Vehicle Theft,Stolen Vehicle,Millbrook,Millbrook,"6926 Forest Park Pkwy, University City, MO 63130",Complainant reports theft of electric scooter.,Active,250218,17551,,,,,,,,,,,,
29,"April 25, 2025",04/25/2025 at 10:18 PM,04/25/2025 at 10:18 PM,2025,Trespass,Trespassing,Mudd Field,Mudd Field,"Mudd Field, Washington University in St. Louis, MO",Subject with WUSTL affiliation located on campus with unauthorized access.,Cleared By Arrest,250210,17545,,,,,,,,,,,,
29,"April 25, 2025",04/25/2025 at 10:20 PM,04/25/2025 at 9:30 PM,2025,Sexual Assault,Sexual Assault,Mudd Field,Mudd Field,"Mudd Field, Washington University in St. Louis, MO",Complainant reports non-consensual incident.,Referred to Judicial,250213,17549,,,,,,,,,,,,
29,"April 25, 2025",04/25/2025 at 11:00 PM,04/25/2025 at 9:20 PM,2025,Simple Assault,Assault,Mudd Field,Mudd Field,"Mudd Field, Washington University in St. Louis, MO",Disturbance resulted in assault.,Referred to Judicial,250211,17547,,,,,,,,,,,,
29,"April 24, 2025",05/05/2025 at 4:48 PM,04/24/2025 at 4:48 PM,2025,Larceny,Larceny,Liggett Dorm,Liggett Dorm,"Liggett Dorm, Washington University in St. Louis, MO",Complainant reports theft of bike.,Active,250233,17646,,,,,,,,,,,,
29,"April 24, 2025",04/24/2025 at 4:41 PM,04/24/2025 at 4:00 PM,2025,Trespass,Trespassing,Facilities,Facilities,"1 Brookings Dr, St. Louis, MO 63130",Subject with no WASHU affiliation located on campus.,Exceptional Clearance,250199,17523,,,,,,,,,,,,
29,"April 24, 2025",04/24/2025 at 4:56 PM,04/24/2025 at 1:00 PM,2025,Larceny,Larceny,Olin Library,Olin Library,"1 Brookings Dr, St. Louis, MO 63130",Complainant reports theft of headphones.,Inactive,250205,17542,,,,,,,,,,,,
29,"April 24, 2025",04/24/2025 at 12:39 PM,04/24/2025 at 7:30 AM,2025,Larceny,Larceny,Bayer Hall,Bayer Hall,"Bayer Hall, Washington University in St. Louis, MO",Complainant reports theft of backpack.,Inactive,250202,17540,,,,,,,,,,,,
30,"April 18, 2025",04/25/2025 at 11:34 AM,04/18/2025 at 6:40 PM,2025,Property Destruction,Property Destruction,DUC,Danforth University Center,"Danforth University Center, Washington University in St. Louis, MO",Complainant reports paint damage.,Inactive,250208,17538,,,,,,,,,,,,
30,"April 16, 2025",04/16/2025 at 7:07 PM,04/16/2025 at 7:00 PM,2025,Trespass,Trespassing,Gregg Hall,Gregg Hall,"Gregg Hall, Washington University in St. Louis, MO",Subject with no WASHU affiliation located on campus.,Cleared By Arrest,250185,17471,,,,,,,,,,,,
30,"April 16, 2025",04/22/2025 at 12:27 PM,04/16/2025 at 12:27 PM,2025,Larceny,Larceny,Crow Hall,Crow Hall,"Crow Hall, Washington University in St. Louis, MO",Complainant reports theft of bike.,Active,250194,17517,,,,,,,,,,,,
30,"April 16, 2025",04/17/2025 at 3:17 PM,04/16/2025 at 8:50 AM,2025,Fraud,Fraud,Danforth Campus,Danforth Campus,"6475 Forsyth Blvd, St. Louis, MO 63105",Complainant reports fraudulent wire transaction.,Active,250187,17473,,,,,,,,,,,,
30,"April 16, 2025",04/16/2025 at 8:02 AM,04/16/2025 at 8:02 AM,2025,Harassment,Harassment,North Brookings,North Brookings,"North Brookings Hall, Washington University in St. Louis, MO",Complainant reports concerning communication.,Active,250183,17469,,,,,,,,,,,,
30,"April 15, 2025",04/15/2025 at 3:07 PM,04/15/2025 at 2:30 PM,2025,Larceny,Larceny,276 Skinker,276 Skinker,"276 SKinker, St. Louis, MO",Complainant reports theft of electronic equipment.,Inactive,250181,17467,,,,,,,,,,,,
30,"April 15, 2025",04/15/2025 at 3:00 PM,04/15/2025 at 12:00 AM,2025,Harassment,Harassment,Lofts,Lofts,"Lofts, Washington University in St. Louis, MO",Complainant reports concerning contact.,Active,250180,17465,,,,,,,,,,,,
30,"April 13, 2025",04/13/2025 at 11:59 AM,04/13/2025 at 11:45 AM,2025,Trespass,Trespassing,Dauten Dorm,Dauten Dorm,"Dauten Hall, Washington University in St. Louis, MO",Subject with no WUSTL affiliation located on campus.,Cleared By Arrest,250178,17461,,,,,,,,,,,,
30,"April 12, 2025",04/12/2025 at 2:07 PM,04/12/2025 at 1:52 PM,2025,Harassment,Harassment,Olin Library,Olin Library,"1 Brookings Dr, St. Louis, MO 63130",Complainant reports concerning communication.,Active,250175,17441,,,,,,,,,,,,
30,"April 12, 2025",04/14/2025 at 8:59 PM,04/12/2025 at 9:00 AM,2025,Larceny,Larceny,DUC,Danforth University Center,"Danforth University Center, Washington University in St. Louis, MO",Complainant reports theft of money.,Active,250195,17515,,,,,,,,,,,,
31,"April 10, 2025",04/11/2025 at 12:05 PM,04/10/2025 at 10:00 AM,2025,Larceny,Larceny,Bears Den,Bears Den,"Bears Den (Danforth University Center), Washington University in St. Louis, MO",Complainant reports theft of money.,Active,250173,17437,,,,,,,,,,,,
31,"April 10, 2025",04/11/2025 at 12:05 PM,04/10/2025 at 10:00 AM,2025,Fraud,Fraud,Bears Den,Bears Den,"Bears Den (Danforth University Center), Washington University in St. Louis, MO",Complainant reports fraudulent transaction.,Active,250173,17439,,,,,,,,,,,,
31,"April 7, 2025",04/08/2025 at 3:49 PM,04/07/2025 at 2:50 PM,2025,Harassment,Harassment,Wilson Hall,Wilson Hall,"Wilson Hall, Washington University in St. Louis, MO",Complainant reports concerning contact.,Closed,250166,17431,,,,,,,,,,,,
31,"April 7, 2025",04/07/2025 at 9:44 AM,04/07/2025 at 9:44 AM,2025,Trespass,Trespassing,Lofts,Lofts,"Lofts, Washington University in St. Louis, MO",Subject with no WASHU affiliation located on campus.,Active,250163,17427,,,,,,,,,,,,
31,"April 6, 2025",04/06/2025 at 4:30 PM,04/06/2025 at 4:30 PM,2025,Trespass,Trespassing,Forsyth Blvd,Forsyth Blvd,"Forsyth Blvd, St. Louis, MO",Subject with no WASHU affiliation located on campus.,Exceptional Clearance,250158,17402,,,,,,,,,,,,
31,"April 6, 2025",04/06/2025 at 4:27 PM,04/06/2025 at 4:20 PM,2025,Weapons Law Violation,Weapons Law Violation,Mallinckrodt Center,Mallinckrodt Center,"Mallinckrodt Center, Washington University in St. Louis, MO",Subject in possession of a firearm located on campus.,Cleared By Arrest,250159,17404,,,,,,,,,,,,
31,"April 2, 2025",04/02/2025 at 3:59 PM,04/02/2025 at 9:41 AM,2025,Larceny,Larceny,McMillan Hall,McMillan Hall,"McMillan Hall, Washington University in St. Louis, MO",Complainant reports theft of bike.,Active,250151,17400,,,,,,,,,,,,
31,"April 2, 2025",05/09/2025 at 3:06 PM,04/02/2025 at 2:55 AM,2025,Property Destruction,Property Destruction,Rosedale Court Apartments,Rosedale Court Apartments,"Rosedale Court Apartments, Washington University in St. Louis, MO",Complainant reports damage to electronic equipment.,Active,250249,17840,,,,,,,,,,,,
31,"April 1, 2025",04/01/2025 at 9:35 AM,04/01/2025 at 9:35 AM,2025,Trespass,Trespassing,Knight Center,Knight Center,"Knight Center, Washington University in St. Louis, MO",Subject with no WASHU affiliation located on campus.,Cleared By Arrest,250150,17358,,,,,,,,,,,,
31,"March 29, 2025",03/29/2025 at 1:21 AM,03/29/2025 at 1:21 AM,2025,Sexual Assault,Sexual Assault,Richmond Heights,Richmond Heights,"Richmond Heights, MO",Complainant reports non-consensual incident.,Active,250143,17345,,,,,,,,,,,,
32,"March 28, 2025",03/29/2025 at 11:44 AM,03/28/2025 at 9:50 PM,2025,Property Destruction,Property Destruction,Fraternity Row,Fraternity Row,"Fraternity Way, St. Louis, MO 63105",Complainant reports damage to vehicle equipment.,Active,250144,17348,,,,,,,,,,,,
32,"March 23, 2025",03/24/2025 at 6:46 PM,03/23/2025 at 2:50 PM,2025,Larceny,Larceny,Olin Library,Olin Library,"1 Brookings Dr, St. Louis, MO 63130",Complainant reports theft of bike.,Active,250135,17323,,,,,,,,,,,,
32,"March 21, 2025",03/24/2025 at 7:27 PM,03/21/2025 at 9:00 PM,2025,Larceny,Larceny,Park House Dorm,Park House Dorm,"Park House Dorm, Washington University in St. Louis, MO",Complainant reports theft of bike.,Inactive,250141,17341,,,,,,,,,,,,
32,"March 20, 2025",03/20/2025 at 2:37 PM,03/20/2025 at 2:37 AM,2025,Trespass,Trespassing,Women's Building,Women's Building,"Women's Building, Washington University in St. Louis, MO",Subject with no WASHU affiliation located on campus.,Cleared By Arrest,250130,17318,,,,,,,,,,,,
32,"March 18, 2025",04/28/2025 at 8:47 PM,03/18/2025 at 11:30 AM,2025,Larceny,Larceny,Wilson Hall,Wilson Hall,"Wilson Hall, Washington University in St. Louis, MO",Complainant reports theft of bike.,Inactive,250219,17553,,,,,,,,,,,,
32,"March 17, 2025",03/17/2025 at 4:53 PM,03/17/2025 at 9:00 AM,2025,Fraud,Fraud,Lopata House,Lopata House,"Lopata House, Washington University in St. Louis, MO",Complainant reports extortion through social media.,Inactive,250118,17291,,,,,,,,,,,,
32,"March 16, 2025",03/18/2025 at 2:10 PM,03/16/2025 at 8:30 AM,2025,Larceny,Larceny,Danforth Campus,Danforth Campus,"6475 Forsyth Blvd, St. Louis, MO 63105",Complainant reports theft of wallet.,Active,250121,17293,,,,,,,,,,,,
32,"March 13, 2025",03/13/2025 at 8:40 AM,03/13/2025 at 8:40 AM,2025,Trespass,Trespassing,Jolley Hall,Jolley Hall,"Jolley Hall, Washington University in St. Louis, MO",Subject with no WASHU affiliation located on campus.,Cleared By Arrest,240114,17284,,,,,,,,,,,,
32,"March 11, 2025",03/11/2025 at 12:16 AM,03/11/2025 at 12:14 AM,2025,Trespass,Trespassing,Jolley Hall,Jolley Hall,"Jolley Hall, Washington University in St. Louis, MO",Subject with no WASHU affiliation located on campus.,Cleared By Arrest,250112,17282,,,,,,,,,,,,
32,"March 8, 2025",03/08/2025 at 11:35 AM,03/08/2025 at 9:42 AM,2025,Trespass,Trespassing,Dardick House,Dardick House,"Dardick House, Washington University in St. Louis, MO",Subject with no WASHU affiliation located on campus.,Cleared By Arrest,250110,17278,,,,,,,,,,,,
33,"March 5, 2025",03/06/2025 at 4:55 PM,03/05/2025 at 5:30 PM,2025,Assault,Assault,Sumers Rec Center,Sumers Rec Center,"Sumers Rec Center, Washington University in St. Louis, MO",Disturbance resulted in assault.,Referred to Judicial,250109,17275,,,,,,,,,,,,
33,"March 4, 2025",03/04/2025 at 8:53 PM,03/04/2025 at 8:53 PM,2025,Trespass,Trespassing,Charles F. Knight Exec Ed,Charles F Knight Exec Ed,"Charles F Knight Exec Ed, Washington University in St. Louis, MO",Subject with no WASHU affiliation located on campus.,Cleared By Arrest,250107,17245,,,,,,,,,,,,
33,"March 4, 2025",03/04/2025 at 5:48 PM,03/04/2025 at 5:48 PM,2025,Trespass,Trespassing,McKelvey Hall,McKelvey Hall,"McKelvey Hall, Washington University in St. Louis, MO",Subject with no WASHU affiliation located on campus.,Active,250106,17243,,,,,,,,,,,,
33,"March 3, 2025",03/03/2025 at 8:59 PM,03/03/2025 at 8:59 PM,2025,Trespass,Trespassing,Dardick House,Dardick House,"Dardick House, Washington University in St. Louis, MO",Subject with no WASHU affiliation located on campus.,Cleared By Arrest,250104,17240,,,,,,,,,,,,
33,"February 28, 2025",02/28/2025 at 12:11 PM,02/28/2025 at 12:11 PM,2025,Trespass,Trespassing,AB Law,Anheuser-Busch Hall,"Anheuser-Busch Hall (Law School), Washington University in St. Louis, MO",Subject with no WASHU affiliation located on campus.,Cleared By Arrest,250099,17218,,,,,,,,,,,,
33,"February 24, 2025",02/24/2025 at 9:11 PM,02/24/2025 at 9:10 PM,2025,Trespass,Trespassing,Risa Commons,Risa Commons,"Risa Commons, Washington University in St. Louis, MO",Subject with no WUSTL affiliation located on campus.,Cleared By Arrest,250094,17185,,,,,,,,,,,,
33,"February 22, 2025",02/27/2025 at 6:47 PM,02/22/2025 at 4:00 PM,2025,Larceny,Larceny,Myers Hall,Myers Hall,"Myers Hall, Washington University in St. Louis, MO",Complainant reports theft of bike.,Active,250098,17215,,,,,,,,,,,,
33,"February 21, 2025",02/21/2025 at 8:38 PM,02/21/2025 at 8:38 PM,2025,Trespass,Trespassing,Goldfarb Hall,Goldfarb Hall,"Goldfarb Hall, Washington University in St. Louis, MO",Subject with no WUSTL affiliation located on campus.,Cleared By Arrest,250087,17172,,,,,,,,,,,,
33,"February 21, 2025",02/21/2025 at 7:38 AM,02/21/2025 at 7:38 AM,2025,Trespass,Trespassing,Knight Hall,Knight Center,"Knight Center, Washington University in St. Louis, MO",Subject with no WUSTL affiliation located on campus.,Cleared By Arrest,250086,17170,,,,,,,,,,,,
33,"February 20, 2025",02/20/2025 at 8:00 AM,02/20/2025 at 6:00 AM,2025,Trespass,Trespassing,Charles F. Knight Exec Ed,Charles F Knight Exec Ed,"Charles F Knight Exec Ed, Washington University in St. Louis, MO",Subject with no WUSTL affiliation located on campus.,Cleared By Arrest,250081,17156,,,,,,,,,,,,
34,"February 19, 2025",02/23/2025 at 4:14 PM,02/19/2025 at 10:30 PM,2025,Larceny,Larceny,Sumers Rec Center,Sumers Rec Center,"Sumers Rec Center, Washington University in St. Louis, MO",Complainant reports theft of shoes.,Active,250090,17175,,,,,,,,,,,,
34,"February 19, 2025",02/19/2025 at 8:52 PM,02/19/2025 at 8:52 PM,2025,Trespass,Trespassing,Nami Ramen,Nami Ramen,"Nami Ramen, Washington University in St. Louis, MO",Subject with no WUSTL affiliation located on campus.,Cleared By Arrest,250080,17158,,,,,,,,,,,,
34,"February 19, 2025",02/19/2025 at 1:11 PM,02/19/2025 at 1:11 PM,2025,Harassment,Harassment,Danforth Campus,Danforth Campus,"6475 Forsyth Blvd, St. Louis, MO 63105",Complainant reports concerning contact.,Inactive,25-02-19-004724,27335,,,,,,,,,,,,
34,"February 18, 2025",02/18/2025 at 1:10 PM,02/18/2025 at 1:10 PM,2025,Trespass,Trespassing,Charles F. Knight Exec Ed,Charles F Knight Exec Ed,"Charles F Knight Exec Ed, Washington University in St. Louis, MO",Subject with no WUSTL affiliation located on campus.,Cleared By Arrest,250078,17135,,,,,,,,,,,,
34,"February 16, 2025",02/23/2025 at 6:05 PM,02/16/2025 at 6:00 PM,2025,Larceny,Larceny,Sumers Rec Center,Sumers Rec Center,"Sumers Rec Center, Washington University in St. Louis, MO",Complainant reports theft of shoes.,Active,250091,17177,,,,,,,,,,,,
34,"February 16, 2025",02/16/2025 at 4:07 PM,02/16/2025 at 4:07 PM,2025,Trespass,Trespassing,Knight Hall,Knight Center,"Knight Center, Washington University in St. Louis, MO",Subject with no WUSTL affiliation located on campus.,Cleared By Arrest,250075,17126,,,,,,,,,,,,
34,"February 14, 2025",02/14/2025 at 11:46 PM,02/14/2025 at 11:20 PM,2025,Larceny,Larceny,Koenig Dorm,Koenig Dorm,"Koenig House, Washington University in St. Louis, MO",Complainant reports theft of phone.,Unfounded; Returned To Owner,250073,17124,,,,,,,,,,,,
34,"February 14, 2025",02/14/2025 at 2:17 PM,02/14/2025 at 12:55 PM,2025,Motor Vehicle Theft,Stolen Vehicle,Simon Hall,Simon Hall,"Simon Hall, Washington University in St. Louis, MO",Complainant reports theft of electric bike.,Active,250072,17122,,,,,,,,,,,,
34,"February 13, 2025",02/13/2025 at 11:33 PM,02/13/2025 at 11:33 PM,2025,Trespass,Trespassing,Brown Hall,Brown Hall,"Brown Hall, Washington University in St. Louis, MO",Subject with no WUSTL affiliation located on campus.,Cleared By Arrest,250071,17120,,,,,,,,,,,,
34,"February 11, 2025",02/25/2025 at 3:45 PM,02/11/2025 at 11:16 AM,2025,Harassment,Harassment,Seigle Hall,Seigle Hall,"Seigle Hall, Washington University in St. Louis, MO",Complainant reports concerning communication.,Active,250095,17187,,,,,,,,,,,,
35,"February 10, 2025",02/10/2025 at 7:10 AM,02/10/2025 at 7:00 AM,2025,Trespass,Trespassing,Charles F. Knight Exec Ed,Charles F Knight Exec Ed,"Charles F Knight Exec Ed, Washington University in St. Louis, MO",Subject with no WUSTL affiliation located on campus.,Cleared By Arrest,250063,17116,,,,,,,,,,,,
35,"February 7, 2025",02/07/2025 at 1:41 PM,02/07/2025 at 1:41 PM,2025,Larceny,Larceny,Village House,Village House,"Village House, Washington University in St. Louis, MO",Complainant reports theft of bike.,Cleared By Arrest,250058,17105,,,,,,,,,,,,
35,"February 6, 2025",02/06/2025 at 11:42 PM,02/06/2025 at 10:00 PM,2025,Trespass,Trespassing,Goldfarb Hall,Goldfarb Hall,"Goldfarb Hall, Washington University in St. Louis, MO",Subject with no WUSTL affiliation located on campus.,Cleared By Arrest,250057,17097,,,,,,,,,,,,
35,"February 6, 2025",02/06/2025 at 11:42 PM,02/06/2025 at 10:00 PM,2025,Property Destruction,Property Destruction,Goldfarb Hall,Goldfarb Hall,"Goldfarb Hall, Washington University in St. Louis, MO",Complainant reports liquid damage.,Cleared By Arrest,250057,17100,,,,,,,,,,,,
35,"February 6, 2025",02/07/2025 at 4:47 PM,02/06/2025 at 6:30 PM,2025,Larceny,Larceny,DUC,Danforth University Center,"Danforth University Center, Washington University in St. Louis, MO",Complainant reports theft of wallet.,Unfounded,250060,17102,,,,,,,,,,,,
35,"February 6, 2025",02/06/2025 at 4:21 PM,02/06/2025 at 4:21 PM,2025,Larceny,Larceny,Olin Library,Olin Library,"1 Brookings Dr, St. Louis, MO 63130",Complainant reports theft of fanny pack.,Unfounded,250056,17095,,,,,,,,,,,,
35,"February 5, 2025",02/06/2025 at 9:40 AM,02/05/2025 at 9:00 PM,2025,Larceny,Larceny,Dauten Dorm,Dauten Dorm,"Dauten Hall, Washington University in St. Louis, MO",Complainant reports theft of bike.,Cleared By Arrest,250055,17093,,,,,,,,,,,,
35,"February 4, 2025",02/05/2025 at 3:13 PM,02/04/2025 at 5:00 PM,2025,Larceny,Larceny,Dauten Dorm,Dauten Dorm,"Dauten Hall, Washington University in St. Louis, MO",Complainant reports theft of bike.,Inactive,250054,17091,,,,,,,,,,,,
35,"February 4, 2025",02/18/2025 at 2:41 PM,02/04/2025 at 2:21 PM,2025,Fraud,Fraud,Danforth Campus,Danforth Campus,"6475 Forsyth Blvd, St. Louis, MO 63105",Complainant reports fraudulent wire transaction.,Active,250079,17138,,,,,,,,,,,,
35,"February 4, 2025",02/04/2025 at 6:27 PM,02/04/2025 at 2:00 PM,2025,Harassment,Harassment,Seigle Hall,Seigle Hall,"Seigle Hall, Washington University in St. Louis, MO",Complainant reports concerning communication.,Inactive,250052,17077,,,,,,,,,,,,
36,"February 4, 2025",02/07/2025 at 2:08 PM,02/04/2025 at 8:30 AM,2025,Larceny,Larceny,Athletic Complex,Athletic Complex,"Athletic Complex, Washington University in St. Louis, MO",Complainant reports theft of bike.,Cleared By Arrest,250059,17107,,,,,,,,,,,,
36,"February 1, 2025",02/02/2025 at 12:54 PM,02/01/2025 at 5:56 PM,2025,Fraud,Fraud,Mallinckrodt Center,Mallinckrodt Center,"Mallinckrodt Center, Washington University in St. Louis, MO",Complainant reports fraudulent exchange of goods.,Cleared By Arrest,250048,17064,,,,,,,,,,,,
36,"January 31, 2025",02/03/2025 at 6:11 PM,01/31/2025 at 9:00 PM,2025,Larceny,Larceny,Mallinckrodt Center,Mallinckrodt Center,"Mallinckrodt Center, Washington University in St. Louis, MO",Complainant reports theft of bike.,Inactive,250050,17069,,,,,,,,,,,,
36,"January 29, 2025",01/30/2025 at 11:17 AM,01/29/2025 at 2:30 PM,2025,Harassment,Harassment,Bears Den,Bears Den,"Bears Den (Danforth University Center), Washington University in St. Louis, MO",Complainant reports concerning communication.,Active,250041,17060,,,,,,,,,,,,
36,"January 28, 2025",01/28/2025 at 11:08 PM,01/28/2025 at 9:29 PM,2025,Property Destruction,Property Destruction,Snow Way Garage,Snow Way Garage,"Snow Way Garage, Washington University in St. Louis, MO",Subject broke gate arm.,Active,250038,17015,,,,,,,,,,,,
36,"January 25, 2025",01/31/2025 at 7:40 PM,01/25/2025 at 8:00 PM,2025,Larceny,Larceny,Millbrook Garage,Millbrook Garage,"Millbrook Garage, Washington University in St. Louis, MO",Complainant reports theft of vehicle tabs.,Inactive,250044,17062,,,,,,,,,,,,
36,"January 25, 2025",01/25/2025 at 3:29 PM,01/25/2025 at 2:45 PM,2025,Fraud,Fraud,Millbrook,Millbrook,"6926 Forest Park Pkwy, University City, MO 63130",Complainant reports attempted extortion through social media.,Active,250030,16948,,,,,,,,,,,,
36,"January 24, 2025",01/27/2025 at 5:14 PM,01/24/2025 at 11:48 AM,2025,Larceny,Larceny,Sumers Rec Center,Sumers Rec Center,"Sumers Rec Center, Washington University in St. Louis, MO",Complainant reports theft of packages.,Inactive,250034,16952,,,,,,,,,,,,
36,"January 22, 2025",01/22/2025 at 11:19 PM,01/22/2025 at 9:30 PM,2025,Larceny,Larceny,Athletic Complex,Athletic Complex,"Athletic Complex, Washington University in St. Louis, MO",Complainant reports theft of shoes.,Inactive,250025,16923,,,,,,,,,,,,
36,"January 22, 2025",01/22/2025 at 5:33 PM,01/22/2025 at 5:33 PM,2025,Larceny,Larceny,Wheeler House,Wheeler House,"Wheeler House, Washington University in St. Louis, MO",Complainant reports theft of bike.,Inactive,250024,16921,,,,,,,,,,,,
37,"January 20, 2025",01/20/2025 at 10:57 AM,01/20/2025 at 10:57 AM,2025,Trespass,Trespassing,Bauer Hall,Bauer Hall,"Bauer Hall, Washington University in St. Louis, MO",Subject with no WUSTL affiliation located on campus.,Cleared By Arrest,250019,16899,,,,,,,,,,,,
37,"January 17, 2025",01/17/2025 at 1:10 PM,01/17/2025 at 10:10 AM,2025,Harassment,Harassment,Danforth Campus,Danforth Campus,"6475 Forsyth Blvd, St. Louis, MO 63105",Complainant reports concerning communication.,Active,250013,16904,,,,,,,,,,,,
37,"January 15, 2025",04/15/2025 at 3:24 PM,01/15/2025 at 7:00 AM,2025,Harassment,Harassment,Village House,Village House,"Village House, Washington University in St. Louis, MO",Complainant reports concerning contact.,Inactive,250179,17463,,,,,,,,,,,,
37,"January 9, 2025",01/09/2025 at 2:04 AM,01/09/2025 at 2:04 AM,2025,Trespass,Trespassing,Bauer Hall,Bauer Hall,"Bauer Hall, Washington University in St. Louis, MO",Subject with no WUSTL affiliation located on campus.,Cleared By Arrest,250006,16893,,,,,,,,,,,,
37,"January 8, 2025",04/08/2025 at 11:41 AM,01/08/2025 at 11:41 AM,2025,Larceny,Larceny,AB Law,Anheuser-Busch Hall,"Anheuser-Busch Hall (Law School), Washington University in St. Louis, MO",Complainant reports theft of bike.,Active,250165,17429,,,,,,,,,,,,
37,"January 8, 2025",01/22/2025 at 3:28 PM,01/08/2025 at 9:00 AM,2025,Larceny,Larceny,Sever Hall,Sever Hall,"Sever Hall, Washington University in St. Louis, MO",Complainant reports theft of computer equipment.,Inactive,250023,16919,,,,,,,,,,,,
37,"January 1, 2025",01/21/2025 at 2:02 PM,01/01/2025 at 5:00 PM,2025,Larceny,Larceny,McMillan Hall,McMillan Hall,"McMillan Hall, Washington University in St. Louis, MO",Complainant reports theft of office items.,Inactive,250020,16906,,,,,,,,,,,,
37,"January 1, 2025",05/06/2025 at 12:03 PM,01/01/2025 at 12:03 PM,2025,Larceny,Larceny,McMillan Hall,McMillan Hall,"McMillan Hall, Washington University in St. Louis, MO",Complainant reports theft of bike.,Inactive,250234,17648,,,,,,,,,,,,
37,"December 31, 2024",12/31/2024 at 10:41 AM,12/31/2024 at 10:35 AM,2024,Trespass,Trespassing,Throop Drive,Throop Drive,"Throop Drive, St. Louis, MO",Subject with no WUSTL affiliation located on campus.,Cleared By Arrest,240520,16859,,,,,,,,,,,,
37,"December 27, 2024",12/27/2024 at 10:00 PM,12/27/2024 at 10:00 PM,2024,Trespass,Trespassing,Knight Hall,Knight Center,"Knight Center, Washington University in St. Louis, MO",Subject with no WUSTL affiliation located on campus.,Cleared By Arrest,240517,16857,,,,,,,,,,,,
38,"December 17, 2024",12/17/2024 at 8:08 PM,12/17/2024 at 8:08 PM,2024,Property Destruction,Property Destruction,Millbrook Garage,Millbrook Garage,"Millbrook Garage, Washington University in St. Louis, MO",Driver hit and broke gate arm.,Exceptional Clearance,240506,16855,,,,,,,,,,,,
38,"December 17, 2024",01/16/2025 at 2:53 PM,12/17/2024 at 7:00 PM,2024,Larceny,Larceny,Zetcher House,Zetcher House,"Zetcher House, Washington University in St. Louis, MO",Complainant reports theft of bike.,Active,250010,16895,,,,,,,,,,,,
38,"December 17, 2024",01/16/2025 at 5:08 PM,12/17/2024 at 12:00 PM,2024,Larceny,Larceny,Dardick House,Dardick House,"Dardick House, Washington University in St. Louis, MO",Complainant reports theft of bike.,Cleared By Arrest,250010,16897,,,,,,,,,,,,
38,"December 11, 2024",12/11/2024 at 11:16 PM,12/11/2024 at 11:16 PM,2024,Trespass,Trespassing,Olin Library,Olin Library,"1 Brookings Dr, St. Louis, MO 63130",Subject with no WUSTL affiliation located on campus.,Cleared By Arrest,240498,16753,,,,,,,,,,,,
38,"December 8, 2024",12/11/2024 at 11:18 AM,12/08/2024 at 11:57 AM,2024,Fraud,Fraud,Mallinckrodt Center,Mallinckrodt Center,"Mallinckrodt Center, Washington University in St. Louis, MO",Complainant reports fraudulent Bear Bucks transactions.,Cleared By Arrest,240494,16751,,,,,,,,,,,,
38,"December 6, 2024",12/06/2024 at 8:44 PM,12/06/2024 at 8:49 PM,2024,Attempted Motor Vehicle Theft,Attempted Motor Vehicle Theft,Forest Park Parkway,Forest Park Parkway,"Forest Park Parkway, St. Louis, MO",Complainant reports attempted theft of motor vehicle.,Active,240487,16736,,,,,,,,,,,,
38,"December 4, 2024",12/05/2024 at 9:39 AM,12/04/2024 at 8:30 PM,2024,Property Destruction,Property Destruction,Hurd Dorm,Hurd Dorm,"Hurd Hall, Washington University in St. Louis, MO",Complainant reports damage to bike alarm.,Closed,240482,16697,,,,,,,,,,,,
38,"December 2, 2024",12/02/2024 at 1:41 PM,12/02/2024 at 1:41 PM,2024,Trespass,Trespassing,Kaldi's Coffee,Kaldi's Coffee,"Kaldi's Coffee, Washington University in St. Louis, MO",Subject with no WUSTL affiliation located on campus.,Active,240479,16685,,,,,,,,,,,,
38,"November 29, 2024",11/30/2024 at 11:59 AM,11/29/2024 at 11:00 AM,2024,Motor Vehicle Theft,Stolen Vehicle,Millbrook,Millbrook,"6926 Forest Park Pkwy, University City, MO 63130",Complainant reports theft of electric bike.,Active,240478,16676,,,,,,,,,,,,
38,"November 25, 2024",11/25/2024 at 12:41 PM,11/25/2024 at 12:41 PM,2024,Property Destruction,Property Destruction,Shepley Garage,Shepley Garage,"Shepley Garage, Washington University in St. Louis, MO",Complainant reports graffiti on infrastructure.,Active,240475,16672,,,,,,,,,,,,
39,"November 21, 2024",11/21/2024 at 4:35 PM,11/21/2024 at 11:00 AM,2024,Larceny,Larceny,Givens Hall,Givens Hall,"Givens Hall, Washington University in St. Louis, MO",Complainant reports theft of bike.,Active,240470,16654,,,,,,,,,,,,
39,"November 19, 2024",11/21/2024 at 3:29 PM,11/19/2024 at 3:29 PM,2024,Larceny,Larceny,Village House,Village House,"Village House, Washington University in St. Louis, MO",Complainant reports theft of bike.,Active,240469,16651,,,,,,,,,,,,
39,"November 18, 2024",11/22/2024 at 4:22 PM,11/18/2024 at 11:13 PM,2024,Larceny,Larceny,Sumers Rec Center,Sumers Rec Center,"Sumers Rec Center, Washington University in St. Louis, MO",Complainant reports theft of sneakers.,Active,240472,16670,,,,,,,,,,,,
39,"November 17, 2024",11/18/2024 at 4:29 PM,11/17/2024 at 5:30 PM,2024,Fraud,Fraud,AB Law,Anheuser-Busch Hall,"Anheuser-Busch Hall (Law School), Washington University in St. Louis, MO",Complainant reports attempted extortion through social media.,Active,240464,16645,,,,,,,,,,,,
39,"November 17, 2024",05/16/2025 at 11:23 AM,11/17/2024 at 12:00 AM,2024,Harassment,Harassment,Danforth Campus,Danforth Campus,"6475 Forsyth Blvd, St. Louis, MO 63105",Complainant reports concerning communciation.,Pending,250264,20790,,,,,,,,,,,,
39,"November 14, 2024",11/14/2024 at 12:05 PM,11/14/2024 at 11:30 AM,2024,Trespass,Trespassing,Mallinckrodt Center,Mallinckrodt Center,"Mallinckrodt Center, Washington University in St. Louis, MO",Subject with no WUSTL affiliation located on campus.,Active,240459,16642,,,,,,,,,,,,
39,"November 13, 2024",11/13/2024 at 10:52 AM,11/13/2024 at 10:52 AM,2024,Trespass,Trespassing,Koenig Dorm,Koenig Dorm,"Koenig House, Washington University in St. Louis, MO",Subject with no WUSTL affiliation located on campus.,Active,240457,16624,,,,,,,,,,,,
39,"November 12, 2024",11/13/2024 at 10:52 AM,11/12/2024 at 5:00 PM,2024,Larceny,Larceny,Olin Library,Olin Library,"1 Brookings Dr, St. Louis, MO 63130",Complainant reports theft of tablet.,Active,240458,16627,,,,,,,,,,,,
39,"November 11, 2024",11/11/2024 at 6:04 PM,11/11/2024 at 3:26 PM,2024,Motor Vehicle Theft,Stolen Vehicle,Givens Hall,Givens Hall,"Givens Hall, Washington University in St. Louis, MO",Complainant reports theft of electric scooter.,Active,240452,16611,,,,,,,,,,,,
39,"November 10, 2024",11/10/2024 at 3:12 PM,11/10/2024 at 12:10 PM,2024,Larceny,Larceny,Charles F. Knight Exec Ed,Charles F Knight Exec Ed,"Charles F Knight Exec Ed, Washington University in St. Louis, MO",Complainant reports theft of headphones.,Active,240449,16609,,,,,,,,,,,,
40,"November 10, 2024",12/06/2024 at 3:01 PM,11/10/2024 at 8:00 AM,2024,Larceny,Larceny,Eliot B,Eliot B House,"Eliot B House, Washington University in St. Louis, MO",Complainant reports theft of clothes.,Active,240486,16695,,,,,,,,,,,,
40,"November 9, 2024",11/09/2024 at 5:13 PM,11/09/2024 at 2:41 AM,2024,Harassment,Harassment,Liggett Dorm,Liggett Dorm,"Liggett Dorm, Washington University in St. Louis, MO",Complainant reports concerning messages.,Active,240447,16604,,,,,,,,,,,,
40,"November 8, 2024",11/08/2024 at 5:04 PM,11/08/2024 at 8:00 AM,2024,Larceny,Larceny,AB Law,Anheuser-Busch Hall,"Anheuser-Busch Hall (Law School), Washington University in St. Louis, MO",Complainant reports theft of bike.,Active,240445,16602,,,,,,,,,,,,
40,"November 7, 2024",11/08/2024 at 11:16 AM,11/07/2024 at 5:00 PM,2024,Larceny,Larceny,Umrath Hall,Umrath Hall,"Umrath Hall, Washington University in St. Louis, MO",Complainant reports theft of camera equipment.,Inactive,240444,16599,,,,,,,,,,,,
40,"November 6, 2024",11/06/2024 at 10:31 PM,11/06/2024 at 8:50 PM,2024,Larceny,Larceny,Village House,Village House,"Village House, Washington University in St. Louis, MO",Complainant reports theft of credit card.,Active,240442,16597,,,,,,,,,,,,
40,"November 5, 2024",11/06/2024 at 10:47 AM,11/05/2024 at 8:00 AM,2024,Property Destruction,Property Destruction,Olin Library,Olin Library,"1 Brookings Dr, St. Louis, MO 63130",Complainant reports damage to university property.,Unfounded,240441,16585,,,,,,,,,,,,
40,"November 4, 2024",11/05/2024 at 11:10 AM,11/04/2024 at 10:00 AM,2024,Property Destruction (Hate Crime),Property Destruction (Hate Crime),Hillman Hall,Hillman Hall,"Hillman Hall, Washington University in St. Louis, MO",Complainant reports derogatory language on infrastructure.,Active,240440,16619,,,,,,,,,,,,
40,"October 31, 2024",11/02/2024 at 7:25 PM,10/31/2024 at 1:00 PM,2024,Larceny,Larceny,Zetcher House,Zetcher House,"Zetcher House, Washington University in St. Louis, MO",Complainant reports theft of clothes.,Active,240435,16547,,,,,,,,,,,,
40,"October 31, 2024",10/31/2024 at 9:17 PM,10/31/2024 at 9:50 AM,2024,Harassment,Harassment,Danforth Campus,Danforth Campus,"6475 Forsyth Blvd, St. Louis, MO 63105",Complainant reports concerning communication.,Active,240432,16545,,,,,,,,,,,,
40,"October 29, 2024",10/29/2024 at 7:34 PM,10/29/2024 at 1:00 PM,2024,Larceny,Larceny,Rebstock Hall,Rebstock Hall,"Rebstock Hall, Washington University in St. Louis, MO",Complainant reports theft of bike.,Active,240426,16543,,,,,,,,,,,,
41,"October 28, 2024",10/28/2024 at 5:49 PM,10/28/2024 at 5:49 PM,2024,Trespass,Trespassing,Bauer Hall,Bauer Hall,"Bauer Hall, Washington University in St. Louis, MO",Subject with no WUSTL affiliation located on campus.,Active,240425,16489,,,,,,,,,,,,
41,"October 27, 2024",10/27/2024 at 9:34 PM,10/27/2024 at 9:34 PM,2024,Larceny,Larceny,Bauer Hall,Bauer Hall,"Bauer Hall, Washington University in St. Louis, MO",Complainant reports theft and use of credit card.,Cleared; Property Recovered,240423,16487,,,,,,,,,,,,
41,"October 24, 2024",10/26/2024 at 10:11 AM,10/24/2024 at 6:45 PM,2024,Larceny,Larceny,DUC,Danforth University Center,"Danforth University Center, Washington University in St. Louis, MO",Complainant reports theft of watch.,Active,240420,16464,,,,,,,,,,,,
41,"October 24, 2024",10/24/2024 at 1:38 PM,10/24/2024 at 12:50 PM,2024,Harassment,Harassment,Eads Hall,Eads Hall,"Eads Hall, Washington University in St. Louis, MO",Complainant reports concerning communication.,Active,240412,16460,,,,,,,,,,,,
41,"October 23, 2024",10/23/2024 at 10:32 PM,10/23/2024 at 10:32 PM,2024,Trespass,Trespassing,Eads Hall,Eads Hall,"Eads Hall, Washington University in St. Louis, MO",Subject with no WUSTL affiliation located on campus.,Active,240415,16462,,,,,,,,,,,,
41,"October 22, 2024",10/22/2024 at 2:49 PM,10/22/2024 at 2:49 PM,2024,Property Destruction,Property Destruction,Snow Way Garage,Snow Way Garage,"Snow Way Garage, Washington University in St. Louis, MO",Driver hit and broke gate arm.,Active,240407,16453,,,,,,,,,,,,
41,"October 20, 2024",10/20/2024 at 9:15 PM,10/20/2024 at 9:15 AM,2024,Larceny,Larceny,AB Law,Anheuser-Busch Hall,"Anheuser-Busch Hall (Law School), Washington University in St. Louis, MO",Complainant reports theft of bike.,Active,240405,16429,,,,,,,,,,,,
41,"October 17, 2024",10/17/2024 at 10:06 PM,10/17/2024 at 9:05 PM,2024,Larceny,Larceny,Bears Den,Bears Den,"Bears Den (Danforth University Center), Washington University in St. Louis, MO",Complainant reports theft of clothing.,Active,240402,16427,,,,,,,,,,,,
41,"October 16, 2024",10/21/2024 at 1:48 PM,10/16/2024 at 1:00 PM,2024,Property Destruction,Property Destruction,Cupples II,Cupples II,"Cupples Hall II, Washington University in St. Louis, MO",Complainant reports damage to sculpture.,Active,240406,16450,,,,,,,,,,,,
41,"October 15, 2024",10/15/2024 at 6:36 PM,10/15/2024 at 6:36 PM,2024,Larceny,Larceny,Hitzeman Dorm,Hitzeman Hall,"Hitzeman Hall, Washington University in St. Louis, MO",Complainant reports theft of packages.,Active,240397,16396,,,,,,,,,,,,
42,"October 11, 2024",10/13/2024 at 12:37 AM,10/11/2024 at 11:00 PM,2024,Harassment,Harassment,Danforth Campus,Danforth Campus,"6475 Forsyth Blvd, St. Louis, MO 63105",Complainant reports concerning communication.,Active,240392,16391,,,,,,,,,,,,
42,"October 11, 2024",01/23/2025 at 9:48 AM,10/11/2024 at 5:00 PM,2024,Harassment,Harassment,Bryan Hall,Bryan Hall,"Bryan Hall, Washington University in St. Louis, MO",Complainant reports concerning communication and contact.,Cleared By Arrest,250026,16950,,,,,,,,,,,,
42,"October 11, 2024",10/11/2024 at 8:23 PM,10/11/2024 at 11:55 AM,2024,Property Destruction,Property Destruction,Snowway Garage,Snow Way Garage,"Snow Way Garage, Washington University in St. Louis, MO",Driver hit and damaged gate arm.,Active,240389,16389,,,,,,,,,,,,
42,"October 9, 2024",10/14/2024 at 4:42 PM,10/09/2024 at 4:42 PM,2024,Larceny,Larceny,Park House Dorm,Park House Dorm,"Park House Dorm, Washington University in St. Louis, MO",Complainant reports theft of bike.,Active,240396,16393,,,,,,,,,,,,
42,"October 6, 2024",11/12/2024 at 1:35 PM,10/06/2024 at 1:35 PM,2024,Larceny,Larceny,Beaumont Dorm,Beaumont Dorm,"Beaumont Dorm, Washington University in St. Louis, MO",Complainant reports theft of scooter charger.,Active,240454,16622,,,,,,,,,,,,
42,"October 4, 2024",10/04/2024 at 2:18 PM,10/04/2024 at 2:10 PM,2024,Property Destruction,Property Destruction,Millbrook Garage,Millbrook Garage,"Millbrook Garage, Washington University in St. Louis, MO",Driver hit and damaged gate arm.,Active,240381,16355,,,,,,,,,,,,
42,"October 4, 2024",10/04/2024 at 11:39 AM,10/04/2024 at 11:17 AM,2024,Larceny,Larceny,Lee Dorm,Lee Dorm,"Lee Dorm, Washington University in St. Louis, MO",Complainant reports theft of laptop.,Unfounded,240380,16353,,,,,,,,,,,,
42,"September 29, 2024",09/29/2024 at 6:37 PM,09/29/2024 at 6:37 PM,2024,Harassment,Harassment,Danforth Campus,Danforth Campus,"6475 Forsyth Blvd, St. Louis, MO 63105",Complainant reports concerning messages.,Active,240370,16322,,,,,,,,,,,,
42,"September 27, 2024",09/27/2024 at 3:55 PM,09/27/2024 at 3:55 PM,2024,Property Destruction (Hate Crime),Property Destruction (Hate Crime),Women's Building,Women's Building,"Women's Building, Washington University in St. Louis, MO",Complainant reports derogatory carving on infrastructure.,Active,240362,16320,,,,,,,,,,,,
42,"September 27, 2024",09/27/2024 at 5:53 PM,09/27/2024 at 2:27 PM,2024,Fraud,Fraud,Mallinckrodt Center,Mallinckrodt Center,"Mallinckrodt Center, Washington University in St. Louis, MO",Complainant reports fraudulent wire transaction.,Active,240357,16317,,,,,,,,,,,,
43,"September 26, 2024",09/26/2024 at 11:44 PM,09/26/2024 at 11:44 PM,2024,Trespassing,Trespassing,Fraternity Row,Fraternity Row,"Fraternity Way, St. Louis, MO 63105",Subject with no WUSTL affiliation located on campus.,Exceptional Clearance,240353,16312,,,,,,,,,,,,
43,"September 24, 2024",10/10/2024 at 4:00 PM,09/24/2024 at 5:18 PM,2024,Larceny,Larceny,Millbrook,Millbrook,"6926 Forest Park Pkwy, University City, MO 63130",Complainant reports theft of bike.,Active,240387,16387,,,,,,,,,,,,
43,"September 24, 2024",09/25/2024 at 10:55 AM,09/24/2024 at 1:00 PM,2024,Larceny,Larceny,Koenig Dorm,Koenig Dorm,"Koenig House, Washington University in St. Louis, MO",Complainant reports theft of bike.,Active,240351,16310,,,,,,,,,,,,
43,"September 24, 2024",09/27/2024 at 8:32 AM,09/24/2024 at 12:34 AM,2024,Harassment,Harassment,Simon Hall,Simon Hall,"Simon Hall, Washington University in St. Louis, MO",Complainant reports concerning messages.,Active,240354,16315,,,,,,,,,,,,
43,"September 23, 2024",09/24/2024 at 4:49 PM,09/23/2024 at 1:00 PM,2024,Larceny,Larceny,Knight Hall,Knight Center,"Knight Center, Washington University in St. Louis, MO",Complainant reports theft of headphones.,Inactive,240350,16308,,,,,,,,,,,,
43,"September 23, 2024",09/23/2024 at 5:51 PM,09/23/2024 at 1:21 AM,2024,Motor Vehicle Theft,Stolen Vehicle,Lee Dorm,Lee Dorm,"Lee Dorm, Washington University in St. Louis, MO",Complainant reports theft of electric bike.,Active,240348,16262,,,,,,,,,,,,
43,"September 22, 2024",09/22/2024 at 3:29 PM,09/22/2024 at 3:10 PM,2024,Larceny,Larceny,Mallinckrodt Center,Mallinckrodt Center,"Mallinckrodt Center, Washington University in St. Louis, MO",Complainant reports theft of consumable goods.,Exceptional Clearance,240347,16259,,,,,,,,,,,,
43,"September 21, 2024",09/23/2024 at 8:33 PM,09/21/2024 at 1:00 PM,2024,Property Destruction,Property Destruction,Snow Way Garage,Snow Way Garage,"Snow Way Garage, Washington University in St. Louis, MO",Driver hit and broke gate arm.,Exceptional Clearance,240349,16264,,,,,,,,,,,,
43,"September 21, 2024",09/21/2024 at 2:56 PM,09/21/2024 at 8:06 AM,2024,Larceny,Larceny,Mallinckrodt Center,Mallinckrodt Center,"Mallinckrodt Center, Washington University in St. Louis, MO",Complainant reports theft of bike.,Active,240344,16257,,,,,,,,,,,,
43,"September 20, 2024",09/20/2024 at 1:50 PM,09/20/2024 at 1:50 PM,2024,Property Destruction,Property Destruction,Snow Way Garage,Snow Way Garage,"Snow Way Garage, Washington University in St. Louis, MO",Driver broke gate arm.,Active,240340,16255,,,,,,,,,,,,
44,"September 16, 2024",09/16/2024 at 9:00 PM,09/16/2024 at 9:00 PM,2024,Harassment,Harassment,Danforth Campus,Danforth Campus,"6475 Forsyth Blvd, St. Louis, MO 63105",Complainant reports concerning communication.,Active,240333,16249,,,,,,,,,,,,
44,"September 16, 2024",09/16/2024 at 11:39 AM,09/16/2024 at 11:39 AM,2024,Larceny,Larceny,Whitaker Bio Medical,Whitaker Hall,"Whitaker Hall, Washington University in St. Louis, MO",Complainant reports theft of bike.,Active,240327,16239,,,,,,,,,,,,
44,"September 16, 2024",09/20/2024 at 11:06 AM,09/16/2024 at 11:06 AM,2024,Larceny,Larceny,Cupples I,Cupples I,"Cupples Hall I, Washington University in St. Louis, MO",Complainant reports theft of bike.,Cleared by Arrest; Property Recovered,240339,16253,,,,,,,,,,,,
44,"September 16, 2024",09/16/2024 at 6:56 PM,09/16/2024 at 9:00 AM,2024,Motor Vehicle Theft,Stolen Vehicle,AB Law,Anheuser-Busch Hall,"Anheuser-Busch Hall (Law School), Washington University in St. Louis, MO",Complainant reports theft of electric bike.,Active,240330,16243,,,,,,,,,,,,
44,"September 15, 2024",09/15/2024 at 2:33 PM,09/15/2024 at 2:33 PM,2024,Assault,Assault,South Campus,South Campus,"6501 Clayton Rd, Clayton, MO 63117",Disturbance resulted in assault.,Exceptional Clearance,240325,16213,,,,,,,,,,,,
44,"September 13, 2024",09/13/2024 at 11:56 PM,09/13/2024 at 8:00 PM,2024,Stalking,Stalking,Danforth Campus,Danforth Campus,"6475 Forsyth Blvd, St. Louis, MO 63105",Complainant reports influx of concerning communication.,Active,240320,16211,,,,,,,,,,,,
44,"September 13, 2024",09/12/2024 at 11:48 AM,09/13/2024 at 11:34 AM,2024,Property Destruction,Property Destruction,Millbrook Garage,Millbrook Garage,"Millbrook Garage, Washington University in St. Louis, MO",Driver hit and damaged gate arm.,Active,240312,16189,,,,,,,,,,,,
44,"September 13, 2024",09/13/2024 at 10:31 AM,09/13/2024 at 10:31 AM,2024,Harassment,Harassment,North Brookings,North Brookings,"North Brookings Hall, Washington University in St. Louis, MO",Complainant reports concerning phone calls.,Active,240316,16205,,,,,,,,,,,,
44,"September 12, 2024",09/15/2024 at 2:52 PM,09/12/2024 at 5:00 PM,2024,Motor Vehicle Theft,Stolen Vehicle,Village House,Village House,"Village House, Washington University in St. Louis, MO",Complainant reports theft of electric scooter.,Cleared by Arrest; Property Recovered,240326,16215,,,,,,,,,,,,
44,"September 11, 2024",09/16/2024 at 6:13 PM,09/11/2024 at 8:37 PM,2024,Motor Vehicle Theft,Stolen Vehicle,Givens Hall,Givens Hall,"Givens Hall, Washington University in St. Louis, MO",Complainant reports theft of electric scooter.,Cleared by Arrest; Property Recovered,240329,16241,,,,,,,,,,,,
45,"September 10, 2024",09/10/2024 at 5:37 PM,09/10/2024 at 5:32 PM,2024,Property Destruction,Property Destruction,Millbrook Garage,Millbrook Garage,"Millbrook Garage, Washington University in St. Louis, MO",Driver hit and broke gate arm.,Exceptional Clearance,240308,16164,,,,,,,,,,,,
45,"September 9, 2024",09/11/2024 at 10:42 AM,09/09/2024 at 10:00 PM,2024,Larceny,Larceny,AB Law,Anheuser-Busch Hall,"Anheuser-Busch Hall (Law School), Washington University in St. Louis, MO",Complainant reports theft of bike.,Active,240310,16187,,,,,,,,,,,,
45,"September 9, 2024",09/09/2024 at 4:54 PM,09/09/2024 at 1:00 PM,2024,Larceny,Larceny,Wrighton Lab,Wrighton Hall,"Wrighton Hall, Washington University in St. Louis, MO",Complainant reports theft of backpack.,Active; Property Recovered,240305,16161,,,,,,,,,,,,
45,"September 8, 2024",09/08/2024 at 6:50 PM,09/08/2024 at 5:38 PM,2024,Larceny,Larceny,Olin Library,Olin Library,"1 Brookings Dr, St. Louis, MO 63130",Complainant reports theft of bike.,Active,240301,16159,,,,,,,,,,,,
45,"September 7, 2024",09/10/2024 at 6:57 PM,09/07/2024 at 5:30 PM,2024,Motor Vehicle Theft,Stolen Vehicle,AB Law,Anheuser-Busch Hall,"Anheuser-Busch Hall (Law School), Washington University in St. Louis, MO",Complainant reports theft of electric scooter.,Active,240309,16166,,,,,,,,,,,,
45,"September 7, 2024",09/07/2024 at 3:26 PM,09/07/2024 at 3:20 PM,2024,Assault,Assault,South Campus,South Campus,"6501 Clayton Rd, Clayton, MO 63117",Disturbance resulted in assault.,Pending,240296,16155,,,,,,,,,,,,
45,"September 5, 2024",09/08/2024 at 6:18 PM,09/05/2024 at 3:00 PM,2024,Motor Vehicle Theft,Stolen Vehicle,Bayer Hall,Bayer Hall,"Bayer Hall, Washington University in St. Louis, MO",Complainant reports theft of electric bike.,Active,240300,16157,,,,,,,,,,,,
45,"September 4, 2024",09/04/2024 at 3:09 PM,09/04/2024 at 3:09 PM,2024,Harassment,Harassment,Danforth Campus,Danforth Campus,"6475 Forsyth Blvd, St. Louis, MO 63105",Complainant reports concerning communication.,Closed,240288,16153,,,,,,,,,,,,
45,"September 4, 2024",09/06/2024 at 5:40 PM,09/04/2024 at 6:00 AM,2024,Property Destruction,Property Destruction,Snow Way Garage,Snow Way Garage,"Snow Way Garage, Washington University in St. Louis, MO",Driver hit and damaged gate arm.,Pending,240292,16217,,,,,,,,,,,,
45,"September 3, 2024",09/03/2024 at 9:39 PM,09/03/2024 at 9:39 PM,2024,Larceny,Larceny,Sumers Rec Center,Sumers Rec Center,"Sumers Rec Center, Washington University in St. Louis, MO",Complainant reports theft of headphones.,Inactive,240282,16149,,,,,,,,,,,,
46,"September 3, 2024",11/19/2024 at 7:23 PM,09/03/2024 at 2:10 PM,2024,Larceny,Larceny,Simon Hall,Simon Hall,"Simon Hall, Washington University in St. Louis, MO",Complainant reports theft of tennis racket.,Active,240468,16649,,,,,,,,,,,,
46,"September 3, 2024",09/10/2024 at 2:41 PM,09/03/2024 at 8:00 AM,2024,Motor Vehicle Theft,Stolen Vehicle,Bayer Hall,Bayer Hall,"Bayer Hall, Washington University in St. Louis, MO",Complainant reports theft of electric bike.,Pending,240307,16209,,,,,,,,,,,,
46,"August 30, 2024",08/30/2024 at 5:57 PM,08/30/2024 at 2:00 PM,2024,Larceny,Larceny,Park House,Park House,"Park House, Washington University in St. Louis, MO",Complainant reports theft of clothing.,Cleared; Property Recovered,240272,16084,,,,,,,,,,,,
46,"August 29, 2024",08/30/2024 at 6:12 PM,08/29/2024 at 8:00 AM,2024,Larceny,Larceny,Givens Hall,Givens Hall,"Givens Hall, Washington University in St. Louis, MO",Complainant reports theft of bike.,Active,240273,16086,,,,,,,,,,,,
46,"August 28, 2024",08/28/2024 at 12:11 AM,08/28/2024 at 12:11 AM,2024,Larceny,Larceny,AB Law,Anheuser-Busch Hall,"Anheuser-Busch Hall (Law School), Washington University in St. Louis, MO",Complainant reports theft of money.,Active,240267,16065,,,,,,,,,,,,
46,"August 26, 2024",08/26/2024 at 11:15 AM,08/26/2024 at 11:12 AM,2024,Larceny,Larceny,Subway,Subway,"Subway, Washington University in St. Louis, MO",Complainant reports theft of edible goods.,Exceptional Clearance,240263,16022,,,,,,,,,,,,
46,"August 22, 2024",08/23/2024 at 10:22 AM,08/22/2024 at 5:30 PM,2024,Larceny,Larceny,Whitaker Bio Medical,Whitaker Hall,"Whitaker Hall, Washington University in St. Louis, MO",Complainant reports theft of lab supplies.,Active,240261,16019,,,,,,,,,,,,
46,"August 13, 2024",08/13/2024 at 7:16 PM,08/13/2024 at 7:16 PM,2024,Fraud,Fraud,Wrighton Lab,Wrighton Hall,"Wrighton Hall, Washington University in St. Louis, MO",Complainant reports fraudulent bank transactions.,Active,240254,15985,,,,,,,,,,,,
46,"August 9, 2024",08/09/2024 at 6:11 PM,08/09/2024 at 5:23 PM,2024,Property Destruction,Property Destruction,Blewitt Music Building,Blewitt Music Building,"Blewitt Music Building, Washington University in St. Louis, MO",Complainant reports broken car window.,Active,240251,15987,,,,,,,,,,,,
46,"August 6, 2024",08/06/2024 at 6:50 PM,08/06/2024 at 6:50 PM,2024,Larceny,Larceny,Mudd Dorm,Mudd Dorm,"Mudd Hall, Washington University in St. Louis, MO",Complainant reports missing bag. Loss $50,Inactive,240249,15860,,,,,,,,,,,,
47,"August 4, 2024",08/04/2024 at 8:52 PM,08/04/2024 at 8:52 PM,2024,Property Destruction,Property Destruction,Millbrook Garage,Millbrook Garage,"Millbrook Garage, Washington University in St. Louis, MO",Driver hit and broke gate arm.,Active,240247,15862,,,,,,,,,,,,
47,"August 1, 2024",08/23/2024 at 9:05 AM,08/01/2024 at 12:00 AM,2024,Harassment,Harassment,Danforth Campus,Danforth Campus,"6475 Forsyth Blvd, St. Louis, MO 63105",Complainant reports concerning text messages.,Active,240258,16017,,,,,,,,,,,,
47,"July 18, 2024",07/18/2024 at 8:35 AM,07/18/2024 at 12:09 AM,2024,Larceny,Larceny,Lofts 2,Lofts 2,"Lofts 2, Washington University in St. Louis, MO",Complainant reports theft of clothing.,Active,240242,16047,,,,,,,,,,,,
47,"July 11, 2024",07/15/2024 at 1:36 PM,07/11/2024 at 2:00 PM,2024,Larceny,Larceny,Wheeler House,Wheeler House,"Wheeler House, Washington University in St. Louis, MO",Complainant reports bicycle missing. Loss: $420,Active,240241,15488,,,,,,,,,,,,
47,"July 8, 2024",,07/08/2024 at 5:50 PM,2024,Security Memo – Robbery,Robbery,West Campus Metrolink Parking Lot,West Campus Metrolink Parking Lot,"West Campus MetroLink Parking Lot, Washington University in St. Louis, MO",,,,15461,,,,,,,,,,,,
47,"July 3, 2024",07/03/2024 at 9:54 PM,07/03/2024 at 9:40 PM,2024,Trespassing,Trespassing,Promenade,Promenade,"The Promenade, Washington University in St. Louis, MO",Subjects with no WUSTL affiliation located on campus.,Closed,240236,15928,,,,,,,,,,,,
47,"June 27, 2024",06/27/2024 at 10:23 AM,06/27/2024 at 10:23 AM,2024,Property Destruction,Property Destruction,South Campus,South Campus,"6501 Clayton Rd, Clayton, MO 63117",Complainant reports broken window.,Active,240234,15926,,,,,,,,,,,,
47,"June 23, 2024",06/25/2024 at 10:53 AM,06/23/2024 at 2:09 AM,2024,Larceny,Larceny,Village East,Village East,"Village East, Washington University in St. Louis, MO",Complainant reports theft of bike. Loss: $125,Closed; Property Recovered,240232,15460,,,,,,,,,,,,
47,"June 17, 2024",06/17/2024 at 10:43 AM,06/17/2024 at 10:43 AM,2024,Embezzlement,Embezzlement,Charles F. Knight Exec Ed,Charles F Knight Exec Ed,"Charles F Knight Exec Ed, Washington University in St. Louis, MO",Complainant reports fraudulent employee transactions.,Exceptional Clearance,240225,15924,,,,,,,,,,,,
47,"June 16, 2024",06/16/2024 at 5:06 AM,06/16/2024 at 1:40 AM,2024,Property Destruction,Property Destruction,Milbrook Garage,Millbrook Garage,"Millbrook Garage, Washington University in St. Louis, MO",Subject hit and damaged gate arm.,Active,240224,15922,,,,,,,,,,,,
48,"May 19, 2024",05/19/2024 at 2:08 PM,05/19/2024 at 7:00 AM,2024,Larceny,Larceny,AB Law,Anheuser-Busch Hall,"Anheuser-Busch Hall (Law School), Washington University in St. Louis, MO",Complainant reports theft of bike. Loss: $500,Cleared by Arrest; Property Recovered,240208,15419,,,,,,,,,,,,
48,"May 13, 2024",05/13/2024 at 1:04 PM,05/13/2024 at 12:30 PM,2024,Assault,Assault,Wrighton Way,Wrighton Way,"Wrighton Hall, Washington University in St. Louis, MO",Disturbance resulted in physical contact.,Active,240202,15398,,,,,,,,,,,,
48,"May 11, 2024",05/22/2024 at 5:01 PM,05/11/2024 at 3:00 PM,2024,Larceny,Larceny,Athletic Complex,Athletic Complex,"Athletic Complex, Washington University in St. Louis, MO",Complainant reports theft of speaker. Loss $24,Active,240211,15417,,,,,,,,,,,,
48,"May 10, 2024",05/10/2024 at 8:23 AM,05/10/2024 at 8:23 AM,2024,Larceny,Larceny,Mallinckrodt UPS Drop Box,Mallinckrodt Center,"Mallinckrodt Center, Washington University in St. Louis, MO",Complainant reports theft of two packages from drop box. Loss $75,Cleared by Arrest; Property Recovered,240199,15396,,,,,,,,,,,,
48,"May 7, 2024",05/08/2024 at 2:02 PM,05/07/2024 at 10:00 AM,2024,Harassment,Harassment,AB Law,Anheuser-Busch Hall,"Anheuser-Busch Hall (Law School), Washington University in St. Louis, MO",Complainant reports influx of concerning messages.,Active,240196,15920,,,,,,,,,,,,
48,"May 6, 2024",05/07/2024 at 10:28 AM,05/06/2024 at 11:45 PM,2024,Larceny,Larceny,Simon Hall,Simon Hall,"Simon Hall, Washington University in St. Louis, MO",Complainant reported theft of wallet. Loss $75,Active,240193,15393,,,,,,,,,,,,
48,"May 2, 2024",05/02/2024 at 8:32 PM,05/02/2024 at 3:48 PM,2024,Larceny,Larceny,Wallace Garage,Wallace Garage,"Wallace Garage, Washington University in St. Louis, MO",Complainant reports theft of toolbox from vehicle. Loss $100,Active,240189,15409,,,,,,,,,,,,
48,"May 1, 2024",,05/01/2024 at 10:20 PM,2024,Security Memo-Criminal Activity,Criminal Activity,Des Peres/Forest Park Parkway,Des Peres/Forest Park Parkway,"Des Peres/Forest Park Parkway, St. Louis, MO",,,,15377,,,,,,,,,,,,
48,"May 1, 2024",05/29/2025 at 12:25 PM,05/01/2024 at 12:00 AM,2024,Harassment,Harassment,Danforth Campus,Danforth Campus,"6475 Forsyth Blvd, St. Louis, MO 63105",Complainant reports concerning communication.,Pending,250270,26169,,,,,,,,,,,,
48,"April 30, 2024",04/30/2024 at 8:13 PM,04/30/2024 at 8:13 PM,2024,Larceny,Larceny,Givens Hall,Givens Hall,"Givens Hall, Washington University in St. Louis, MO",Complainant reports theft of bike. Loss $400,Closed,240187,15405,,,,,,,,,,,,
49,"April 30, 2024",04/30/2024 at 10:52 PM,04/30/2024 at 7:10 PM,2024,Larceny,Larceny,Brauer Hall,Brauer Hall,"Brauer Hall, Washington University in St. Louis, MO",Complainant reports theft of laptop. Loss $900,Exceptional Clearance; Property Recovered,240188,15407,,,,,,,,,,,,
49,"April 30, 2024",04/30/2024 at 8:38 PM,04/30/2024 at 5:33 PM,2024,Motor Vehicle Theft,Stolen Vehicle,Olin Library,Olin Library,"1 Brookings Dr, St. Louis, MO 63130",Complainant reported theft of an electric scooter. Loss $270,Closed; Property Recovered,240186,15403,,,,,,,,,,,,
49,"April 27, 2024",04/27/2024 at 2:39 PM,04/27/2024 at 3:00 PM,2024,Assault,Assault,Brookings Drive,Brookings Drive,"Brookings Drive, Washington University in St. Louis, MO",Disturbance resulted in physical contact.,Cleared By Arrest,240176,15916,,,,,,,,,,,,
49,"April 27, 2024",04/27/2024 at 2:39 PM,04/27/2024 at 3:00 PM,2024,Trespassing,Trespassing,Brookings Drive,Brookings Drive,"Brookings Drive, Washington University in St. Louis, MO",Subjects with no WUSTL affiliation located on campus.,Cleared By Arrest,240176,15918,,,,,,,,,,,,
49,"April 24, 2024",04/25/2024 at 10:03 AM,04/24/2024 at 12:00 AM,2024,Motor Vehicle Theft,Stolen Vehicle,Lee Dorm,Lee Dorm,"Lee Dorm, Washington University in St. Louis, MO",Complainant reports theft of scooter.,Unfounded; Returned To Owner,240174,15914,,,,,,,,,,,,
49,"April 22, 2024",09/04/2024 at 10:19 AM,04/22/2024 at 10:19 PM,2024,Larceny,Larceny,Park House,Park House,"Park House, Washington University in St. Louis, MO",Complainant reports theft of music equipment.,Active,240283,16151,,,,,,,,,,,,
49,"April 21, 2024",04/22/2024 at 2:36 PM,04/21/2024 at 3:00 PM,2024,Fraud,Fraud,Danforth Campus,Danforth Campus,"6475 Forsyth Blvd, St. Louis, MO 63105",Complainant reports fraudulent bank transactions.,Active,240167,15910,,,,,,,,,,,,
49,"April 20, 2024",04/23/2024 at 8:45 PM,04/20/2024 at 8:45 PM,2024,Stalking,Stalking,Lopata House,Lopata House,"Lopata House, Washington University in St. Louis, MO",Complainant reports influx of concerning messages.,Active,240171,15912,,,,,,,,,,,,
49,"April 20, 2024",04/20/2024 at 8:17 PM,04/20/2024 at 8:17 PM,2024,Trespassing,Trespassing,Mudd Field,Mudd Field,"Mudd Field, Washington University in St. Louis, MO",Subject with no WUSTL affiliation located on campus.,Cleared By Arrest,240159,15908,,,,,,,,,,,,
49,"April 20, 2024",04/22/2024 at 11:54 AM,04/20/2024 at 6:43 PM,2024,Larceny,Larceny,Mudd Field,Mudd Field,"Mudd Field, Washington University in St. Louis, MO",Complainant reports theft of phone from backpack. Loss $500,Active,240165,15391,,,,,,,,,,,,
50,"April 20, 2024",04/20/2024 at 5:52 PM,04/20/2024 at 5:52 PM,2024,Assault,Assault,Simon Parking Lot,Simon Parking Lot,"Simon Hall, Washington University in St. Louis, MO",Disturbance resulted in physical contact.,Active,240158,15906,,,,,,,,,,,,
50,"April 19, 2024",04/21/2024 at 12:55 AM,04/19/2024 at 11:30 AM,2024,Larceny,Larceny,Brauer Hall,Brauer Hall,"Brauer Hall, Washington University in St. Louis, MO",Complainant reports theft of money from vehicle. Loss $300,Active,240162,15389,,,,,,,,,,,,
50,"April 16, 2024",04/16/2024 at 2:31 PM,04/16/2024 at 2:26 PM,2024,Assault,Assault,Simon Hall,Simon Hall,"Simon Hall, Washington University in St. Louis, MO",Disturbance resulted in physical contact.,Closed,240151,15904,,,,,,,,,,,,
50,"April 13, 2024",04/13/2024 at 9:13 AM,04/13/2024 at 9:13 AM,2024,Trespassing,Trespassing,Graham Chapel,Graham Chapel,"Graham Chapel, Washington University in St. Louis, MO",Subjects with no WUSTL affiliation located on campus.,Cleared By Arrest,240146,15902,,,,,,,,,,,,
50,"April 13, 2024",04/13/2024 at 12:11 PM,04/13/2024 at 7:30 AM,2024,Larceny,Larceny,Whitaker Hall,Whitaker Hall,"Whitaker Hall, Washington University in St. Louis, MO",Complainant reports theft of backpack. Loss $1500,Exceptional Clearance; Property Recovered,240147,15341,,,,,,,,,,,,
50,"April 12, 2024",04/13/2024 at 12:10 PM,04/12/2024 at 12:18 PM,2024,Larceny,Larceny,Bear's Den,Bears Den,"Bears Den (Danforth University Center), Washington University in St. Louis, MO",Complainant reports theft of backpack. Loss $1530,Closed; Property Recovered,240148,15339,,,,,,,,,,,,
50,"April 11, 2024",04/11/2024 at 4:27 PM,04/11/2024 at 8:30 AM,2024,Larceny,Larceny,Givens Hall,Givens Hall,"Givens Hall, Washington University in St. Louis, MO",Complainant reports theft of bicycle. Loss $1200,Active,240143,15344,,,,,,,,,,,,
50,"April 10, 2024",04/11/2024 at 11:17 AM,04/10/2024 at 9:10 PM,2024,Larceny,Larceny,Simon Hall,Simon Hall,"Simon Hall, Washington University in St. Louis, MO",Complainant reports theft of bag. Loss $2700,Active,240141,15348,,,,,,,,,,,,
50,"April 10, 2024",02/24/2025 at 12:22 PM,04/10/2024 at 12:00 PM,2024,Harassment,Harassment,Cupples II,Cupples II,"Cupples Hall II, Washington University in St. Louis, MO",Complainant reports concerning messages.,Closed,250092,17183,,,,,,,,,,,,
50,"April 9, 2024",04/10/2024 at 2:03 PM,04/09/2024 at 7:30 AM,2024,Trespassing,Trespassing,AB Law,Anheuser-Busch Hall,"Anheuser-Busch Hall (Law School), Washington University in St. Louis, MO",Subject with no WUSTL affiliation located on campus.,Active,240139,15900,,,,,,,,,,,,
51,"April 4, 2024",04/05/2024 at 11:10 AM,04/04/2024 at 5:30 PM,2024,Larceny,Larceny,DUC,Danforth University Center,"Danforth University Center, Washington University in St. Louis, MO",Complainant reports theft of bicycle. Loss $325,Active; Property Recovered,240125,15350,,,,,,,,,,,,
51,"April 4, 2024",04/11/2024 at 2:00 PM,04/04/2024 at 10:30 AM,2024,Larceny,Larceny,Busch Hall,Busch Hall,"Busch Hall, Washington University in St. Louis, MO",Complainant reports theft of phone charger. Loss $12,Active,240142,15346,,,,,,,,,,,,
51,"April 3, 2024",04/03/2024 at 1:12 PM,04/03/2024 at 10:00 AM,2024,Harassment,Harassment,Charles F. Knight Exec Ed,Charles F Knight Exec Ed,"Charles F Knight Exec Ed, Washington University in St. Louis, MO",Complainant reports concerning communication.,Closed,240137,15898,,,,,,,,,,,,
51,"April 1, 2024",09/14/2024 at 8:04 PM,04/01/2024 at 8:04 PM,2024,Assault,Assault,Danforth Campus,Danforth Campus,"6475 Forsyth Blvd, St. Louis, MO 63105",Disturbance resulted in assault.,Exceptional Clearance,240319,16207,,,,,,,,,,,,
51,"March 30, 2024",03/31/2024 at 2:35 PM,03/30/2024 at 12:00 AM,2024,Larceny,Larceny,Campus Creamery,Campus Creamery,"Campus Creamery, Washington University in St. Louis, MO",Complainant reports theft of framed object. Loss $6,Closed,240120,15354,,,,,,,,,,,,
51,"March 29, 2024",04/03/2024 at 3:59 PM,03/29/2024 at 5:00 PM,2024,Larceny,Larceny,AB Law,Anheuser-Busch Hall,"Anheuser-Busch Hall (Law School), Washington University in St. Louis, MO",Complainant reported multiple thefts from building. Loss $1045,Active,240123,15381,,,,,,,,,,,,
51,"March 28, 2024",03/28/2024 at 5:21 PM,03/28/2024 at 4:45 PM,2024,Harassment,Harassment,Danforth Campus,Danforth Campus,"6475 Forsyth Blvd, St. Louis, MO 63105",Complainant reports concerning communication.,Active,240115,15896,,,,,,,,,,,,
51,"March 27, 2024",03/27/2024 at 12:12 PM,03/27/2024 at 10:39 AM,2024,Stalking,Stalking,Sumers Rec Center,Sumers Rec Center,"Sumers Rec Center, Washington University in St. Louis, MO",Complainant reports concerning communication.,Closed,240113,15894,,,,,,,,,,,,
51,"March 27, 2024",03/27/2024 at 8:46 AM,03/27/2024 at 8:30 AM,2024,Trespassing,Trespassing,Ridgely Hall,Ridgely Hall,"Ridgely Hall, Washington University in St. Louis, MO",Subject with no WUSTL affiliation located on campus.,Active,240112,15892,,,,,,,,,,,,
51,"March 26, 2024",03/28/2024 at 2:19 PM,03/26/2024 at 12:30 PM,2024,Larceny,Larceny,Knight Hall,Knight Center,"Knight Center, Washington University in St. Louis, MO",Complainant reports theft of wallet. Loss $4686.33,Active,240114,15310,,,,,,,,,,,,
52,"March 18, 2024",03/21/2024 at 3:19 PM,03/18/2024 at 10:00 AM,2024,Larceny,Larceny,Brauer Hall,Brauer Hall,"Brauer Hall, Washington University in St. Louis, MO",Complainant reports theft of wallet. Loss $220,Active,240100,15280,,,,,,,,,,,,
52,"March 18, 2024",03/20/2024 at 8:59 AM,03/18/2024 at 12:00 AM,2024,Larceny,Larceny,Seigle Hall,Seigle Hall,"Seigle Hall, Washington University in St. Louis, MO",Complainant reports theft of headphones. Loss $300,Active,240095,15282,,,,,,,,,,,,
52,"March 16, 2024",03/16/2024 at 4:19 PM,03/16/2024 at 3:00 PM,2024,Harassment,Harassment,Dardick House,Dardick House,"Dardick House, Washington University in St. Louis, MO",Complainant reports concerning messages.,Closed,240092,15890,,,,,,,,,,,,
52,"March 13, 2024",03/14/2024 at 11:50 AM,03/13/2024 at 10:30 AM,2024,Larceny,Larceny,West Campus Library,West Campus Library,"West Campus Library, Washington University in St. Louis, MO",Complainant reports theft of purse. Loss Unknown,Active,240091,15284,,,,,,,,,,,,
52,"March 1, 2024",03/04/2024 at 9:00 AM,03/01/2024 at 3:00 PM,2024,Larceny,Larceny,Seigle Hall,Seigle Hall,"Seigle Hall, Washington University in St. Louis, MO",Complainant reports theft of office supplies and money. Loss $70,Active,240077,15265,,,,,,,,,,,,
52,"February 29, 2024",02/29/2024 at 2:14 PM,02/29/2024 at 12:50 PM,2024,Larceny,Larceny,Lopata Hall,Lopata Hall,"Lopata Hall, Washington University in St. Louis, MO",Complainant reports theft of laptop bag. Loss $1960,Inactive,240076,15258,,,,,,,,,,,,
52,"February 27, 2024",02/28/2024 at 1:06 AM,02/27/2024 at 11:37 PM,2024,Trespassing,Trespassing,Somers Family Hall,Somers Family Hall,"Somers Family Hall, Washington University in St. Louis, MO",Subjects with no WUSTL affiliation located on campus.,Active,240074,15885,,,,,,,,,,,,
52,"February 27, 2024",02/28/2024 at 3:57 PM,02/27/2024 at 2:00 PM,2024,Motor Vehicle Theft,Stolen Vehicle,Lee Dorm,Lee Dorm,"Lee Dorm, Washington University in St. Louis, MO",Complainant reports theft of motor scooter. Loss $250,Active,240075,15252,,,,,,,,,,,,
52,"February 21, 2024",02/21/2024 at 8:42 PM,02/21/2024 at 7:15 PM,2024,Motor Vehicle Theft,Stolen Vehicle,Whitaker,Whitaker Hall,"Whitaker Hall, Washington University in St. Louis, MO",Complainant reports theft of motorized scooter. Loss $250,Inactive,240067,15250,,,,,,,,,,,,
52,"February 20, 2024",02/20/2024 at 5:47 PM,02/20/2024 at 12:30 PM,2024,Larceny,Larceny,Olin Library,Olin Library,"1 Brookings Dr, St. Louis, MO 63130",Complainant reports theft of electric scooter. Loss $400,Active,240064,15245,,,,,,,,,,,,
53,"February 18, 2024",03/05/2024 at 1:00 PM,02/18/2024 at 1:59 PM,2024,Larceny,Larceny,Mallinckrodt UPS Drop Box,Mallinckrodt Center,"Mallinckrodt Center, Washington University in St. Louis, MO",Complainant reports theft of packages. Loss $798,Active,240079,15269,,,,,,,,,,,,
53,"February 17, 2024",02/17/2024 at 1:57 PM,02/17/2024 at 12:30 AM,2024,Larceny,Larceny,Bears Den,Bears Den,"Bears Den (Danforth University Center), Washington University in St. Louis, MO",Complainant reports theft of skateboard.,Unfounded; Returned To Owner,240060,15881,,,,,,,,,,,,
53,"February 10, 2024",02/10/2024 at 3:44 PM,02/10/2024 at 11:01 AM,2024,Larceny,Larceny,Green Hall,Green Hall,"Green Hall, Washington University in St. Louis, MO",Complainant reports theft of bike. Loss $100,Cleared by Arrest; Property Recovered,240054,15193,,,,,,,,,,,,
53,"February 7, 2024",02/07/2024 at 9:28 AM,02/07/2024 at 9:28 AM,2024,Harassment,Harassment,Danforth Campus,Danforth Campus,"6475 Forsyth Blvd, St. Louis, MO 63105",Complainant reports concerning communication.,Active,240048,15877,,,,,,,,,,,,
53,"February 6, 2024",02/09/2024 at 9:27 PM,02/06/2024 at 8:00 AM,2024,Fraud,Fraud,Zetcher House,Zetcher House,"Zetcher House, Washington University in St. Louis, MO",Complainant reports fraudulent sale of goods.,Active,240052,15879,,,,,,,,,,,,
53,"February 5, 2024",02/05/2024 at 8:09 AM,02/05/2024 at 7:00 AM,2024,Trespassing,Trespassing,Bauer Hall,Bauer Hall,"Bauer Hall, Washington University in St. Louis, MO",Subject with no WASHU affiliation located on campus.,Cleared By Arrest,240046,15875,,,,,,,,,,,,
53,"January 31, 2024",02/01/2024 at 5:14 PM,01/31/2024 at 11:15 PM,2024,Larceny,Larceny,Wallace Dr.,Wallace Dr,"Wallace Dr, Washington University in St. Louis, MO",Complainant reports theft of bike. Loss $90,Exceptional Clearance,240037,15185,,,,,,,,,,,,
53,"January 30, 2024",01/31/2024 at 8:37 AM,01/30/2024 at 4:00 PM,2024,Motor Vehicle Theft,Stolen Vehicle,Eads Hall,Eads Hall,"Eads Hall, Washington University in St. Louis, MO",Complainant reports theft of electric bike. Loss $1500,Active,240033,15179,,,,,,,,,,,,
53,"January 30, 2024",02/01/2024 at 2:00 PM,01/30/2024 at 3:00 PM,2024,Larceny,Larceny,Mallinckrodt Center,Mallinckrodt Center,"Mallinckrodt Center, Washington University in St. Louis, MO",Complainant reported theft of catalytic converter. Loss $1000,Active,240036,15411,,,,,,,,,,,,
53,"January 29, 2024",01/29/2024 at 5:55 PM,01/29/2024 at 11:00 AM,2024,Harassment,Harassment,Beaumont Dorm,Beaumont Dorm,"Beaumont Dorm, Washington University in St. Louis, MO",Complainant reports concerning online posts.,Closed,240029,15872,,,,,,,,,,,,
54,"January 29, 2024",01/29/2024 at 1:19 PM,01/29/2024 at 10:50 AM,2024,Larceny,Larceny,Brown Hall,Brown Hall,"Brown Hall, Washington University in St. Louis, MO",Complainant reports theft of headphones. Loss $150,Active,240028,15170,,,,,,,,,,,,
54,"January 29, 2024",02/04/2024 at 10:34 AM,01/29/2024 at 10:34 AM,2024,Larceny,Larceny,Shanedling Dorm,Shanedling Dorm,"Shanedling Hall, Washington University in St. Louis, MO",Complainant reports theft of bike. Loss $250,Active,240043,15183,,,,,,,,,,,,
54,"January 26, 2024",02/22/2024 at 11:49 AM,01/26/2024 at 7:00 AM,2024,Fraud,Fraud,Danforth Campus,Danforth Campus,"6475 Forsyth Blvd, St. Louis, MO 63105",Complainant reports fraudulent bank transactions.,Active,240068,15883,,,,,,,,,,,,
54,"January 18, 2024",01/20/2024 at 3:10 PM,01/18/2024 at 6:00 PM,2024,Larceny,Larceny,Shuttle,Multiple Locations,N/A,Complainant reports theft of money. Loss $165,Active,240015,15155,,,,,,,,,,,,
54,"January 18, 2024",01/18/2024 at 4:20 PM,01/18/2024 at 10:00 AM,2024,Harassment,Harassment,Habif Health and Wellness Center,Habif Health and Wellness Center,"Habif Health and Wellness Center, Washington University in St. Louis, MO",Complainant reports concerning phone calls.,Active,240012,15864,,,,,,,,,,,,
54,"January 17, 2024",01/23/2024 at 2:30 PM,01/17/2024 at 10:00 PM,2024,Larceny,Larceny,Umrath Hall,Umrath Hall,"Umrath Hall, Washington University in St. Louis, MO",Complainant reports theft of iPad. Loss $400,Active,240018,15174,,,,,,,,,,,,
54,"January 16, 2024",01/23/2024 at 9:51 AM,01/16/2024 at 2:00 PM,2024,Larceny,Larceny,Sumers Rec Ceter,Sumers Rec Center,"Sumers Rec Center, Washington University in St. Louis, MO",Complainant reports theft of perfume. Loss $24,Active,240017,15158,,,,,,,,,,,,
54,"January 15, 2024",01/23/2024 at 10:48 PM,01/15/2024 at 10:00 PM,2024,Larceny,Larceny,Bears Den,Bears Den,"Bears Den (Danforth University Center), Washington University in St. Louis, MO",Complainant reports theft of money. Loss $100,Active,240006,15153,,,,,,,,,,,,
54,"January 12, 2024",01/18/2024 at 1:44 PM,01/12/2024 at 12:00 PM,2024,Stalking,Stalking,Jubel Hall,Jubel Hall,"Jubel Hall, Washington University in St. Louis, MO",Complainant reports influx of concerning emails.,Active,240010,15858,,,,,,,,,,,,
54,"January 2, 2024",01/03/2024 at 10:22 AM,01/02/2024 at 4:30 PM,2024,Larceny,Larceny,Eads Hall,Eads Hall,"Eads Hall, Washington University in St. Louis, MO",Complainant reports theft of electronics. Loss $900,Active,240002,15136,,,,,,,,,,,,
55,"December 30, 2023",01/02/2024 at 12:09 AM,12/30/2023 at 7:30 AM,2023,Larceny,Larceny,Walker Hall,Walker Hall,"Walker Hall, Washington University in St. Louis, MO",Complainant reports theft of scrap metal. Loss $100,Active,240001,15138,,,,,,,,,,,,
55,"December 19, 2023",01/25/2024 at 9:25 PM,12/19/2023 at 4:00 PM,2023,Larceny,Larceny,Millbrook 3,Millbrook 3,"6926 Forest Park Pkwy, University City, MO 63130",Complainant reports theft of bike. Loss $560,Inactive,240021,15172,,,,,,,,,,,,
55,"December 19, 2023",12/19/2023 at 8:30 AM,12/19/2023 at 7:30 AM,2023,Robbery-Off Campus,Robbery,4500 block of Pine,4500 block of Pine,"4500 Pine, St. Louis, MO",Complainant reports that while walking to her car a suspect approached her on foot and stole her phone. Victim recovered her phone from the bushes where the suspect threw it while running away. Incident was not reported to the responsible jurisdiction.,Inactive,230482,15104,,,,,,,,,,,,
55,"December 14, 2023",12/14/2023 at 10:48 PM,12/14/2023 at 3:09 PM,2023,Larceny,Larceny,Weil Hall,Weil Hall,"Weil Hall, Washington University in St. Louis, MO",Complainant reports the theft of an unsecured bicycle from the stairwell. Loss $1000,Cleared By Arrest,230476,15094,,,,,,,,,,,,
55,"December 13, 2023",12/14/2023 at 1:07 PM,12/13/2023 at 7:30 PM,2023,Larceny,Larceny,Lopata House,Lopata House,"Lopata House, Washington University in St. Louis, MO",Complainant reported the theft of an unsecured scooter. Loss $300,Inactive,230472,15096,,,,,,,,,,,,
55,"December 12, 2023",12/21/2023 at 10:48 AM,12/12/2023 at 12:01 AM,2023,Larceny,Larceny,AC,Athletic Complex,"Athletic Complex, Washington University in St. Louis, MO",Complainant reports the theft of a necklace from an unsecured cubby in the womens locker room. Loss $160,Inactive,230491,15102,,,,,,,,,,,,
55,"December 6, 2023",12/06/2023 at 7:57 AM,12/06/2023 at 6:23 AM,2023,Larceny,Larceny,AC,Athletic Complex,"Athletic Complex, Washington University in St. Louis, MO",Complainant reports unsecured bicycle stolen. Loss $98,Cleared By Arrest,230447,15079,,,,,,,,,,,,
55,"November 27, 2023",11/27/2023 at 5:13 PM,11/27/2023 at 3:00 AM,2023,Larceny,Larceny,AB Law,Anheuser-Busch Hall,"Anheuser-Busch Hall (Law School), Washington University in St. Louis, MO",Complainant reports unattended bag containing medication was taken from the 4th floor. Loss $50,Inactive,230431,15025,,,,,,,,,,,,
55,"November 21, 2023",11/30/2023 at 1:50 PM,11/21/2023 at 4:30 PM,2023,Larceny,Larceny,Ridgely Hall,Ridgely Hall,"Ridgely Hall, Washington University in St. Louis, MO",Complainant reports the theft of a laptop from her desk. Loss $799,Closed,230435,15065,,,,,,,,,,,,
55,"November 21, 2023",12/01/2023 at 10:43 AM,11/21/2023 at 12:00 PM,2023,Larceny,Larceny,Green Hall,Green Hall,"Green Hall, Washington University in St. Louis, MO",Complainant reports secured bicycle stolen during Thanksgiving break. Loss $400,Inactive,230438,15067,,,,,,,,,,,,
56,"November 19, 2023",11/20/2023 at 2:03 PM,11/19/2023 at 12:30 AM,2023,Larceny,Larceny,Village House,Village House,"Village House, Washington University in St. Louis, MO",Complainant reports the theft of a bicycle. Loss $400,Cleared By Arrest,230423,15012,,,,,,,,,,,,
56,"November 18, 2023",03/07/2024 at 4:43 PM,11/18/2023 at 12:00 AM,2023,Stalking,Stalking,Danforth Campus,Danforth Campus,"6475 Forsyth Blvd, St. Louis, MO 63105",Complainant reports influx of concerning messages.,Active,240082,15888,,,,,,,,,,,,
56,"November 16, 2023",11/16/2023 at 7:44 AM,11/16/2023 at 6:27 AM,2023,Larceny,Larceny,AC,Athletic Complex,"Athletic Complex, Washington University in St. Louis, MO",Complainant reports the theft of his unsecured bicycle. Loss $150,Cleared By Arrest,230416,15008,,,,,,,,,,,,
56,"November 16, 2023",11/16/2023 at 7:41 AM,11/16/2023 at 3:09 AM,2023,Larceny,Larceny,700 Rosedale,700 block Rosedale,"700 Rosedale, St. Louis, MO",Complainant reports the theft of his bike. Loss $400,Inactive,230414,15006,,,,,,,,,,,,
56,"November 15, 2023",11/21/2023 at 3:03 PM,11/15/2023 at 9:00 AM,2023,Larceny,Larceny,Rebstock,Rebstock Hall,"Rebstock Hall, Washington University in St. Louis, MO",Complainant reports the theft of a bicycle. Loss $360,Inactive,230426,15017,,,,,,,,,,,,
56,"November 14, 2023",11/27/2023 at 4:34 PM,11/14/2023 at 12:30 PM,2023,Larceny,Larceny,Cupples I,Cupples I,"Cupples Hall I, Washington University in St. Louis, MO",Complainant reports the theft of a bicycle over a two week period. Loss $380,Inactive,230430,15027,,,,,,,,,,,,
56,"November 13, 2023",11/20/2023 at 12:37 PM,11/13/2023 at 7:00 AM,2023,Larceny,Larceny,AC,Athletic Complex,"Athletic Complex, Washington University in St. Louis, MO",Complainant reports the theft of items from her locker. Loss $60,Active,230422,15010,,,,,,,,,,,,
56,"November 11, 2023",11/12/2023 at 1:14 PM,11/11/2023 at 9:55 AM,2023,Larceny,Larceny,Bauer Hall,Bauer Hall,"Bauer Hall, Washington University in St. Louis, MO",Complainant reported the theft of his unsecured EVO bike. Loss $1800,Closed; Property Recovered,230405,14979,,,,,,,,,,,,
56,"November 10, 2023",11/10/2023 at 2:43 PM,11/10/2023 at 5:40 AM,2023,Larceny,Larceny,Athletic Complex,Athletic Complex,"Athletic Complex, Washington University in St. Louis, MO","Complainant reports the theft of an unsecured bicycle. Loss $100
Bicycle recovered/returned to student 11/13/23",Cleared By Arrest,230398,14975,,,,,,,,,,,,
56,"November 9, 2023",11/10/2023 at 11:35 AM,11/09/2023 at 7:00 PM,2023,Larceny,Larceny,Schnuck Pavilion,Schnuck Pavilion,"Schnucks Pavilion, Washington University in St. Louis, MO",Complainant reports the theft of his bicycle tires. Loss $250,Active,230397,14977,,,,,,,,,,,,
57,"November 4, 2023",11/11/2023 at 5:29 PM,11/04/2023 at 6:00 PM,2023,Larceny,Larceny,Zetcher,Zetcher House,"Zetcher House, Washington University in St. Louis, MO",Complainant reports the theft of a wallet containing credit cards.,Closed,230400,15004,,,,,,,,,,,,
57,"November 3, 2023",11/07/2023 at 7:50 PM,11/03/2023 at 9:00 PM,2023,Larceny,Larceny,Weil Hall,Weil Hall,"Weil Hall, Washington University in St. Louis, MO",Complainant reports the theft of a bicycle. Loss $400,Inactive,230393,14940,,,,,,,,,,,,
57,"November 3, 2023",11/04/2023 at 6:46 PM,11/03/2023 at 5:40 PM,2023,Larceny,Larceny,AB Law,Anheuser-Busch Hall,"Anheuser-Busch Hall (Law School), Washington University in St. Louis, MO",Complainant reports that he left his backpack under a table in the 3rd floor atrium and forgot it. When he returned it was missing. Loss $100,Inactive,230390,14936,,,,,,,,,,,,
57,"November 2, 2023",11/07/2023 at 9:04 AM,11/02/2023 at 1:00 PM,2023,Larceny,Larceny,Compton,Compton Hall,"Compton Hall, Washington University in St. Louis, MO",Three large aluminum panels stolen from the loading dock area. Loss $2240,Inactive,230392,14942,,,,,,,,,,,,
57,"October 30, 2023",10/30/2023 at 9:48 AM,10/30/2023 at 9:48 AM,2023,Assault,Assault,Mallinckrodt,Mallinckrodt Center,"Mallinckrodt Center, Washington University in St. Louis, MO",Disturbance in the kitchen area resulted in assault 3rd.,Cleared by arrest,230377,14893,,,,,,,,,,,,
57,"October 26, 2023",10/31/2023 at 3:59 PM,10/26/2023 at 9:54 AM,2023,Larceny,Larceny,Green Hall,Green Hall,"Green Hall, Washington University in St. Louis, MO",Complainant reports the theft of a bicycle. Loss $780,Cleared By Arrest,230381,14891,,,,,,,,,,,,
57,"October 26, 2023",10/27/2023 at 12:24 PM,10/26/2023 at 9:00 AM,2023,Larceny,Larceny,Brauer Hall,Brauer Hall,"Brauer Hall, Washington University in St. Louis, MO",Complainant reports the theft of a bicycle. Loss $600,Cleared By Arrest,230371,14873,,,,,,,,,,,,
57,"October 25, 2023",10/26/2023 at 1:45 PM,10/25/2023 at 7:44 PM,2023,Larceny,Larceny,Givens,Givens Hall,"Givens Hall, Washington University in St. Louis, MO",Complainant reports the theft of a scooter. Loss $279,Cleared By Arrest,230365,14877,,,,,,,,,,,,
57,"October 25, 2023",10/25/2023 at 6:15 PM,10/25/2023 at 6:15 PM,2023,Larceny,Larceny,Givens,Givens Hall,"Givens Hall, Washington University in St. Louis, MO","Complainant reports the theft of a bicycle. Loss $540
Bike recovered 10/26/23 and returned to owner",Cleared By Arrest,230363,14879,,,,,,,,,,,,
57,"October 22, 2023",10/22/2023 at 10:49 PM,10/22/2023 at 4:00 PM,2023,Larceny,Larceny,Green Hall,Green Hall,"Green Hall, Washington University in St. Louis, MO",Complainant reports the theft of a secured bike. Loss $275,Cleared,230347,14809,,,,,,,,,,,,
58,"October 21, 2023",10/21/2023 at 5:23 PM,10/21/2023 at 5:23 PM,2023,Fire,Fire,Lopata House,Lopata House,"Lopata House, Washington University in St. Louis, MO",Minor fire contained to an oven during the self-cleaning process. No damage to property reported.,Cleared,23-10-21-036439,14811,,,,,,,,,,,,
58,"October 21, 2023",10/21/2023 at 12:54 AM,10/21/2023 at 12:50 AM,2023,Motor Vehicle Theft,Stolen Vehicle,Tisch Commons,Tisch Commons,"Tisch Commons, Washington University in St. Louis, MO",2 students took a golf cart without permission.,Cleared by arrest. Property recovered,230344,14813,,,,,,,,,,,,
58,"October 20, 2023",10/20/2023 at 11:40 PM,10/20/2023 at 11:33 PM,2023,Assault 3rd,Assault,Frat House 6,Frat House 6,"6 Fraternity Way, St. Louis, MO 63105",Assault during an event at the house.,"Cleared, referred to JA",230343,14815,,,,,,,,,,,,
58,"October 20, 2023",10/23/2023 at 4:52 PM,10/20/2023 at 9:01 AM,2023,Larceny,Larceny,Somers,Somers Family Hall,"Somers Family Hall, Washington University in St. Louis, MO",Complainant reports the theft of a bike. Loss pending.,Inactive,230350,14882,,,,,,,,,,,,
58,"October 19, 2023",10/26/2023 at 5:32 PM,10/19/2023 at 5:00 PM,2023,Larceny,Larceny,Rebstock,Rebstock Hall,"Rebstock Hall, Washington University in St. Louis, MO",Complainant reports the theft of a scooter. Loss $249,Pending,230368,14875,,,,,,,,,,,,
58,"October 19, 2023",,10/19/2023 at 4:15 PM,2023,Security Memo,Security Memo,,,,,,,14821,,,,,,,,,,,,
58,"October 19, 2023",10/20/2023 at 5:00 PM,10/19/2023 at 10:00 AM,2023,Larceny,Larceny,Olin,Olin Library,"1 Brookings Dr, St. Louis, MO 63130","Complainant reports the theft of a rental bike, black Batch Bears Bike from the rack on the south side of Olin. Loss $400",Pending,230342,14817,,,,,,,,,,,,
58,"October 19, 2023",10/19/2023 at 7:03 PM,10/19/2023 at 9:00 AM,2023,Larceny,Larceny,Rudolph,Rudolph Hall,"Rudolph Hall, Washington University in St. Louis, MO",Complainant reports the theft of a bicycle locked with a cable lock. Loss $400,Cleared By Arrest,230337,14807,,,,,,,,,,,,
58,"October 18, 2023",10/18/2023 at 11:47 PM,10/18/2023 at 10:30 PM,2023,Larceny,Larceny,Givens,Givens Hall,"Givens Hall, Washington University in St. Louis, MO",Complainant reports the theft of a bicycle. Loss $180,Cleared By Arrest,230333,14884,,,,,,,,,,,,
58,"October 18, 2023",10/20/2023 at 4:11 PM,10/18/2023 at 5:32 AM,2023,Larceny,Larceny,Schnuck Pavilion,Schnuck Pavilion,"Schnucks Pavilion, Washington University in St. Louis, MO",Complainant reports the theft of a black Specialized bike with pink writing. Loss $1200,Cleared,230341,14819,,,,,,,,,,,,
59,"October 17, 2023",10/17/2023 at 3:13 PM,10/17/2023 at 12:30 PM,2023,Larceny,Larceny,Green Hall,Green Hall,"Green Hall, Washington University in St. Louis, MO",Complainant reported the theft of a scooter. Loss $700,Inactive,230326,14800,,,,,,,,,,,,
59,"October 17, 2023",10/24/2023 at 12:08 AM,10/17/2023 at 10:00 AM,2023,Larceny,Larceny,Green Hall,Green Hall,"Green Hall, Washington University in St. Louis, MO",Complainant reports unsecured bicycle stolen. Loss $98,Inactive,230353,14827,,,,,,,,,,,,
59,"October 15, 2023",,10/15/2023 at 2:34 PM,2023,Criminal Incident-Assault,Assault,Big Bend near Fontbonne,Big Bend near Fontbonne,"Big Bend near Fontbonne, Washington University in St. Louis, MO",,,,14798,,,,,,,,,,,,
59,"October 13, 2023",10/13/2023 at 1:37 AM,10/13/2023 at 1:36 AM,2023,Larceny,Larceny,Millbrook 1,Millbrook 1,"6926 Forest Park Pkwy, University City, MO 63130",Students were found with stolen key card kiosk and traffic barricade. Items were recovered.,"Cleared, referred to JA",230316,14768,,,,,,,,,,,,
59,"October 13, 2023",10/13/2023 at 1:22 AM,10/13/2023 at 1:20 AM,2023,Fire,Fire,Millbrook 1,Millbrook 1,"6926 Forest Park Pkwy, University City, MO 63130",Subjects using a toaster oven on top of the stove inadvertently turned on the stove which caused the toaster over to catch fire and melt.,Cleared,230315,14770,,,,,,,,,,,,
59,"October 12, 2023",10/12/2023 at 12:53 PM,10/12/2023 at 7:56 AM,2023,Larceny,Larceny,Seigle,Seigle Hall,"Seigle Hall, Washington University in St. Louis, MO",Complainant reports the theft of an unsecured bicycle. Loss $425,Inactive,230312,14772,,,,,,,,,,,,
59,"October 8, 2023",10/09/2023 at 6:16 PM,10/08/2023 at 9:30 AM,2023,Larceny,Larceny,AC,Athletic Complex,"Athletic Complex, Washington University in St. Louis, MO",Complainant reports the theft of an unsecured bicycle. Loss pending,Active,230309,14774,,,,,,,,,,,,
59,"October 5, 2023",10/05/2023 at 7:34 PM,10/05/2023 at 2:15 PM,2023,Larceny,Larceny,Whitaker,Whitaker Hall,"Whitaker Hall, Washington University in St. Louis, MO",Complaint reports the theft of his secured bicycle from the south side bike rack. Loss $1000,Cleared,230305,14745,,,,,,,,,,,,
59,"September 29, 2023",10/01/2023 at 8:00 PM,09/29/2023 at 5:00 PM,2023,Larceny,Larceny,Promenade,Promenade,"The Promenade, Washington University in St. Louis, MO",Sign stolen from the basketball court. Loss $50. Suspect identified and property returned.,Cleared,230295,14741,,,,,,,,,,,,
59,"September 29, 2023",,09/29/2023 at 5:20 AM,2023,Security Memo-Robbery,Robbery,6000 blk Pershing,6000 block Pershing,"6000 Pershing, St. Louis, MO",,,,14694,,,,,,,,,,,,
60,"September 28, 2023",01/28/2025 at 3:13 PM,09/28/2023 at 3:00 PM,2023,Sexual Assault,Sexual Assault,Umrath Hall,Umrath Hall,"Umrath Hall, Washington University in St. Louis, MO",Complainant reports non-consensual incident.,Closed,250036,17012,,,,,,,,,,,,
60,"September 28, 2023",10/01/2023 at 11:19 PM,09/28/2023 at 12:00 AM,2023,Larceny,Larceny,Zetcher,Zetcher House,"Zetcher House, Washington University in St. Louis, MO",Complainant reports the theft of an unsecured Bears bike from the racks.,Inactive,230291,14739,,,,,,,,,,,,
60,"September 27, 2023",09/27/2023 at 10:39 PM,09/27/2023 at 10:39 PM,2023,Fire-6600 Washington,Fire,6600 Washington,6600 Washington,"6600 Washington, St. Louis, MO",Grease fire while cooking. Damage amount pending.,Cleared,230276,14696,,,,,,,,,,,,
60,"September 23, 2023",09/24/2023 at 12:19 AM,09/23/2023 at 8:16 PM,2023,Larceny,Larceny,Green Hall,Green Hall,"Green Hall, Washington University in St. Louis, MO",Complainant reported the theft of his bicycle. Loss $510,Cleared,230261,14698,,,,,,,,,,,,
60,"September 19, 2023",09/19/2023 at 12:59 AM,09/19/2023 at 12:45 AM,2023,Arson,Arson,316 Skinker,316 Skinker,"316 Skinker, St. Louis, MO",Personal belongings intentionally set on fire outside the rear door.,Inactive,230243,14634,,,,,,,,,,,,
60,"September 18, 2023",10/03/2023 at 11:54 AM,09/18/2023 at 11:54 AM,2023,Larceny,Larceny,AC,Athletic Complex,"Athletic Complex, Washington University in St. Louis, MO",Womens soccer team report a series of thefts occurring over a two week time period from unsecured lockers.,Inactive,230298,14743,,,,,,,,,,,,
60,"September 15, 2023",09/29/2023 at 8:44 AM,09/15/2023 at 9:20 AM,2023,Assault,Assault,Crow Hall,Crow Hall,"Crow Hall, Washington University in St. Louis, MO",Complainant reports that a subject unknown spit on him while he was walking across campus near Crow Hall. Victim declined further investigation or prosecution.,Closed,230280,14737,,,,,,,,,,,,
60,"September 12, 2023",09/12/2023 at 7:32 AM,09/12/2023 at 6:50 AM,2023,Larceny,Larceny,AC,Athletic Complex,"Athletic Complex, Washington University in St. Louis, MO",Complainants bike lock cut and bike stolen.,Closed,230206,14584,,,,,,,,,,,,
60,"September 11, 2023",,09/11/2023 at 12:16 AM,2023,Security Memo,Security Memo,Shepley Dorm,Shepley Dorm,"214-298 S Big Bend Blvd, Clayton, MO 63105",,,,14581,,,,,,,,,,,,
60,"September 9, 2023",09/10/2023 at 2:56 PM,09/09/2023 at 9:30 PM,2023,Larceny,Larceny,Wheeler,Wheeler House,"Wheeler House, Washington University in St. Louis, MO",Complainant reports the theft of his bicycle. Loss $1000. Bicycle later recovered.,Closed,230191,14575,,,,,,,,,,,,
61,"September 8, 2023",09/13/2023 at 5:32 PM,09/08/2023 at 6:00 PM,2023,Larceny,Larceny,Gregg,Gregg,"Gregg House, Washington University in St. Louis, MO",Complainant reports the theft of a bicycle which had been secured with a cable lock. Loss $650,Closed,230213,14632,,,,,,,,,,,,
61,"September 8, 2023",09/14/2023 at 2:39 PM,09/08/2023 at 3:45 PM,2023,Larceny,Larceny,AC,Athletic Complex,"Athletic Complex, Washington University in St. Louis, MO",Complainant reports the theft of his bicycle. Loss $2000,Inactive,230220,14630,,,,,,,,,,,,
61,"September 8, 2023",09/08/2023 at 11:34 AM,09/08/2023 at 11:00 AM,2023,Larceny,Larceny,Bryan,Bryan Hall,"Bryan Hall, Washington University in St. Louis, MO",Complainant reports the theft of her wallet from an unsured area.,Inactive,230183,14579,,,,,,,,,,,,
61,"September 6, 2023",09/10/2023 at 3:27 PM,09/06/2023 at 7:12 AM,2023,Larceny,Larceny,AC,Athletic Complex,"Athletic Complex, Washington University in St. Louis, MO",Bicycle stolen from AC. Loss $400,Inactive,230192,14573,,,,,,,,,,,,
61,"September 4, 2023",09/04/2023 at 10:56 PM,09/04/2023 at 10:51 PM,2023,Larceny,Larceny,Olin Loading Dock,Olin Loading Dock,"Olin Loading Dock, Washington University in St. Louis, MO",Golf cart stolen. Loss pending,Active,230172,14586,,,,,,,,,,,,
61,"September 1, 2023",09/01/2023 at 3:36 AM,09/01/2023 at 3:00 AM,2023,Arson,Arson,310 Skinker,310 Skinker,"310 Skinker, St. Louis, MO",Mattress fire in the alley at 310 Skinker. Fire was extinguished by St. Louis City Fire Dept.,Inactive,230167,14541,,,,,,,,,,,,
61,"August 30, 2023",09/09/2023 at 1:14 PM,08/30/2023 at 3:00 PM,2023,Larceny,Larceny,Shandeling Dorm,Shanedling Dorm,"Shanedling Hall, Washington University in St. Louis, MO",Unsecured bicycle stolen. Loss $250,Inactive,230190,14577,,,,,,,,,,,,
61,"August 29, 2023",08/29/2023 at 6:41 PM,08/29/2023 at 9:40 AM,2023,Larceny,Larceny,Steinberg,Steinberg,"Steinberg Hall, Washington University in St. Louis, MO",Complainant unable to locate his IPad after attending class. Unknown if it was left in class or later lost elsewhere. Loss $749,Inactive,230165,14474,,,,,,,,,,,,
61,"August 21, 2023",08/21/2023 at 2:24 PM,08/21/2023 at 1:45 PM,2023,Larceny,Larceny,Bears Den,Bears Den,"Bears Den (Danforth University Center), Washington University in St. Louis, MO","Complainant lost his wallet and when it was found and returned, he reported the cash missing. Loss $275",Active,230143,14446,,,,,,,,,,,,
61,"August 9, 2023",08/10/2023 at 12:25 PM,08/09/2023 at 6:00 PM,2023,Larceny,Larceny,Cupples I,Cupples I,"Cupples Hall I, Washington University in St. Louis, MO","Complainant reported the theft of an unattended backpack from a bench outside the north door, containing his laptop and passport. Loss $1000",Inactive,230137,14363,,,,,,,,,,,,
62,"August 5, 2023",08/06/2023 at 11:43 AM,08/05/2023 at 11:00 AM,2023,Larceny,Larceny,Millbrook 2,Millbrook 2,"6926 Forest Park Pkwy, University City, MO 63130",Complainant reports the theft of a bicycle. Unknown if secured. Unknown value.,Inactive,230135,14284,,,,,,,,,,,,
62,"July 5, 2023",07/05/2023 at 4:35 PM,07/05/2023 at 4:25 PM,2023,Larceny,Larceny,Green Hall,Green Hall,"Green Hall, Washington University in St. Louis, MO",Complainant reports the theft of his bike. Loss $1150,Inactive,230125,13564,,,,,,,,,,,,
62,"May 30, 2023",05/31/2023 at 12:21 PM,05/30/2023 at 7:30 PM,2023,Larceny,Larceny,Mudd Dorm,Mudd Dorm,"Mudd Hall, Washington University in St. Louis, MO",Complainant reports the theft of his bicycle from the rack at Mudd. Loss $180,Inactive,230117,13547,,,,,,,,,,,,
62,"May 16, 2023",05/16/2023 at 6:04 PM,05/16/2023 at 5:20 PM,2023,Larceny,Larceny,Olin Library,Olin Library,"1 Brookings Dr, St. Louis, MO 63130",Complainant reported the theft of his backpack containing his laptop and iPad. Loss $3150,Cleared by arrest. Property recovered,230113,13532,,,,,,,,,,,,
62,"May 11, 2023",05/11/2023 at 9:38 PM,05/11/2023 at 12:00 AM,2023,Larceny,Larceny,Beaumont Dorm,Beaumont Dorm,"Beaumont Dorm, Washington University in St. Louis, MO","Complainant reports the theft of an unattended, unsecured, virtual reality headset from the 2nd floor common area. Loss $500",Inactive,230111,13515,,,,,,,,,,,,
62,"May 10, 2023",05/10/2023 at 10:32 PM,05/10/2023 at 9:41 PM,2023,Burglary,Burglary,Frat House 4,Fraternity Row,"Fraternity Way, St. Louis, MO 63105",Burglary occurred when suspect entered through a propped door and stole items. Items were recovered and suspect arrested.,Cleared by arrest,220110,13512,,,,,,,,,,,,
62,"May 8, 2023",05/08/2023 at 3:53 PM,05/08/2023 at 6:00 AM,2023,Larceny,Larceny,Village House,Village House,"Village House, Washington University in St. Louis, MO",Complainant inadvertently left his bookbag at in the dining area and upon his return his bag containing his laptop was missing. Loss $3500. Some items were later recovered and a suspect identified.,Cleared,230108,13508,,,,,,,,,,,,
62,"May 1, 2023",06/02/2023 at 12:34 PM,05/01/2023 at 12:34 PM,2023,Larceny,Larceny,Chiller Plant,Brauer Hall,"Brauer Hall, Washington University in St. Louis, MO",Complainant reports the theft of a bicycle from sometime in May. Loss $220,Active,230118,13545,,,,,,,,,,,,
62,"April 27, 2023",04/27/2023 at 12:12 PM,04/27/2023 at 6:05 AM,2023,Larceny,Larceny,Athletic Complex,Athletic Complex,"Athletic Complex, Washington University in St. Louis, MO",Complainants shoes were stolen at Sumers Rec Center. Loss $400. Suspect identified and shoes recovered.,Cleared,230099,13462,,,,,,,,,,,,
62,"April 26, 2023",04/28/2023 at 5:41 PM,04/26/2023 at 6:34 PM,2023,Larceny,Larceny,McMillan,McMillan Hall,"McMillan Hall, Washington University in St. Louis, MO",Complainant reported her bicycle stolen. Loss $600,Active,230103,13464,,,,,,,,,,,,
63,"April 21, 2023",04/25/2023 at 1:59 PM,04/21/2023 at 11:30 PM,2023,Larceny,Larceny,Tisch Park,Tisch Commons,"Tisch Commons, Washington University in St. Louis, MO",#7 from WashU2027 sign stolen. Suspects located and property recovered.,Cleared,230096,13460,,,,,,,,,,,,
63,"April 17, 2023",04/18/2023 at 10:54 AM,04/17/2023 at 2:50 PM,2023,Larceny,Larceny,Hurd Dorm,Hurd Dorm,"Hurd Hall, Washington University in St. Louis, MO",Unsecured bike reported missing. Loss $600,Inactive,230094,13423,,,,,,,,,,,,
63,"April 15, 2023",04/15/2023 at 2:28 AM,04/15/2023 at 2:25 AM,2023,Arson,Arson,Danforth Dorm,Danforth House,"Danforth House, Washington University in St. Louis, MO",Unknown subject set a bulletin board on fire. Fire was extinguished with a fire extinguisher.,Closed,230091,13416,,,,,,,,,,,,
63,"April 14, 2023",04/17/2023 at 12:07 PM,04/14/2023 at 2:00 PM,2023,Larceny,Larceny,Shepley Dorm,Shepley Dorm,"214-298 S Big Bend Blvd, Clayton, MO 63105",Complainant reports his bike stolen over the weekend. Loss $130,Inactive,230093,13425,,,,,,,,,,,,
63,"April 11, 2023",04/14/2023 at 10:06 PM,04/11/2023 at 12:15 AM,2023,Larceny,Larceny,Urbauer Hall,Urbauer Hall,"Urbauer Hall, Washington University in St. Louis, MO","Unattended, unsecured, iPad stolen from room 218. Loss $1000",Inactive,230090,13418,,,,,,,,,,,,
63,"April 7, 2023",04/07/2023 at 5:27 PM,04/07/2023 at 4:45 PM,2023,Larceny,Larceny,Bauer,Bauer Hall,"Bauer Hall, Washington University in St. Louis, MO","Complainant reported her unattended backpack, containing her laptop, was stolen from the 3rd floor. Loss $1101.",Active,230079,13410,,,,,,,,,,,,
63,"March 30, 2023",03/30/2023 at 7:44 PM,03/30/2023 at 11:30 AM,2023,Larceny,Larceny,Hillman Hall,Hillman Hall,"Hillman Hall, Washington University in St. Louis, MO",Complainant reported the theft of a wallet after it fell out of his pocket. Loss $102,Closed,230069,13399,,,,,,,,,,,,
63,"March 23, 2023",03/23/2023 at 8:46 PM,03/23/2023 at 8:42 PM,2023,Assault 3rd,Assault,Zetcher Loading Dock,Zetcher House,"Zetcher House, Washington University in St. Louis, MO",Altercation between two Bon Appetite employees. No injuries,Closed,230063,13371,,,,,,,,,,,,
63,"March 6, 2023",03/06/2023 at 2:44 PM,03/06/2023 at 1:40 PM,2023,Shoplifting,Shoplifting,Schnuck Pavilion,Schnuck Pavilion,"Schnucks Pavilion, Washington University in St. Louis, MO",Subject stole food without paying.,Inactive,230050,13299,,,,,,,,,,,,
63,"March 3, 2023",03/16/2023 at 2:09 PM,03/03/2023 at 6:30 PM,2023,Larceny,Larceny,Bauer Hall,Bauer Hall,"Bauer Hall, Washington University in St. Louis, MO",Report of a theft of an iPad left in room 102 following an event. Loss $1299,Inactive,230054,13363,,,,,,,,,,,,
64,"March 3, 2023",03/03/2023 at 1:50 PM,03/03/2023 at 12:00 PM,2023,Larceny,Larceny,Hillman,Hillman Hall,"Hillman Hall, Washington University in St. Louis, MO",Complainants wallet was stolen from an unattended purse in room 300. Charge cards were used at the Galleria. Loss $3541,Inactive,230048,13291,,,,,,,,,,,,
64,"March 1, 2023",03/08/2023 at 8:38 PM,03/01/2023 at 10:48 PM,2023,Larceny,Larceny,Mallinckrodt,Mallinckrodt Center,"Mallinckrodt Center, Washington University in St. Louis, MO",Contractor reports the theft of a floor scrubber from the dock storage area. Loss $1800,Located-Incident Unfounded,230051,13297,,,,,,,,,,,,
64,"March 1, 2023",03/01/2023 at 10:50 AM,03/01/2023 at 8:20 AM,2023,Larceny,Larceny,Athletic Complex,Athletic Complex,"Athletic Complex, Washington University in St. Louis, MO",Unsecured bicycle stolen from the front rack Loss $800. Suspect arrested on Metro Link and bicycle recovered.,Cleared by arrest,230045,13293,,,,,,,,,,,,
64,"February 21, 2023",02/23/2023 at 4:01 PM,02/21/2023 at 5:30 PM,2023,Larceny,Larceny,Athletic Complex,Athletic Complex,"Athletic Complex, Washington University in St. Louis, MO",Complainant reports the theft of a bicycle from the AC.,Active,230041,13280,,,,,,,,,,,,
64,"February 20, 2023",02/20/2023 at 5:59 PM,02/20/2023 at 4:10 PM,2023,Larceny,Larceny,Athletic Complex,Athletic Complex,"Athletic Complex, Washington University in St. Louis, MO",Complainant reports his unsecured bicycle stolen. Loss $500,Inactive,230039,13275,,,,,,,,,,,,
64,"February 14, 2023",02/20/2023 at 9:23 PM,02/14/2023 at 2:00 PM,2023,Larceny,Larceny,Olin Library,Olin Library,"1 Brookings Dr, St. Louis, MO 63130",Complainant reports the theft of an unsecured bicycle. Loss $400,Inactive,230040,13271,,,,,,,,,,,,
64,"February 8, 2023",02/08/2023 at 5:40 PM,02/08/2023 at 4:10 PM,2023,Larceny,Larceny,Edison Theater,Edison Theater,"Edison Theater, Washington University in St. Louis, MO",Complainant reports the theft of a wallet.,Active,230033,13163,,,,,,,,,,,,
64,"January 31, 2023",02/02/2023 at 6:49 PM,01/31/2023 at 10:00 PM,2023,Larceny,Larceny,Bears Den,Bears Den,"Bears Den (Danforth University Center), Washington University in St. Louis, MO","Complainant reported that after losing his wallet, it was later found but was missing $280 in cash.",Inactive,230027,13130,,,,,,,,,,,,
64,"January 22, 2023",01/23/2023 at 2:07 PM,01/22/2023 at 2:38 AM,2023,Larceny,Larceny,Throop,Throop,"Throop Drive, Washington University in St. Louis, MO",Student stole two signs. Loss $110,Inactive,230014,12972,,,,,,,,,,,,
64,"January 15, 2023",01/17/2023 at 5:21 PM,01/15/2023 at 9:02 PM,2023,Larceny,Larceny,Eads,Eads Hall,"Eads Hall, Washington University in St. Louis, MO",Complainant reports the theft of an unsecured bicycle. Loss $200,Inactive,230011,12857,,,,,,,,,,,,
65,"January 9, 2023",01/16/2023 at 3:53 AM,01/09/2023 at 3:00 PM,2023,Larceny,Larceny,Park Dorm,Park House,"Park House, Washington University in St. Louis, MO",Complainant reports the theft of necklace that had been left in the community kitchen.,Active,230006,12881,,,,,,,,,,,,
65,"January 4, 2023",01/11/2023 at 7:44 AM,01/04/2023 at 8:00 AM,2023,Burglary,Burglary,Ridgely Hall,Ridgely Hall,"Ridgely Hall, Washington University in St. Louis, MO",Undergraduate Admissions Office reported the theft of computer equipment. Loss $7800,Inactive,230004,12833,,,,,,,,,,,,
65,"January 3, 2023",01/09/2023 at 4:17 PM,01/03/2023 at 12:19 PM,2023,Larceny,Larceny,Cupples I,Cupples I,"Cupples Hall I, Washington University in St. Louis, MO",Complainant reports the theft of a Fedex delivery. Loss $674,Unfounded. Property located.,230002,12839,,,,,,,,,,,,
65,"December 19, 2022",01/16/2023 at 11:24 PM,12/19/2022 at 10:00 AM,2022,Larceny,Larceny,AB Law,Anheuser-Busch Hall,"Anheuser-Busch Hall (Law School), Washington University in St. Louis, MO",Complainant reports the theft of a bicycle over winter break. Loss $650,Pending,230008,12875,,,,,,,,,,,,
65,"December 18, 2022",01/17/2023 at 11:55 AM,12/18/2022 at 9:50 AM,2022,Larceny,Larceny,Seigle,Seigle Hall,"Seigle Hall, Washington University in St. Louis, MO",Complainant reports the theft of their bicycle over winter break. Loss $1225,Pending,230010,12863,,,,,,,,,,,,
65,"December 17, 2022",12/17/2022 at 10:18 PM,12/17/2022 at 10:18 PM,2022,Receiving Stolen Property,Receiving Stolen Property,Forest Park Parkway,Forest Park Parkway,"Forest Park Parkway, St. Louis, MO",Subject was arrested riding a bicycle registered to a student. Bike was recovered.,Cleared by arrest,220254,12695,,,,,,,,,,,,
65,"December 17, 2022",12/17/2022 at 9:58 PM,12/17/2022 at 9:35 PM,2022,Larceny,Larceny,Green Hall,Green Hall,"Green Hall, Washington University in St. Louis, MO",Complainant reports the theft of the front wheel of his bicycle. Loss $150,Cleared by arrest,220253,12701,,,,,,,,,,,,
65,"December 13, 2022",12/13/2022 at 10:30 PM,12/13/2022 at 10:00 PM,2022,Larceny,Larceny,Simon,Simon Hall,"Simon Hall, Washington University in St. Louis, MO",Complainant reports he dropped his wallet and when recovered it was missing cash. Loss $150,Pending,220252,12707,,,,,,,,,,,,
65,"December 11, 2022",01/31/2023 at 7:04 AM,12/11/2022 at 1:00 PM,2022,Lost or Stolen,Lost or Stolen,Athletic Complex,Athletic Complex,"Athletic Complex, Washington University in St. Louis, MO",Complainant reports a class ring missing from unattended items following in the varsity practice gym. Value $700,Pending,230022,13124,,,,,,,,,,,,
65,"December 10, 2022",12/12/2022 at 11:01 AM,12/10/2022 at 3:00 AM,2022,Larceny,Larceny,Village House,Village House,"Village House, Washington University in St. Louis, MO",Student dropped iphone that was later found and not returned. Loss $900,Pending,220249,12627,,,,,,,,,,,,
66,"December 4, 2022",12/04/2022 at 9:05 PM,12/04/2022 at 7:41 PM,2022,Larceny,Larceny,Mallinckrodt,Mallinckrodt Center,"Mallinckrodt Center, Washington University in St. Louis, MO",3 unaffiliated subjects stole packages from the FedEx drop box area. Subjects were stopped and items recovered.,Cleared by arrest,220241,12639,,,,,,,,,,,,
66,"November 23, 2022",11/23/2022 at 7:05 PM,11/23/2022 at 6:50 PM,2022,Larceny,Larceny,Green Hall,Green Hall,"Green Hall, Washington University in St. Louis, MO",Unsecured bike stolen. Loss $85,Pending,220231,12495,,,,,,,,,,,,
66,"November 23, 2022",11/24/2022 at 2:00 PM,11/23/2022 at 11:00 AM,2022,Larceny,Larceny,South 40,South 40,"6618 Shepley Dr, Clayton, MO 63105",Subject reports person unknown is using his lost airpods.,Pending,220232,12507,,,,,,,,,,,,
66,"November 21, 2022",11/27/2022 at 9:05 AM,11/21/2022 at 11:00 PM,2022,Larceny,Larceny,Shepley Dorm,Shepley Dorm,"214-298 S Big Bend Blvd, Clayton, MO 63105",Complainant reports the theft of his bike. Loss $200,Pending,220233,12501,,,,,,,,,,,,
66,"November 17, 2022",12/01/2022 at 3:53 PM,11/17/2022 at 12:01 AM,2022,Larceny,Larceny,DUC,Danforth University Center,"Danforth University Center, Washington University in St. Louis, MO",Complainant reports headphones stolen from the Harvey Media Center. Loss $50,Pending,220247,12633,,,,,,,,,,,,
66,"November 6, 2022",11/07/2022 at 1:51 PM,11/06/2022 at 7:00 PM,2022,Larceny,Larceny,Lopata Hall,Lopata Hall,"Lopata Hall, Washington University in St. Louis, MO",Complainant reports unsecured bicycle stolen. Loss $450,Pending,220218,12447,,,,,,,,,,,,
66,"November 6, 2022",11/06/2022 at 7:27 PM,11/06/2022 at 4:45 PM,2022,Larceny,Larceny,Brookings Archway,Brookings Archway,"Brookings Archway, Washington University in St. Louis, MO",Unattended backpack stolen. Laptop later recovered at Olin.,Pending,220216,12453,,,,,,,,,,,,
66,"November 1, 2022",11/01/2022 at 12:28 PM,11/01/2022 at 6:15 AM,2022,Larceny,Larceny,Athletic Complex,Athletic Complex,"Athletic Complex, Washington University in St. Louis, MO",Two coaches report the theft of their wallets during practice. Office doors were left open. Loss $331,Pending,220207,12407,,,,,,,,,,,,
66,"October 31, 2022",11/03/2022 at 2:45 PM,10/31/2022 at 7:30 PM,2022,Larceny,Larceny,South Campus,South Campus,"6501 Clayton Rd, Clayton, MO 63117",Complainant reports the theft of sports equipment. Loss $1000,Pending,220210,12459,,,,,,,,,,,,
66,"October 31, 2022",11/01/2022 at 5:36 PM,10/31/2022 at 3:30 PM,2022,Larceny,Larceny,Dauten,Dauten Dorm,"Dauten Hall, Washington University in St. Louis, MO",Complainant reports unsecured bicycle stolen. Loss $120,Pending,220208,12401,,,,,,,,,,,,
67,"October 15, 2022",10/16/2022 at 12:13 PM,10/15/2022 at 4:15 PM,2022,Burglary,Burglary,Mildred Lane Kemper Art,Mildred Lane Kemper Art,"Kemper Art Museum, Washington University in St. Louis, MO",Suspect broke into the building stealing electronics and other misc. items. Loss $975,Pending,220198,12128,,,,,,,,,,,,
67,"October 15, 2022",10/15/2022 at 1:36 PM,10/15/2022 at 12:00 PM,2022,Larceny,Larceny,Holmes Lounge,Holmes Lounge,"Holmes Lounge, Washington University in St. Louis, MO",Complainant reports the theft of an unattended backpack. Loss $1700,Pending,220197,12134,,,,,,,,,,,,
67,"October 8, 2022",10/08/2022 at 9:30 PM,10/08/2022 at 9:25 PM,2022,Larceny,Larceny,AC,Athletic Complex,"Athletic Complex, Washington University in St. Louis, MO",Juvenile arrested for bike theft.,Cleared by arrest,220188,12097,,,,,,,,,,,,
67,"October 3, 2022",10/03/2022 at 8:02 AM,10/03/2022 at 7:37 AM,2022,Larceny,Larceny,AC,Athletic Complex,"Athletic Complex, Washington University in St. Louis, MO",Unsecured bicycle stolen. Loss $1700,Pending,220179,12061,,,,,,,,,,,,
67,"October 1, 2022",10/03/2022 at 5:18 PM,10/01/2022 at 3:00 PM,2022,Larceny,Larceny,Bears Den,Bears Den,"Bears Den (Danforth University Center), Washington University in St. Louis, MO",Dining Services reports a theft from their employee locker room. Loss $75,Pending,220180,12055,,,,,,,,,,,,
67,"September 30, 2022",10/02/2022 at 9:14 AM,09/30/2022 at 6:30 AM,2022,Larceny,Larceny,AC,Athletic Complex,"Athletic Complex, Washington University in St. Louis, MO",Unsecured bicycle stolen. Loss $100,Pending,220178,12067,,,,,,,,,,,,
67,"September 27, 2022",09/28/2022 at 3:49 PM,09/27/2022 at 10:00 PM,2022,Larceny,Larceny,Frat 2,Fraternity House 2,"2 Fraternity Way, St. Louis, MO 63105",Complainant reported the theft of a bicycle overnight. Loss $625,Pending,220175,12007,,,,,,,,,,,,
67,"September 21, 2022",09/21/2022 at 7:32 PM,09/21/2022 at 7:00 PM,2022,Larceny,Larceny,Olin Library,Olin Library,"1 Brookings Dr, St. Louis, MO 63130",Complainant reports the theft of an unattended bag containing laptop and car keys. Loss $1493,Pending,220167,11947,,,,,,,,,,,,
67,"September 11, 2022",09/11/2022 at 11:44 AM,09/11/2022 at 10:30 AM,2022,Larceny,Larceny,Simon,Simon Hall,"Simon Hall, Washington University in St. Louis, MO",Complainant reported the theft of two charges left unattended in the hallway. Loss $140,Pending,220157,11830,,,,,,,,,,,,
67,"September 7, 2022",09/07/2022 at 7:52 PM,09/07/2022 at 7:30 PM,2022,Larceny,Larceny,Olin Library,Olin Library,"1 Brookings Dr, St. Louis, MO 63130",Complainant reports the theft of an unattended laptop for the southeast corner of the 3rd floor. Loss $1399,Pending,220155,11836,,,,,,,,,,,,
68,"September 7, 2022",09/07/2022 at 6:05 PM,09/07/2022 at 5:45 PM,2022,Larceny,Larceny,Olin Library,Olin Library,"1 Brookings Dr, St. Louis, MO 63130",Complainant reports the theft of an unattended purse. Loss $350,Pending,220154,11842,,,,,,,,,,,,
68,"September 3, 2022",09/05/2022 at 3:43 PM,09/03/2022 at 3:00 PM,2022,Larceny,Larceny,Frat House 6,Frat House 6,"6 Fraternity Way, St. Louis, MO 63105",Complainant reports the theft of a recruitment banner from the east side exterior wall of the building. Loss $31.00,Pending,220151,11848,,,,,,,,,,,,
68,"September 1, 2022",01/17/2023 at 9:46 AM,09/01/2022 at 9:00 AM,2022,Larceny,Larceny,Green Hall,Green Hall,"Green Hall, Washington University in St. Louis, MO",Complainant reports the theft of a bicycle over a long period of time. Loss $272,Pending,230009,12869,,,,,,,,,,,,
68,"August 20, 2022",08/20/2022 at 3:29 PM,08/20/2022 at 10:00 AM,2022,Larceny,Larceny,Bauer,Bauer Hall,"Bauer Hall, Washington University in St. Louis, MO",Complainant reports the theft of a bicycle. Loss $400,Pending,220140,11647,,,,,,,,,,,,
68,"August 18, 2022",08/18/2022 at 5:07 PM,08/18/2022 at 8:00 AM,2022,Larceny,Larceny,Whitaker,Whitaker Hall,"Whitaker Hall, Washington University in St. Louis, MO",Complainant reports the theft of a bicycle. Loss $500,Pending,220138,11653,,,,,,,,,,,,
68,"August 15, 2022",08/15/2022 at 4:43 PM,08/15/2022 at 8:30 AM,2022,Larceny,Larceny,Millbrook Garage,Millbrook Garage,"Millbrook Garage, Washington University in St. Louis, MO",Complainant reports the theft of his bike. Loss $200,Pending,220137,11602,,,,,,,,,,,,
68,"August 10, 2022",08/11/2022 at 3:50 AM,08/10/2022 at 7:00 PM,2022,Stolen Auto,Stolen Vehicle,Snowway Garage,Snow Way Garage,"Snow Way Garage, Washington University in St. Louis, MO","Complainant reports the theft of her Kia Sportage. Loss $16,000",Pending,220134,11536,,,,,,,,,,,,
68,"August 10, 2022",08/10/2022 at 5:33 PM,08/10/2022 at 4:27 PM,2022,Larceny,Larceny,Brauer Hall,Brauer Hall,"Brauer Hall, Washington University in St. Louis, MO",Complainant reports the theft of his bicycle. Loss $708,Pending,220133,11542,,,,,,,,,,,,
68,"August 8, 2022",,08/08/2022 at 6:00 PM,2022,Crime Alert-Criminal Activity,Criminal Activity,Delmar Loop Area,Delmar Loop Area,"6504 Delmar Blvd, St. Louis, MO 63130",,,,11515,,,,,,,,,,,,
68,"August 7, 2022",,08/07/2022 at 8:00 PM,2022,Security Memo-Robbery,Robbery,6200 block Delmar,6200 block Delmar,"6200 Delmar, St. Louis, MO",,,,11521,,,,,,,,,,,,
69,"August 5, 2022",,08/05/2022 at 6:00 PM,2022,Security Memo-Vehicle Theft,Stolen Vehicle,6100 blk Pershing,6100 blk Pershing,"6100 Pershing, St. Louis, MO",,,,11503,,,,,,,,,,,,
69,"August 4, 2022",,08/04/2022 at 9:22 PM,2022,Crime Alert-Criminal Activity,Criminal Activity,600 blk N. Skinker,600 blk N. Skinker,"600 N. Skinker, St. Louis, MO",,,,11509,,,,,,,,,,,,
69,"August 1, 2022",08/01/2022 at 6:53 AM,08/01/2022 at 6:53 AM,2022,Burglary,Burglary,Shandeling Dorm,Shanedling Dorm,"Shanedling Hall, Washington University in St. Louis, MO",Contractors working in the building reported unknown subjects were in the lower level of the dorm when they arrived for work. Officers arrested 6 subjects for burglary.,Cleared by arrest,220128,11482,,,,,,,,,,,,
69,"July 30, 2022",07/30/2022 at 2:33 PM,07/30/2022 at 12:00 PM,2022,Larceny,Larceny,Rebstock,Rebstock Hall,"Rebstock Hall, Washington University in St. Louis, MO",Complainant reports the theft of his bicycle from the north side of Rebstock. Loss $850,Pending,220127,11488,,,,,,,,,,,,
69,"July 26, 2022",,07/26/2022 at 7:00 PM,2022,Security Memo-Criminal Activity,Criminal Activity,700 blk Rosedale,700 block Rosedale,"700 Rosedale, St. Louis, MO",,,,11476,,,,,,,,,,,,
69,"July 17, 2022",,07/17/2022 at 6:50 PM,2022,Security Memo-Stolen Auto,Stolen Vehicle,500 blk Kingsland,500 blk Kingsland,"500 Kingsland, St. Louis, MO",,,,11437,,,,,,,,,,,,
69,"July 11, 2022",07/12/2022 at 7:44 AM,07/11/2022 at 7:30 PM,2022,Larceny,Larceny,Bayer,Bayer Hall,"Bayer Hall, Washington University in St. Louis, MO",Complainant reports the theft of his bicycle overnight. Loss $750,Pending,220122,11431,,,,,,,,,,,,
69,"July 7, 2022",07/07/2022 at 11:17 AM,07/07/2022 at 8:23 AM,2022,Larceny,Larceny,Steinberg,Steinberg,"Steinberg Hall, Washington University in St. Louis, MO",2 unknown suspects stole landscaping equipment from the Focal Point truck. Loss $1500,Pending,220120,11422,,,,,,,,,,,,
69,"July 1, 2022",07/27/2022 at 4:51 PM,07/01/2022 at 4:00 PM,2022,Larceny,Larceny,Lien Garage,Lien Garage,"Lien Garage, Washington University in St. Louis, MO",Complainant reported a missing license plate. Unknown where or when the plate was lost or stolen.,Pending,220126,11494,,,,,,,,,,,,
69,"July 1, 2022",07/05/2022 at 7:48 PM,07/01/2022 at 11:00 AM,2022,Larceny,Larceny,Olin Library,Olin Library,"1 Brookings Dr, St. Louis, MO 63130",Complainant reports his bike stolen from the north rack of Olin Library. Loss $300,Pending,220119,11416,,,,,,,,,,,,
70,"June 29, 2022",,06/29/2022 at 9:15 PM,2022,Security Memo-Robbery,Robbery,6100 blk McPherson,6100 blk McPherson,"6100 McPherson, St. Louis, MO",,,,11395,,,,,,,,,,,,
70,"June 29, 2022",06/29/2022 at 10:10 AM,06/29/2022 at 9:53 AM,2022,Stolen Auto,Stolen Vehicle,Wallace Garage,Wallace Garage,"Wallace Garage, Washington University in St. Louis, MO",Complainants vehicle was stolen by a subject he had given a ride to and left in his parked vehicle with the keys in the ignition.,Pending,220116,11407,,,,,,,,,,,,
70,"June 29, 2022",,06/29/2022 at 8:22 AM,2022,Security Memo-Criminal Activity,Criminal Activity,6200 blk Delmar,6200 block Delmar,"6200 Delmar, St. Louis, MO",,,,11401,,,,,,,,,,,,
70,"June 24, 2022",06/28/2022 at 1:55 PM,06/24/2022 at 10:00 PM,2022,Larceny,Larceny,Brauer Hall,Brauer Hall,"Brauer Hall, Washington University in St. Louis, MO",Complainant reports the theft of computer equipment from the graduate research room. Loss $ to be determined,Pending,220115,11389,,,,,,,,,,,,
70,"June 23, 2022",,06/23/2022 at 9:12 PM,2022,Security Memo-Motor Vehicle Theft,Stolen Vehicle,6200 blk Clemens,6200 blk Clemens,"6200 Clemens, St. Louis, MO",,,,11371,,,,,,,,,,,,
70,"June 20, 2022",08/30/2022 at 8:23 PM,06/20/2022 at 7:00 PM,2022,Larceny,Larceny,Frat House 8,Fraternity Row,"Fraternity Way, St. Louis, MO 63105",Complainant reports the theft of a TV and speaker from the common area of the house. Loss $449,Pending,220146,11854,,,,,,,,,,,,
70,"June 17, 2022",,06/17/2022 at 10:55 PM,2022,Security Memo-Criminal Activity,Criminal Activity,700 blk Leland,700 blk Leland,"700 Leland, St. Louis, MO",,,,11356,,,,,,,,,,,,
70,"June 17, 2022",06/21/2022 at 11:57 AM,06/17/2022 at 9:50 AM,2022,Larceny,Larceny,Rebstock,Rebstock Hall,"Rebstock Hall, Washington University in St. Louis, MO",Complainant reported the theft of an unsecured bike. Loss $421,Pending,220110,11362,,,,,,,,,,,,
70,"June 9, 2022",06/25/2022 at 10:15 AM,06/09/2022 at 9:00 AM,2022,Larceny,Larceny,Brauer Hall,Brauer Hall,"Brauer Hall, Washington University in St. Louis, MO",Complainant reports the theft of her bike. Loss $ pending,Pending,220112,11377,,,,,,,,,,,,
70,"May 14, 2022",05/18/2022 at 3:24 PM,05/14/2022 at 2:00 PM,2022,Larceny,Larceny,House 21,House 21,"House 21, Washington University in St. Louis, MO",Complainant reports his TV and stand were missing from the common area. Loss $300,Pending,220093,11285,,,,,,,,,,,,
71,"May 13, 2022",05/19/2022 at 11:40 AM,05/13/2022 at 9:30 PM,2022,Larceny,Larceny,Steinberg,Steinberg,"Steinberg Hall, Washington University in St. Louis, MO",Complainant unable to locate some books that had been left unsecured. Loss $600,Pending,220095,11297,,,,,,,,,,,,
71,"May 11, 2022",05/11/2022 at 8:45 PM,05/11/2022 at 7:30 PM,2022,Larceny,Larceny,Wallace Garage,Wallace Garage,"Wallace Garage, Washington University in St. Louis, MO","Complainant reported an unattended, unsecured, bookbag stolen from the area outside of the garage entrance. Loss $1700",Pending,220090,11273,,,,,,,,,,,,
71,"May 9, 2022",05/10/2022 at 2:51 PM,05/09/2022 at 4:00 PM,2022,Larceny,Larceny,Bears Den,Bears Den,"Bears Den (Danforth University Center), Washington University in St. Louis, MO",Complainant reports the theft of her stolen Airpod Pro. Loss $250,Pending,220088,11216,,,,,,,,,,,,
71,"May 8, 2022",,05/08/2022 at 9:00 PM,2022,Security Memo,Security Memo,800 blk Skinker,800 blk Skinker,"800 Skinker, St. Louis, MO",,,,11207,,,,,,,,,,,,
71,"May 5, 2022",05/07/2022 at 3:15 PM,05/05/2022 at 9:39 PM,2022,Larceny,Larceny,Givens,Givens Hall,"Givens Hall, Washington University in St. Louis, MO",Complainant reported the theft of her bike wheel.,Pending,220085,11198,,,,,,,,,,,,
71,"April 29, 2022",04/30/2022 at 10:10 PM,04/29/2022 at 10:05 PM,2022,Larceny,Larceny,Sumers,Sumers Rec,"Sumers Rec Center, Washington University in St. Louis, MO","#WASHU26 red wood letters were stolen following WILD. Loss $3,000",Under investigation,220078,11153,,,,,,,,,,,,
71,"April 28, 2022",04/28/2022 at 6:25 PM,04/28/2022 at 5:44 PM,2022,Larceny,Larceny,Mallinckrodt,Mallinckrodt Center,"Mallinckrodt Center, Washington University in St. Louis, MO",Subway Shop reporting the theft of a sign. Loss $60,Pending,220075,11168,,,,,,,,,,,,
71,"April 28, 2022",04/28/2022 at 11:08 PM,04/28/2022 at 8:00 AM,2022,Larceny,Larceny,Knight Hall,Knight Center,"Knight Center, Washington University in St. Louis, MO",Items left unattended while attending an event were stolen from a backpack. Loss $205,Pending,220076,11159,,,,,,,,,,,,
71,"April 21, 2022",05/02/2022 at 4:42 PM,04/21/2022 at 4:00 PM,2022,Larceny,Larceny,DUC,Danforth University Center,"Danforth University Center, Washington University in St. Louis, MO",Two large orchids stolen from the Orchid Room. Loss $350,Pending,220081,11180,,,,,,,,,,,,
71,"April 19, 2022",04/19/2022 at 6:47 PM,04/19/2022 at 11:30 AM,2022,Larceny,Larceny,Liggett,Liggett Dorm,"Liggett Dorm, Washington University in St. Louis, MO",Complainant reports the theft of a secured bike. Loss $300,Pending,220068,10976,,,,,,,,,,,,
72,"April 11, 2022",04/11/2022 at 9:47 AM,04/11/2022 at 9:47 AM,2022,Larceny,Larceny,Jubel Hall,Jubel Hall,"Jubel Hall, Washington University in St. Louis, MO",Theft of a bicycle. Loss $750,Cleared by arrest,220061,10988,,,,,,,,,,,,
72,"April 11, 2022",,04/11/2022 at 1:20 AM,2022,Security Memo-Criminal Activity,Criminal Activity,6100 blk Waterman,6100 blk Waterman,"6100 Waterman, St. Louis, MO",,,,10940,,,,,,,,,,,,
72,"April 1, 2022",04/11/2022 at 9:49 AM,04/01/2022 at 6:00 PM,2022,Larceny,Larceny,Shandeling,Shanedling Dorm,"Shanedling Hall, Washington University in St. Louis, MO",Complainant reports the theft of money from an unsecured room.,Cleared,220062,10982,,,,,,,,,,,,
72,"March 26, 2022",04/01/2022 at 3:34 AM,03/26/2022 at 7:32 AM,2022,Larceny,Larceny,Frat House 2,Fraternity House 2,"2 Fraternity Way, St. Louis, MO 63105",Complainant reports the theft of his secured bike. Loss $800,Pending,220054,10895,,,,,,,,,,,,
72,"March 22, 2022",03/22/2022 at 12:02 PM,03/22/2022 at 8:30 AM,2022,Larceny,Larceny,Rebstock,Rebstock Hall,"Rebstock Hall, Washington University in St. Louis, MO",Students report items stolen from the hallway outside a lab where they leave them during class. One backpack containing credit cards was taken and the cards fraudulently used. Loss $652,Pending,220045,10814,,,,,,,,,,,,
72,"March 21, 2022",03/23/2022 at 1:16 PM,03/21/2022 at 5:30 PM,2022,Larceny,Larceny,Zetcher House,Zetcher House,"Zetcher House, Washington University in St. Louis, MO",Unsecured bike stolen from breezeway area. Loss $400,Pending,220047,10826,,,,,,,,,,,,
72,"March 21, 2022",03/22/2022 at 12:23 PM,03/21/2022 at 2:30 PM,2022,Larceny,Larceny,Simon Hall,Simon Hall,"Simon Hall, Washington University in St. Louis, MO",Student inadvertently left a unopened iPad in a shopping bag after class. Upon returning to the classroom the bag was missing. Loss $749,Pending,220046,10832,,,,,,,,,,,,
72,"March 15, 2022",,03/15/2022 at 1:00 AM,2022,Crime Alert,Crime Alert,Off-Campus,Multiple Locations,N/A,,,,10712,,,,,,,,,,,,
72,"March 12, 2022",,03/12/2022 at 7:30 PM,2022,Security Memo-Burglary,Burglary,6000 blk Waterman,6000 blk Waterman,"6000 Waterman, St. Louis, MO",,,,10667,,,,,,,,,,,,
72,"March 10, 2022",03/15/2022 at 3:38 PM,03/10/2022 at 10:00 PM,2022,Larceny,Larceny,Givens,Givens Hall,"Givens Hall, Washington University in St. Louis, MO","Complainant reports his unattended, unsecured, laptop stolen from an open work area on the 2nd floor. Loss $400",Pending,220044,10790,,,,,,,,,,,,
73,"March 9, 2022",,03/09/2022 at 10:10 PM,2022,Security Memo-Burglary,Burglary,6600 blk Kingsbury,6600 blk Kingsbury,"6600 Kingsbury, St. Louis, MO",,,,10646,,,,,,,,,,,,
73,"February 27, 2022",02/27/2022 at 7:17 PM,02/27/2022 at 7:17 PM,2022,Larceny,Larceny,Olin Library,Olin Library,"1 Brookings Dr, St. Louis, MO 63130",Subject left his property unattended for a short time and returned to find an unknown B/M holding his jacket. Suspicious subject ran from the area and complainant reported bank cards missing.,Pending,220037,10469,,,,,,,,,,,,
73,"February 24, 2022",02/24/2022 at 5:05 PM,02/24/2022 at 2:15 PM,2022,Larceny,Larceny,Urbauer,Urbauer Hall,"Urbauer Hall, Washington University in St. Louis, MO",Student reported unattended airpods stolen. Loss $250,Pending,220036,10475,,,,,,,,,,,,
73,"February 15, 2022",02/15/2022 at 4:59 PM,02/15/2022 at 11:30 AM,2022,Larceny,Larceny,Wrighton Hall,Wrighton Hall,"Wrighton Hall, Washington University in St. Louis, MO",Complainant reports the theft of an unsecured bike. Loss $424,Pending,220024,10436,,,,,,,,,,,,
73,"February 15, 2022",02/15/2022 at 9:43 PM,02/15/2022 at 9:00 AM,2022,Larceny,Larceny,Lopata Hall,Lopata Hall,"Lopata Hall, Washington University in St. Louis, MO","Complainant reported the theft of his bicycle, possibly left unsecured. Loss $400",Pending,220022,10427,,,,,,,,,,,,
73,"February 2, 2022",02/04/2022 at 3:30 PM,02/02/2022 at 4:00 PM,2022,Larceny,Larceny,DUC,Danforth University Center,"Danforth University Center, Washington University in St. Louis, MO",Complainant reports the theft of 3 foam board signs for the Covid testing center. Loss $300,Pending,220014,10406,,,,,,,,,,,,
73,"February 1, 2022",,02/01/2022 at 3:18 PM,2022,Security Memo-Robbery,Robbery,6600 blk Clemens,6600 blk Clemens,"6600 Clemens, St. Louis, MO",,,,10376,,,,,,,,,,,,
73,"February 1, 2022",03/16/2022 at 1:55 PM,02/01/2022 at 12:00 PM,2022,Larceny,Larceny,Brauer Hall,Brauer Hall,"Brauer Hall, Washington University in St. Louis, MO",Complainant reports the theft of a camera from a shared unlocked office. Loss $800,Pending,220043,10808,,,,,,,,,,,,
73,"January 27, 2022",,01/27/2022 at 12:50 PM,2022,Security Memo-Robbery,Robbery,6200 blk Cabanne,6200 blk Cabanne,"6200 Cabanne, St. Louis, MO",,,,10346,,,,,,,,,,,,
73,"January 21, 2022",,01/21/2022 at 4:30 PM,2022,Security Memo-Burglary,Burglary,700 blk Westgate,700 blk Westgate,"700 Westgate, St. Louis, MO",,,,10334,,,,,,,,,,,,
74,"January 17, 2022",01/17/2022 at 12:41 PM,01/17/2022 at 1:30 AM,2022,Larceny,Larceny,Shanedling Dorm,Shanedling Dorm,"Shanedling Hall, Washington University in St. Louis, MO",Complainant reports clothing taken while doing laundry. Loss $370,Pending,220004,10319,,,,,,,,,,,,
74,"January 14, 2022",04/05/2022 at 8:02 PM,01/14/2022 at 12:00 PM,2022,Larceny,Larceny,Wrighton,Wrighton Hall,"Wrighton Hall, Washington University in St. Louis, MO",Complainant reports the theft of a pool cue that had been in a locker. Loss $400,Pending,220058,10928,,,,,,,,,,,,
74,"January 14, 2022",04/05/2022 at 8:02 PM,01/14/2022 at 12:00 PM,2022,Larceny,Larceny,Wrighton Hall,Wrighton Hall,"Wrighton Hall, Washington University in St. Louis, MO",Complainant reports the theft of a pool stick from a locker. Loss $400,Pending,220058,10994,,,,,,,,,,,,
74,"January 13, 2022",,01/13/2022 at 12:39 PM,2022,Security Memo-Robbery,Robbery,6000 block Pershing,6000 block Pershing,"6000 Pershing, St. Louis, MO",,,,10313,,,,,,,,,,,,
74,"January 6, 2022",01/18/2022 at 3:35 PM,01/06/2022 at 6:00 PM,2022,Larceny,Larceny,Millbrook 3,Millbrook 3,"6926 Forest Park Pkwy, University City, MO 63130",Complainant reports the theft of a bicycle. Loss $200,Pending,220005,10325,,,,,,,,,,,,
74,"January 5, 2022",01/06/2022 at 5:47 PM,01/05/2022 at 9:00 PM,2022,Larceny,Larceny,Brauer Hall,Brauer Hall,"Brauer Hall, Washington University in St. Louis, MO",Laptop reported missing from shared lab area. Loss $250,Pending,220003,10304,,,,,,,,,,,,
74,"December 22, 2021",01/30/2022 at 11:19 AM,12/22/2021 at 2:00 PM,2021,Larceny,Larceny,Lopata House,Lopata House,"Lopata House, Washington University in St. Louis, MO",Student believes he left money in an unsecured desk over winter break and that upon his return his money was missing. Loss $1000,Pending,220009,10358,,,,,,,,,,,,
74,"December 18, 2021",12/18/2021 at 11:55 PM,12/18/2021 at 11:39 PM,2021,Vandalism,Vandalism,South 40 Underpass,South 40 Underpass,"South 40, Washington University in St. Louis, MO",Unknown individuals spray painted Patriotfront.US on three murals,Suspect arrested,210154,10232,,,,,,,,,,,,
74,"December 16, 2021",12/17/2021 at 11:33 AM,12/16/2021 at 10:30 PM,2021,Burglary,Burglary,6165 Waterman,6165 Waterman,"6165 Waterman, St. Louis, MO",Apartment burglarized. Entry through unlocked door. St. Louis City investigating.,Under investigation,21-12-17-059457,10274,,,,,,,,,,,,
74,"December 16, 2021",12/16/2021 at 1:49 PM,12/16/2021 at 1:49 PM,2021,Assault/Domestic Violence,Domestic Violence,Bauer Hall,Bauer Hall,"Bauer Hall, Washington University in St. Louis, MO",Subject arrested for domestic violence.,Cleared by arrest,210152,10244,,,,,,,,,,,,
75,"December 16, 2021",12/21/2021 at 1:56 PM,12/16/2021 at 12:00 AM,2021,Larceny,Larceny,Givens,Givens Hall,"Givens Hall, Washington University in St. Louis, MO",Complainant reports the theft of graphic cards from computers located on the 3rd floor. Loss $700,Pending,210156,10226,,,,,,,,,,,,
75,"December 15, 2021",12/15/2021 at 4:44 AM,12/15/2021 at 4:44 AM,2021,Larceny,Larceny,Mallinckrodt,Mallinckrodt Center,"Mallinckrodt Center, Washington University in St. Louis, MO",Non-affiliated subject was observed stealing from a package left at the UPS/FedEx drop box. Property was recovered.,Cleared by arrest,210151,10187,,,,,,,,,,,,
75,"December 14, 2021",12/15/2021 at 1:48 AM,12/14/2021 at 11:00 AM,2021,Burglary,Burglary,6048 Washington,6048 Washington,"6048 Washington, St. Louis, MO",Students apartment burglarized. Unknown how entry was made. St. Louis City investigating.,Under investigation,21-12-15-059108,10268,,,,,,,,,,,,
75,"December 13, 2021",12/15/2021 at 12:40 PM,12/13/2021 at 6:00 PM,2021,Larceny,Larceny,AB Law,Anheuser-Busch Hall,"Anheuser-Busch Hall (Law School), Washington University in St. Louis, MO",Complainants computer taken after being left unsecured overnight in a common area. Loss $2600,"Unfounded, located",210158,10298,,,,,,,,,,,,
75,"December 12, 2021",12/18/2021 at 3:13 PM,12/12/2021 at 6:32 PM,2021,Larceny,Larceny,Steinberg,Steinberg,"Steinberg Hall, Washington University in St. Louis, MO",Complainant reports a camera stolen from the photography studio. Loss $1400,Pending,210153,10238,,,,,,,,,,,,
75,"December 9, 2021",12/10/2021 at 2:42 PM,12/09/2021 at 7:10 PM,2021,Larceny,Larceny,Athletic Complex,Athletic Complex,"Athletic Complex, Washington University in St. Louis, MO",Complainant reports the theft of cash from an unsecured locker. Loss $200,Pending,210150,10124,,,,,,,,,,,,
75,"December 1, 2021",12/08/2021 at 1:48 PM,12/01/2021 at 9:00 AM,2021,Larceny,Larceny,AB Law,Anheuser-Busch Hall,"Anheuser-Busch Hall (Law School), Washington University in St. Louis, MO",Complainant reports the theft of a prescription from her unattended backpack.,Pending,210149,10102,,,,,,,,,,,,
75,"December 1, 2021",12/01/2021 at 3:05 PM,12/01/2021 at 2:20 AM,2021,Larceny,Larceny,Millbrook 3,Millbrook 3,"6926 Forest Park Pkwy, University City, MO 63130",Complainant reports the theft of a bicycle. Loss $300,Pending,210141,10045,,,,,,,,,,,,
75,"November 29, 2021",12/06/2021 at 2:45 PM,11/29/2021 at 2:00 PM,2021,Larceny,Larceny,Wallace Garage,Wallace Garage,"Wallace Garage, Washington University in St. Louis, MO",Complainant reports the theft of his bicycle. Loss $600,Pending,210148,10072,,,,,,,,,,,,
75,"November 27, 2021",11/27/2021 at 7:12 PM,11/27/2021 at 7:00 PM,2021,Robbery,Robbery,726 Eastgate,726 Eastgate,"726 Eastgate, St. Louis, MO",Subject robbed rear parking lot. Suspects demanded car keys and stole his parked vehicle from 740 Eastgate. University City is investigating.,Pending,21-27651,10006,,,,,,,,,,,,
76,"November 22, 2021",11/29/2021 at 2:03 PM,11/22/2021 at 1:45 PM,2021,Larceny,Larceny,Millbrook 3,Millbrook 3,"6926 Forest Park Pkwy, University City, MO 63130",Complainant reported the theft of a bike over Thanksgiving break. Loss $125,Pending,210138,10039,,,,,,,,,,,,
76,"November 17, 2021",11/17/2021 at 10:50 PM,11/17/2021 at 8:05 PM,2021,Burglary,Burglary,6169 Waterman,6169 Waterman,"6169 Waterman, St. Louis, MO",Students apartment burglarized. Entry made through a first floor window. St. Louis City investigating.,Under investigation,21-11-17-054881,10286,,,,,,,,,,,,
76,"November 17, 2021",11/17/2021 at 11:17 AM,11/17/2021 at 6:00 AM,2021,Burglary,Burglary,6659 Washington,6659 Washington,"6659 Washington, St. Louis, MO",Students apartment burglarized. Entry made through a first floor window. University City investigating.,Under investigation,21-11-17-054812,10280,,,,,,,,,,,,
76,"October 29, 2021",11/03/2021 at 2:16 PM,10/29/2021 at 5:00 PM,2021,Larceny,Larceny,Seigle,Seigle Hall,"Seigle Hall, Washington University in St. Louis, MO",University gift items stolen from office. Loss $60,Pending,210128,9796,,,,,,,,,,,,
76,"October 29, 2021",11/01/2021 at 3:58 PM,10/29/2021 at 3:00 PM,2021,Larceny,Larceny,Zetcher House,Zetcher House,"Zetcher House, Washington University in St. Louis, MO",Complainant reports an unsecured bicycle stolen over the weekend. Loss $300,Pending,210125,9775,,,,,,,,,,,,
76,"October 26, 2021",,10/26/2021 at 5:00 AM,2021,Security Memo-Burglary,Burglary,6600 blk Kingsbury,6600 blk Kingsbury,"6600 Kingsbury, St. Louis, MO",,,,9721,,,,,,,,,,,,
76,"October 20, 2021",10/20/2021 at 5:01 PM,10/20/2021 at 1:00 PM,2021,Larceny,Larceny,Rebstock,Rebstock Hall,"Rebstock Hall, Washington University in St. Louis, MO",Unsecured bike stolen. Loss $200,Pending,210120,9634,,,,,,,,,,,,
76,"October 18, 2021",10/25/2021 at 3:42 PM,10/18/2021 at 2:00 PM,2021,Assault 4th,Assault,DUC,Danforth University Center,"Danforth University Center, Washington University in St. Louis, MO",Complainant reports unwanted touch.,Pending,210121,9715,,,,,,,,,,,,
76,"October 10, 2021",01/07/2022 at 1:13 PM,10/10/2021 at 12:00 PM,2021,Larceny,Larceny,Lot 55,Lot 55,"Lot 55, Washington University in St. Louis, MO",Complainant reports his license tabs stolen between Oct. 2021 and January 2022.,Pending,220002,10292,,,,,,,,,,,,
76,"September 30, 2021",10/01/2021 at 10:09 AM,09/30/2021 at 2:45 PM,2021,Larceny,Larceny,Wallace Dr,Wallace Dr,"Wallace Dr, Washington University in St. Louis, MO",Stop sign stolen. Loss $100,Pending,210113,9457,,,,,,,,,,,,
77,"September 27, 2021",09/28/2021 at 2:14 PM,09/27/2021 at 12:00 PM,2021,Larceny,Larceny,Park Dorm,Park House,"Park House, Washington University in St. Louis, MO",Unsecured bike stolen. Loss $200,Pending,210108,9406,,,,,,,,,,,,
77,"September 26, 2021",09/26/2021 at 11:35 AM,09/26/2021 at 3:15 AM,2021,Burglary,Burglary,7226 Forsyth,7226 Forsyth,"7226 Forsyth, St. Louis, MO","A student reported that at 3:15am, they was sleeping in her apartment in the 7200 block of Forsyth, near Manhattan Ave. The student woke up when the lights in their room turned on and then immediately turned off. The student walked into the kitchen and found a person standing in the kitchen, looking inside the refrigerator. The person then immediately fled out the back door.",Pending,21-09-26-046728,9310,,,,,,,,,,,,
77,"September 25, 2021",09/25/2021 at 10:18 PM,09/25/2021 at 7:00 PM,2021,Burglary,Burglary,6128 Waterman,6128 Waterman,"6128 Waterman, St. Louis, MO","Burglary reported, entry thru window at two apartment buildings. Televisions missing from both complainants. Loss to be determined and investigated by St. Louis City PD",Pending,21-09-25-046647,9316,,,,,,,,,,,,
77,"September 25, 2021",09/26/2021 at 12:16 PM,09/25/2021 at 2:00 AM,2021,Larceny,Larceny,Chiller Plant,Brauer Hall,"Brauer Hall, Washington University in St. Louis, MO",Complainant reports his unsecured bicycle stolen. Loss $500,Pending,210102,9328,,,,,,,,,,,,
77,"September 24, 2021",09/27/2021 at 8:13 AM,09/24/2021 at 3:00 PM,2021,Larceny,Larceny,Throop,Throop,"Throop Drive, Washington University in St. Louis, MO",Stop sign stolen. Loss $100,Pending,210104,9391,,,,,,,,,,,,
77,"September 24, 2021",09/27/2021 at 2:11 PM,09/24/2021 at 3:00 PM,2021,Larceny,Larceny,Park Dorm,Park House,"Park House, Washington University in St. Louis, MO",Unsecured rental bike stolen. Loss unknown,Pending,210106,9397,,,,,,,,,,,,
77,"September 24, 2021",09/26/2021 at 5:29 PM,09/24/2021 at 11:00 AM,2021,Larceny,Larceny,Athletic Center,Athletic Complex,"Athletic Complex, Washington University in St. Louis, MO",Complainant reported the theft of an unsecured skateboard from the entrance at Sumers Rec Center. Loss $400. Property recovered,Cleared,210103,9322,,,,,,,,,,,,
77,"September 23, 2021",09/23/2021 at 9:30 PM,09/23/2021 at 9:30 PM,2021,Security Memo-Burglary,Burglary,6100 blk Waterman,6100 blk Waterman,"6100 Waterman, St. Louis, MO","A student reported that she was alone in her apartment in the 6100 block of Waterman Blvd, near Rosedale Ave. At approximately 9:30pm, she heard a loud noise from the living room area of her apartment and called 911. Officers arrived and checked the residence and found an open window on the side of the residence. Nothing was missing from the apartment. 

A short time later, another student reported that he returned to his apartment in the 6000 block Waterman at approximately 10pm and discovered several items missing from the apartment. Upon checking the building, responding officers found that a screen was ajar in the kitchen window, which was left open",Pending,21-09-23-046301,9340,,,,,,,,,,,,
77,"September 23, 2021",09/23/2021 at 9:30 PM,09/23/2021 at 9:30 PM,2021,Burglary,Burglary,6115 Waterman,6115 Waterman,"6115 Waterman, St. Louis, MO","A student reported that she was alone in her apartment in the 6100 block of Waterman Blvd, near Rosedale Ave. At approximately 9:30pm, she heard a loud noise from the living room area of her apartment and called 911. Officers arrived and checked the residence and found an open window on the side of the residence. Nothing was missing from the apartment. 

A short time later, another student reported that he returned to his apartment in the 6000 block Waterman at approximately 10pm and discovered several items missing from the apartment. Upon checking the building, responding officers found that a screen was ajar in the kitchen window, which was left open. 

St. Louis Metro {Police Department are investigating both incidents.",Pending,21-09-23-046301,9349,,,,,,,,,,,,
77,"September 11, 2021",09/11/2021 at 8:10 PM,09/11/2021 at 6:00 PM,2021,Stolen Auto,Stolen Vehicle,Wallace Dr,Wallace Dr,"Wallace Dr, Washington University in St. Louis, MO","Complainant reports the theft of his cell phone and keys left unattended near the basketball courts. Subjects vehicle was stolen from Wallace Dr, on the east side of the parking garage. Loss $12000",Cleared by arrest,210097,9061,,,,,,,,,,,,
78,"September 10, 2021",09/14/2021 at 7:06 AM,09/10/2021 at 3:00 PM,2021,Larceny,Larceny,Snowway Dr,Snow Way Dr,"Snow Way Garage, Washington University in St. Louis, MO",Stop sign from Throop and Snowway stolen over the weekend. Loss $100,Pending,210098,9055,,,,,,,,,,,,
78,"September 2, 2021",09/03/2021 at 6:29 PM,09/02/2021 at 9:00 PM,2021,Larceny,Larceny,Promenade,Promenade,"The Promenade, Washington University in St. Louis, MO","Complainant left an unattended wallet and airpods in the grassy area while playing basketball. Upon return, they had been stolen. Loss $310",Pending,210093,8989,,,,,,,,,,,,
78,"August 17, 2021",08/17/2021 at 3:57 PM,08/17/2021 at 3:00 PM,2021,Larceny,Larceny,Mildred Lane Kemper Art,Mildred Lane Kemper Art,"Kemper Art Museum, Washington University in St. Louis, MO","Subject came in to inquire about a book, removed the bar code and activated the security alarm when leaving with the stolen book. Loss $30",Pending,210076,8884,,,,,,,,,,,,
78,"August 9, 2021",08/16/2021 at 9:44 AM,08/09/2021 at 4:07 AM,2021,Larceny,Larceny,Snowway Garage,Snow Way Garage,"Snow Way Garage, Washington University in St. Louis, MO",Unsecured Honda generator stolen from construction area in garage. Loss $3000,Pending,210074,8836,,,,,,,,,,,,
78,"July 16, 2021",07/17/2021 at 6:18 PM,07/16/2021 at 6:00 PM,2021,Larceny,Larceny,Mudd Field,Mudd Field,"Mudd Field, Washington University in St. Louis, MO",Unsecured tools stolen from field overnight. Loss $1920,Pending,210071,8662,,,,,,,,,,,,
78,"June 18, 2021",06/21/2021 at 10:44 AM,06/18/2021 at 4:00 PM,2021,Larceny,Larceny,Millbrook Garage,Millbrook Garage,"Millbrook Garage, Washington University in St. Louis, MO",Catalytic converters stolen from two vehicles. Loss value unknown,Cleared by arrest,210065,8467,,,,,,,,,,,,
78,"June 16, 2021",06/22/2021 at 12:15 PM,06/16/2021 at 5:00 PM,2021,Larceny,Larceny,January,January Hall,"January Hall, Washington University in St. Louis, MO","Unsecured, unattended books left in the hallway overnight were reported missing. Loss $1111.74",Closed,210067,8542,,,,,,,,,,,,
78,"June 2, 2021",06/04/2021 at 11:22 AM,06/02/2021 at 3:00 PM,2021,Larceny,Larceny,Green Hall,Green Hall,"Green Hall, Washington University in St. Louis, MO",Complainant reports the theft of a bicycle. Loss $80,Inactive,210063,8383,,,,,,,,,,,,
78,"June 2, 2021",06/03/2021 at 1:05 PM,06/02/2021 at 2:00 PM,2021,Larceny,Larceny,Wallace Garage,Wallace Garage,"Wallace Garage, Washington University in St. Louis, MO",LaClair Construction reports the theft of two sheets of plywood. Loss $75,Inactive,210061,8389,,,,,,,,,,,,
78,"May 25, 2021",05/30/2021 at 9:48 AM,05/25/2021 at 7:00 AM,2021,Larceny,Larceny,Village East,Village East,"Village East, Washington University in St. Louis, MO",Complainant reports items missing from his room while he was away. Loss $5970,Cleared,210058,8365,,,,,,,,,,,,
79,"May 24, 2021",05/24/2021 at 1:11 PM,05/24/2021 at 9:30 AM,2021,Larceny,Larceny,Eads,Eads Hall,"Eads Hall, Washington University in St. Louis, MO",Unsecured bike stolen. Loss $350,Inactive,210056,8371,,,,,,,,,,,,
79,"May 23, 2021",08/19/2021 at 8:35 PM,05/23/2021 at 8:35 PM,2021,Larceny,Larceny,Lopata House,Lopata House,"Lopata House, Washington University in St. Louis, MO",Complainant reports a TV and coffee maker stolen from a storage room. Loss $307,Inactive,210079,8905,,,,,,,,,,,,
79,"May 17, 2021",05/20/2021 at 1:48 PM,05/17/2021 at 12:00 AM,2021,Larceny,Larceny,Frat 21,Frat 21,"21 Fraternity Way, St. Louis, MO 63105",Complainant reports the theft of XBox that had been left unattended and unsecured in a hallway. Loss $120,Inactive,210055,8314,,,,,,,,,,,,
79,"May 14, 2021",05/15/2021 at 12:30 PM,05/14/2021 at 3:15 AM,2021,Larceny,Larceny,Frat 21,Frat 21,"21 Fraternity Way, St. Louis, MO 63105","XBox, Playstation, Appl airpods and Echo speaker stolen when left unattended and unsecured in an empty room. Loss $1040",Inactive,210053,8320,,,,,,,,,,,,
79,"May 10, 2021",05/10/2021 at 4:39 PM,05/10/2021 at 4:39 PM,2021,Burglary,Burglary,Beaumont Dorm,Beaumont Dorm,"Beaumont Dorm, Washington University in St. Louis, MO",Subject arrested while stealing a television. Property recovered,Cleared by arrest,210047,8326,,,,,,,,,,,,
79,"May 4, 2021",05/04/2021 at 8:27 PM,05/04/2021 at 2:00 PM,2021,Larceny,Larceny,Steinberg,Steinberg,"Steinberg Hall, Washington University in St. Louis, MO","Complainant reports her wallet stolen from her unattended, unsecured, backpack.",Cleared by arrest,210042,8218,,,,,,,,,,,,
79,"April 29, 2021",05/04/2021 at 2:38 PM,04/29/2021 at 4:30 PM,2021,Larceny,Larceny,Olin Library,Olin Library,"1 Brookings Dr, St. Louis, MO 63130",Complainant reports the theft of Apple ear buds. Loss $17,Inactive,210043,8224,,,,,,,,,,,,
79,"April 6, 2021",04/06/2021 at 12:59 PM,04/06/2021 at 10:00 AM,2021,Larceny,Larceny,Womens Building,Women's Building,"Women's Building, Washington University in St. Louis, MO","Complainant reports the theft of an unsecured, unattended, bicycle. Loss $70",Inactive,210027,8110,,,,,,,,,,,,
79,"March 31, 2021",03/31/2021 at 7:30 PM,03/31/2021 at 7:30 PM,2021,Robbery,Robbery,7000 blk Forsyth,7000 blk Forsyth,"7000 Forsyth, St. Louis, MO","At approximately 7:30 pm, a student reported that he was walking away from campus in the 7000 block of Forsyth Blvd. The student stated a blue car stopped in the street next to him when a male subject exited the vehicle and approached him. The subject displayed a silver handgun and demanded the student’s jacket and shoes. The student gave the subject his jacket and shoes and the subject returned to the car. The car then drove away and was last seen heading west on Forsyth Blvd. U City report 21-7674",Pending,21-03-31-015798,8086,,,,,,,,,,,,
79,"March 31, 2021",03/31/2021 at 8:15 AM,03/31/2021 at 7:35 AM,2021,Larceny,Larceny,Athletic Complex,Athletic Complex,"Athletic Complex, Washington University in St. Louis, MO","Unsecured, unattended, bicycle stolen from the AC. Loss $300",Cleared by arrest,210025,8092,,,,,,,,,,,,
80,"March 12, 2021",03/12/2021 at 9:48 AM,03/12/2021 at 9:48 AM,2021,Trespassing,Trespassing,DUC,Danforth University Center,"Danforth University Center, Washington University in St. Louis, MO",Subject was arrested for trespassing after receiving previous no trespass warnings.,Cleared by arrest,210018,8029,,,,,,,,,,,,
80,"March 12, 2021",03/12/2021 at 12:50 AM,03/12/2021 at 12:50 AM,2021,Trespassing,Trespassing,Promenade,Promenade,"The Promenade, Washington University in St. Louis, MO",Subject was located trespassing near the clocktower after previous no trespass warning had been given. Subject was informed any additional trespass would result in arrest.,Referred to St. Louis County Counselor,210017,8035,,,,,,,,,,,,
80,"February 4, 2021",02/11/2021 at 8:54 AM,02/04/2021 at 6:00 PM,2021,Larceny,Larceny,Givens,Givens Hall,"Givens Hall, Washington University in St. Louis, MO","Complainant reports an unattended, unsecured, I-Pad stolen from open work space. Loss $1400",Closed; Property Recovered,210011,7948,,,,,,,,,,,,
80,"January 29, 2021",02/01/2021 at 1:37 PM,01/29/2021 at 5:00 PM,2021,Larceny,Larceny,Seigle,Seigle Hall,"Seigle Hall, Washington University in St. Louis, MO",Bicycle stolen from the rack on the east side. Loss $120,Inactive,210007,7921,,,,,,,,,,,,
80,"January 23, 2021",01/23/2021 at 5:45 PM,01/23/2021 at 4:19 PM,2021,Larceny,Larceny,Millbrook 4,Millbrook 4,"6926 Forest Park Pkwy, University City, MO 63130",Complainant reports an unsecured bicycle stolen. Loss $120,Inactive,210003,7882,,,,,,,,,,,,
80,"January 22, 2021",01/27/2021 at 8:54 AM,01/22/2021 at 5:00 PM,2021,Larceny,Larceny,Danforth University Center,Danforth University Center,"Danforth University Center, Washington University in St. Louis, MO",Piano bench from Millstone Lounge was stolen. Loss $750,Inactive,210005,7903,,,,,,,,,,,,
80,"November 27, 2020",12/07/2020 at 4:31 PM,11/27/2020 at 9:00 AM,2020,Larceny,Larceny,Frat 7,Frat 7,"7 Fraternity Way, St. Louis, MO 63105",Complainant reports the theft of a Nintendo Switch from the common area. Loss $300,"Cleared, property recovered",200148,7649,,,,,,,,,,,,
80,"November 24, 2020",11/24/2020 at 7:13 AM,11/24/2020 at 7:13 AM,2020,Larceny,Larceny,Millbrook 3,Millbrook 3,"6926 Forest Park Pkwy, University City, MO 63130",Bike theft in progress reported. Officers located and arrested the suspect. Two bicycles were recovered.,Cleared by arrest,200141,7583,,,,,,,,,,,,
80,"November 17, 2020",11/19/2020 at 3:50 PM,11/17/2020 at 3:15 PM,2020,Larceny,Larceny,Sever Hall,Sever Hall,"Sever Hall, Washington University in St. Louis, MO",Complainant reports the theft of a bicycle. Loss $167,Inactive,200140,7598,,,,,,,,,,,,
80,"November 4, 2020",11/05/2020 at 12:21 AM,11/04/2020 at 10:00 AM,2020,Larceny,Larceny,DUC,Danforth University Center,"Danforth University Center, Washington University in St. Louis, MO",Complainant reports a missing bike from either the DUC or from the art school. Unknown if it was locked or which location. Loss $450,Inactive,200136,7571,,,,,,,,,,,,
81,"November 2, 2020",11/04/2020 at 5:34 PM,11/02/2020 at 3:30 PM,2020,Larceny,Larceny,Givens,Givens Hall,"Givens Hall, Washington University in St. Louis, MO",Complainant reports the theft of a laptop left unsecured and unattended in a common area of Givens Hall. Loss $2049,Inactive,200135,7547,,,,,,,,,,,,
81,"October 30, 2020",11/02/2020 at 11:18 AM,10/30/2020 at 12:00 PM,2020,Larceny,Larceny,Frat 22,Frat 22,"22 Fraternity Way, St. Louis, MO 63105","Complainant reports the theft of a coat left in an unsecured, unused room. Loss $200",Inactive,200132,7541,,,,,,,,,,,,
81,"October 28, 2020",10/28/2020 at 3:55 PM,10/28/2020 at 3:35 PM,2020,Vandalism,Vandalism,Olin Library,Olin Library,"1 Brookings Dr, St. Louis, MO 63130",Subjects spray painted the statue during a protest. Loss $1000,Referred to Judicial,200125,7514,,,,,,,,,,,,
81,"October 25, 2020",10/25/2020 at 1:24 AM,10/25/2020 at 1:20 AM,2020,Fire,Fire,Village House Dock,Village House Dock,"Village House Dock, Washington University in St. Louis, MO",Small fire in a recycling bin was extinguished by Bon Appetit pouring water on it.,Closed,200124,7520,,,,,,,,,,,,
81,"October 17, 2020",10/19/2020 at 1:58 PM,10/17/2020 at 1:00 PM,2020,Larceny,Larceny,AB Law,Anheuser-Busch Hall,"Anheuser-Busch Hall (Law School), Washington University in St. Louis, MO",Complainant reports his bike stolen from the racks on the south side. Loss $40,Inactive,200120,7433,,,,,,,,,,,,
81,"October 13, 2020",,10/13/2020 at 10:30 AM,2020,Security Memo-Burglary,Burglary,6600 blk Kingsbury,6600 blk Kingsbury,"6600 Kingsbury, St. Louis, MO",,,,8674,,,,,,,,,,,,
81,"October 8, 2020",10/28/2020 at 8:19 PM,10/08/2020 at 5:00 PM,2020,Larceny,Larceny,Gregg Hall,Gregg Hall,"Gregg Hall, Washington University in St. Louis, MO",Complainant bike stolen from the Bears Bike rack near Gregg Dorm. Loss $350,Inactive,200126,7508,,,,,,,,,,,,
81,"October 8, 2020",10/28/2020 at 8:19 PM,10/08/2020 at 5:00 PM,2020,Larceny,Larceny,Gregg,Gregg,"Gregg House, Washington University in St. Louis, MO",Complainant reports her bicycle missing from Bears Bikes. Loss $350,Inactive,200126,7532,,,,,,,,,,,,
81,"October 5, 2020",10/08/2020 at 5:19 PM,10/05/2020 at 3:00 PM,2020,Larceny,Larceny,Liggett Dorm,Liggett Dorm,"Liggett Dorm, Washington University in St. Louis, MO",Complainant reports the theft of a bicycle. Loss $240,Inactive,200117,7412,,,,,,,,,,,,
81,"October 1, 2020",10/04/2020 at 11:47 AM,10/01/2020 at 10:00 PM,2020,Larceny,Larceny,Fraternity House 1,Fraternity House 1,"1 Fraternity Way, St. Louis, MO 63105",Complainants reports the theft of items from the common room. Loss $441,Inactive,200113,7400,,,,,,,,,,,,
82,"September 27, 2020",10/03/2020 at 12:25 PM,09/27/2020 at 12:00 PM,2020,Larceny,Larceny,Chiller Plant,Brauer Hall,"Brauer Hall, Washington University in St. Louis, MO",Complainant reports the theft of a bicycle. Loss $500,Inactive,200114,7406,,,,,,,,,,,,
82,"September 22, 2020",09/23/2020 at 2:11 PM,09/22/2020 at 7:30 PM,2020,Larceny,Larceny,Chiller Plant,Brauer Hall,"Brauer Hall, Washington University in St. Louis, MO",Student reports a stolen bike. Loss $500,Cleared by arrest,200107,7334,,,,,,,,,,,,
82,"September 22, 2020",09/25/2020 at 2:13 PM,09/22/2020 at 8:00 AM,2020,Larceny,Larceny,Green Hall,Green Hall,"Green Hall, Washington University in St. Louis, MO",Student reports the theft of a bicycle. Loss $200,Inactive,200111,7346,,,,,,,,,,,,
82,"September 19, 2020",09/22/2020 at 9:54 AM,09/19/2020 at 6:00 PM,2020,Larceny,Larceny,Danforth Dorm,Danforth House,"Danforth House, Washington University in St. Louis, MO",Student reports his bicycle stolen. Loss $460,Inactive,200104,7316,,,,,,,,,,,,
82,"September 18, 2020",09/22/2020 at 2:30 PM,09/18/2020 at 5:20 PM,2020,Larceny,Larceny,Chiller Plant,Brauer Hall,"Brauer Hall, Washington University in St. Louis, MO",Student reports his bicycle stolen. Loss $700,Inactive,200105,7310,,,,,,,,,,,,
82,"September 18, 2020",09/18/2020 at 6:21 PM,09/18/2020 at 5:15 PM,2020,Larceny,Larceny,Village House,Village House,"Village House, Washington University in St. Louis, MO",Complainant reports the theft of an unsecured bike. Loss $550,Inactive,200100,7304,,,,,,,,,,,,
82,"September 14, 2020",09/19/2020 at 6:11 PM,09/14/2020 at 6:11 PM,2020,Larceny,Larceny,Frat #2,Fraternity House 2,"2 Fraternity Way, St. Louis, MO 63105",Complainant reports the theft of a punching bag from under the rear stairs. Loss $120,"Cleared, property recovered",200101,7298,,,,,,,,,,,,
82,"September 4, 2020",09/14/2020 at 2:22 PM,09/04/2020 at 5:30 PM,2020,Larceny,Larceny,Crow Hall,Crow Hall,"Crow Hall, Washington University in St. Louis, MO",Complainant reported property stolen from an unlocked office. Loss amount is unknown due to age of the items.,Inactive,200096,7289,,,,,,,,,,,,
82,"August 10, 2020",08/11/2020 at 6:08 PM,08/10/2020 at 1:00 PM,2020,Larceny,Larceny,Lopata House,Lopata House,"Lopata House, Washington University in St. Louis, MO",Complainant reports his cable lock cut and bike stolen. Loss $400,Inactive,200085,7142,,,,,,,,,,,,
82,"August 5, 2020",08/06/2020 at 4:38 AM,08/05/2020 at 11:00 PM,2020,Larceny,Larceny,Simon,Simon Hall,"Simon Hall, Washington University in St. Louis, MO",Two WFF workers in the building. One stole a purse belonging to the other. Property recovered.,Cleared,200084,7136,,,,,,,,,,,,
83,"July 24, 2020",07/24/2020 at 12:27 AM,07/24/2020 at 12:27 AM,2020,Robbery,Robbery,600 blk Westgate,600 blk Westgate,"600 Westgate, St. Louis, MO","At approximately 12:27 a.m., a Washington University student reported that he parked his car in a private driveway near the 600 block of Westgate Ave. The student was accompanied by a female roommate, not affiliated with the university. The student said that when he and his roommate exited his vehicle, they were approached by two male subjects wearing ""Ski-masks"". One of the subjects displayed a hand gun and demanded the student and his roommate's property. The student gave the subjects his car keys. The subjects got in the student's vehicle which contained the student's wallet. the two subjects then drove off in the student’s vehicle, last seen heading west on Delmar Ave. 

No injuries were reported.",University City investigating,20-07-24-031740,7127,,,,,,,,,,,,
83,"July 7, 2020",07/08/2020 at 8:42 AM,07/07/2020 at 11:07 PM,2020,Burglary,Burglary,Frat House 6,Frat House 6,"6 Fraternity Way, St. Louis, MO 63105",Subjects made entry by removing door panel. Unknown items stolen. One suspect arrested,Cleared by arrest,200079,7091,,,,,,,,,,,,
83,"July 6, 2020",07/08/2020 at 10:23 AM,07/06/2020 at 12:27 AM,2020,Larceny,Larceny,Millbrook 4,Millbrook 4,"6926 Forest Park Pkwy, University City, MO 63130",Unsecured bicycle stolen. Loss $100,"Closed, Property Recovered",200080,7097,,,,,,,,,,,,
83,"July 4, 2020",07/06/2020 at 7:07 AM,07/04/2020 at 12:10 AM,2020,Burglary,Burglary,DUC,Danforth University Center,"Danforth University Center, Washington University in St. Louis, MO",Unknown suspect stolen food and drink items from Ibbys. Loss $560,Cleared by arrest,200078,7079,,,,,,,,,,,,
83,"June 16, 2020",06/16/2020 at 12:31 PM,06/16/2020 at 6:15 AM,2020,Larceny,Larceny,Steinberg,Steinberg,"Steinberg Hall, Washington University in St. Louis, MO","Theft of two bicycles, no victimsidentified at this time. Loss $499",Closed,200075,7040,,,,,,,,,,,,
83,"June 10, 2020",06/10/2020 at 10:15 PM,06/10/2020 at 10:15 PM,2020,Robbery,Robbery,700 blk Heman,700 blk Heman,"700 Heman, St. Louis, MO",Student reported that after she parked her car she was approached by two subjects who demanded money. Subject threw her keys and ran. Suspects took the victims vehicle. U. City is investigating.,Referred to UCPD,20-06-10-025664,7007,,,,,,,,,,,,
83,"June 7, 2020",06/07/2020 at 5:49 PM,06/07/2020 at 5:43 PM,2020,Larceny,Larceny,Hall Circle,Hall Circle,"Hall Circle, Washington University in St. Louis, MO",Complainant reports two containers of clothing and a wallet were stolen from an unlocked vehicle. Loss estimated at $1000,Closed,200073,6992,,,,,,,,,,,,
83,"June 1, 2020",08/18/2021 at 4:30 PM,06/01/2020 at 8:00 AM,2020,Larceny,Larceny,DUC,Danforth University Center,"Danforth University Center, Washington University in St. Louis, MO",Artwork missing from an unused office over the past year. Loss $3000,Unfounded,210078,8878,,,,,,,,,,,,
83,"May 22, 2020",09/04/2020 at 12:33 PM,05/22/2020 at 9:00 AM,2020,Larceny,Larceny,Umrath House,Umrath House,"Umrath House, Washington University in St. Louis, MO",Complainant reports a bike missing within the last 3 months. Loss $300,Inactive,200091,7262,,,,,,,,,,,,
83,"May 9, 2020",05/15/2020 at 2:43 PM,05/09/2020 at 12:01 AM,2020,Larceny,Larceny,Shepley Dorm,Shepley Dorm,"214-298 S Big Bend Blvd, Clayton, MO 63105",Unsecured bike stolen. Loss $600,Inactive,200072,6878,,,,,,,,,,,,
84,"April 30, 2020",05/03/2020 at 1:41 PM,04/30/2020 at 3:35 PM,2020,Stolen Vehicle,Stolen Vehicle,East End Garage,East End Garage,"East End Garage, Washington University in St. Louis, MO",Golf cart stolen from the garage and recovered in Forest Park.,Closed,200069,6842,,,,,,,,,,,,
84,"April 29, 2020",04/29/2020 at 3:18 PM,04/29/2020 at 2:48 PM,2020,Larceny,Larceny,Shepley Dr.,Shepley Dr.,"Shepley Dr., St. Louis, MO",Student was selling his game system to a buyer who drove off without paying. Loss $428,Cleared,200067,6833,,,,,,,,,,,,
84,"April 9, 2020",04/19/2020 at 10:15 AM,04/09/2020 at 8:00 AM,2020,Larceny,Larceny,Lien,Lien Hall,"Lien Hall, Washington University in St. Louis, MO",Student reports an envelope containing $100 is missing from her room.,Inactive,200063,6818,,,,,,,,,,,,
84,"March 13, 2020",04/03/2020 at 2:31 PM,03/13/2020 at 3:00 PM,2020,Larceny,Larceny,Umrath,Umrath,"Umrath Hall, Washington University in St. Louis, MO -- could be Umrath Hall or Umrath House, check which",Complainant reports bike was missing from the rack after being secured with a cable lock. Loss $300,Closed,200062,6809,,,,,,,,,,,,
84,"March 9, 2020",03/09/2020 at 11:35 PM,03/09/2020 at 10:00 PM,2020,Sexual Assault,Sexual Assault,South 40 Housing,South 40 Underpass,"South 40, Washington University in St. Louis, MO",Complainant reports a sexual assault.,Cleared,200055,6746,,,,,,,,,,,,
84,"March 8, 2020",09/10/2020 at 3:40 PM,03/08/2020 at 3:00 PM,2020,Larceny,Larceny,Wheeler House,Wheeler House,"Wheeler House, Washington University in St. Louis, MO",Complainant reports a missing bike which occurred during the last several months. Loss $130,Inactive,200092,7280,,,,,,,,,,,,
84,"March 6, 2020",08/18/2020 at 3:41 PM,03/06/2020 at 6:00 PM,2020,Larceny,Larceny,Lien,Lien Hall,"Lien Hall, Washington University in St. Louis, MO",Complainant unable to locate bike after being away from campus since March. Loss $100,Closed,200088,7157,,,,,,,,,,,,
84,"March 6, 2020",06/13/2020 at 3:15 PM,03/06/2020 at 5:00 PM,2020,Larceny,Larceny,House #11,House #11,"House #11, Washington University in St. Louis, MO",Complainant reported a missing jersey and Bluetooth speaker. Loss $230,Inactive,200074,7013,,,,,,,,,,,,
84,"March 6, 2020",03/06/2020 at 11:39 PM,03/06/2020 at 3:52 PM,2020,Larceny,Larceny,Whitaker,Whitaker Hall,"Whitaker Hall, Washington University in St. Louis, MO",Complainant reports unsecured bicycle stolen. Loss $500,Cleared by arrest,200054,6707,,,,,,,,,,,,
84,"March 6, 2020",09/11/2020 at 4:46 PM,03/06/2020 at 12:00 PM,2020,Larceny,Larceny,Village House,Village House,"Village House, Washington University in St. Louis, MO",Complainant reports a missing bike which occurred during the last several months. Loss $400,Inactive,200093,7274,,,,,,,,,,,,
85,"March 6, 2020",09/23/2020 at 2:36 PM,03/06/2020 at 12:00 PM,2020,Larceny,Larceny,South 40 House,South 40 House,"South 40 House, Washington University in St. Louis, MO",Student reports a stolen bike during the last 7 months. Loss $350,Inactive,200106,7328,,,,,,,,,,,,
85,"March 6, 2020",09/24/2020 at 11:02 AM,03/06/2020 at 12:00 PM,2020,Larceny,Larceny,South 40 House,South 40 House,"South 40 House, Washington University in St. Louis, MO",Student reports a bike stolen over the last several months. Loss $700,Inactive,200108,7352,,,,,,,,,,,,
85,"March 5, 2020",03/06/2020 at 4:00 PM,03/05/2020 at 1:55 PM,2020,Larceny,Larceny,Bears Den,Bears Den,"Bears Den (Danforth University Center), Washington University in St. Louis, MO","Bon Appetit employee reports cash taken from an unattended, unsecured bookbag. Loss $500",Closed,200053,6713,,,,,,,,,,,,
85,"March 5, 2020",06/16/2020 at 4:52 PM,03/05/2020 at 12:00 PM,2020,Larceny,Larceny,Mudd Dorm,Mudd Dorm,"Mudd Hall, Washington University in St. Louis, MO",Complainant reports money missing. Loss $1000,Inactive,200076,7046,,,,,,,,,,,,
85,"March 3, 2020",03/03/2020 at 3:28 PM,03/03/2020 at 1:00 PM,2020,Larceny,Larceny,Rudolph Hall,Rudolph Hall,"Rudolph Hall, Washington University in St. Louis, MO",Backpack taken from unsecured office. Loss $501,Inactive,200051,6659,,,,,,,,,,,,
85,"March 3, 2020",03/03/2020 at 6:50 PM,03/03/2020 at 8:53 AM,2020,Larceny,Larceny,DUC,Danforth University Center,"Danforth University Center, Washington University in St. Louis, MO",Unattended cell phone taken from a charging station. Loss $96,Inactive,200052,6653,,,,,,,,,,,,
85,"March 2, 2020",03/02/2020 at 4:34 PM,03/02/2020 at 3:40 PM,2020,Larceny,Larceny,Wrighton Hall,Wrighton Hall,"Wrighton Hall, Washington University in St. Louis, MO",Backpack stolen from unsecured locker. Loss $408,Closed,200047,6671,,,,,,,,,,,,
85,"March 1, 2020",03/02/2020 at 6:00 PM,03/01/2020 at 5:00 PM,2020,Larceny,Larceny,Mudd Dorm,Mudd Dorm,"Mudd Hall, Washington University in St. Louis, MO",Unsecured bicycle stolen from bike rack. Loss $100,Unfounded,200049,6665,,,,,,,,,,,,
85,"March 1, 2020",10/29/2020 at 3:24 PM,03/01/2020 at 5:00 PM,2020,Larceny,Larceny,Gregg,Gregg,"Gregg House, Washington University in St. Louis, MO",Complainant reports her bicycle missing during the above time. Loss $200,Inactive,200130,7526,,,,,,,,,,,,
85,"February 28, 2020",02/28/2020 at 10:23 PM,02/28/2020 at 10:20 PM,2020,Robbery,Robbery,6111 Pershing,6111 Pershing,"6111 Pershing, St. Louis, MO","At approximately 10:20 pm, two students were standing near the street in the 6100 block of Pershing, near Rosedale Avenue. Two subjects approached the students displaying handguns and demanded the students’ property. The students gave the subjects their cell phones, wallets and car keys. One of the subjects then struck one of the students in the face, knocking him to the ground. Both subjects entered the student’s vehicle and drove off, last seen heading west on Pershing Ave",Pending,20-02-28-008689,6563,,,,,,,,,,,,
86,"February 25, 2020",02/25/2020 at 6:57 PM,02/25/2020 at 12:51 PM,2020,Larceny,Larceny,Schnuck,Schnuck Pavilion,"Schnucks Pavilion, Washington University in St. Louis, MO",Unsecured bicycle stolen. Loss $650,Cleared by arrest,200041,6521,,,,,,,,,,,,
86,"February 24, 2020",02/29/2020 at 5:13 PM,02/24/2020 at 8:00 PM,2020,Larceny,Larceny,Frat 11,Fraternity House 11,"11 Fraternity Way, St. Louis, MO 63105",Complainant reports the theft of a Nintendo Switch. Loss $360,Inactive,200043,6575,,,,,,,,,,,,
86,"February 23, 2020",02/29/2020 at 6:10 PM,02/23/2020 at 11:00 PM,2020,Larceny,Larceny,Dauten Dorm,Dauten Dorm,"Dauten Hall, Washington University in St. Louis, MO",Complainant reports the theft of his Nintendo Switch. Loss $300,Closed,200044,6569,,,,,,,,,,,,
86,"February 20, 2020",02/21/2020 at 2:05 PM,02/20/2020 at 6:00 PM,2020,Larceny,Larceny,Duncker,Duncker,"Duncker Hall, Washington University in St. Louis, MO",Complainant reports the theft of wine from the kitchen area. Loss $28,Inactive,200037,6530,,,,,,,,,,,,
86,"February 15, 2020",02/15/2020 at 11:57 PM,02/15/2020 at 11:55 PM,2020,Domestic Violence,Domestic Violence,Millbrook,Millbrook,"6926 Forest Park Pkwy, University City, MO 63130",Altercation between a student couple.,Referred to JA,200032,6458,,,,,,,,,,,,
86,"February 13, 2020",02/13/2020 at 11:36 AM,02/13/2020 at 8:15 AM,2020,Larceny,Larceny,Givens,Givens Hall,"Givens Hall, Washington University in St. Louis, MO",Complainant reports the theft of her unsecured laptop which was left unattended. Loss $525,Inactive,200031,6464,,,,,,,,,,,,
86,"February 10, 2020",02/13/2020 at 10:26 AM,02/10/2020 at 10:26 AM,2020,Larceny,Larceny,Givens,Givens Hall,"Givens Hall, Washington University in St. Louis, MO","Students unattended, unsecured laptop was stolen. Loss $2500",Inactive,200029,6470,,,,,,,,,,,,
86,"February 9, 2020",02/09/2020 at 9:20 PM,02/09/2020 at 7:15 PM,2020,Larceny,Larceny,Snowway Garage,Snow Way Garage,"Snow Way Garage, Washington University in St. Louis, MO",Complainant gave a ride to two subjects who approached her in the garage. While in the vehicle the subjects stole her credit card and used same at the MetroLink.,Inactive,200023,6350,,,,,,,,,,,,
86,"February 9, 2020",,02/09/2020 at 12:30 AM,2020,Aggravated Assault,Aggravated Assault,Delmar & Westgate,Delmar & Westgate,"Delmar & Westgate, Washington University in St. Louis, MO",,,,6362,,,,,,,,,,,,
86,"February 9, 2020",02/09/2020 at 12:30 AM,02/09/2020 at 12:30 AM,2020,Aggravated Assault,Aggravated Assault,Delmar & Westgate,Delmar & Westgate,"Delmar & Westgate, Washington University in St. Louis, MO",At approximately 12:30 a.m. an assault took place near Delmar and West Gate. The incident involved a male Washington University student. The student was walking west along the north side of Delmar when a male subject ran towards him and “slashed” him once with an unknown sharp object. The subject yelled something unintelligible during the attack and then continued to run east. The student received minor injuries.,Pending,,6368,,,,,,,,,,,,
87,"February 8, 2020",02/08/2020 at 1:36 AM,02/08/2020 at 1:31 AM,2020,Assault 3rd,Assault,Sigma Nu,Sigma Nu,"Sigma Nu, Washington University in St. Louis, MO",Assault 3rd with injuries.,Cleared,200025,6383,,,,,,,,,,,,
87,"February 6, 2020",02/10/2020 at 3:53 PM,02/06/2020 at 6:00 PM,2020,Larceny,Larceny,Olin Library,Olin Library,"1 Brookings Dr, St. Louis, MO 63130",Complainant reported theft of headphones and laptop charger left unattended overnight in a study area. Loss $135. Items later located,Unfounded,200024,6389,,,,,,,,,,,,
87,"January 29, 2020",01/29/2020 at 8:59 PM,01/29/2020 at 8:00 PM,2020,Robbery-Cleared by arrest,Robbery,400 block Kingsland,400 block Kingsland,"400 Kingsland, St. Louis, MO",Student robbed from behind as he was walking on Kingsland. University City Police are investigating,Cleared By Arrest,20-01-29-003912,6295,,,,,,,,,,,,
87,"January 27, 2020",02/04/2020 at 2:38 PM,01/27/2020 at 8:00 AM,2020,Larceny,Larceny,January Hall,January Hall,"January Hall, Washington University in St. Louis, MO",Person(s) unknown stole a planter with a plant from the reception area near room 100. Loss $100,Closed,200021,6356,,,,,,,,,,,,
87,"January 19, 2020",01/21/2020 at 11:03 AM,01/19/2020 at 12:00 PM,2020,Larceny,Larceny,Millbrook 2,Millbrook 2,"6926 Forest Park Pkwy, University City, MO 63130",Complainant reports the theft of an unsecured bicycle. Loss $150,Inactive,200007,6193,,,,,,,,,,,,
87,"December 31, 2019",01/08/2020 at 7:30 AM,12/31/2019 at 12:00 PM,2019,Larceny,Larceny,Compton Hall,Compton Hall,"Compton Hall, Washington University in St. Louis, MO",Theft of an unsecured construction tool box owned by MCI. Loss $1040,Cleared by arrest,200001,6181,,,,,,,,,,,,
87,"December 26, 2019",12/26/2019 at 12:56 AM,12/26/2019 at 12:56 AM,2019,Larceny,Larceny,Mallinckrodt,Mallinckrodt Center,"Mallinckrodt Center, Washington University in St. Louis, MO",Suspect was arrested inside a WU vehicle.,Cleared by arrest,190247,6046,,,,,,,,,,,,
87,"December 18, 2019",01/10/2020 at 4:18 PM,12/18/2019 at 2:00 PM,2019,Larceny,Larceny,Fraternity House 2,Fraternity House 2,"2 Fraternity Way, St. Louis, MO 63105",Complainant reports the theft of a coat from the Oak room. Loss $300,Inactive,200004,6187,,,,,,,,,,,,
87,"December 15, 2019",12/15/2019 at 4:36 PM,12/15/2019 at 4:32 PM,2019,Larceny,Larceny,Mallinckrodt Bookstore,Mallinckrodt Bookstore,"Mallinckrodt Center, Washington University in St. Louis, MO",Bookstore employee reports a shoplifting. Loss $55,Cleared by arrest,190238,6013,,,,,,,,,,,,
87,"December 13, 2019",12/14/2019 at 4:34 PM,12/13/2019 at 10:00 PM,2019,Larceny,Larceny,Fraternity House 11,Fraternity House 11,"11 Fraternity Way, St. Louis, MO 63105","Complainant reports the theft of cash from an unattended, unsecured wallet left in the common room. Loss $550",Closed,190236,6019,,,,,,,,,,,,
88,"December 13, 2019",12/13/2019 at 7:15 PM,12/13/2019 at 3:30 PM,2019,Larceny,Larceny,Olin Library,Olin Library,"1 Brookings Dr, St. Louis, MO 63130",Complainant reports the theft of his unsecured bicycle. Loss $700,Cleared by arrest,190235,6025,,,,,,,,,,,,
88,"December 11, 2019",12/11/2019 at 7:54 AM,12/11/2019 at 7:54 AM,2019,Burglary,Burglary,DUC,Danforth University Center,"Danforth University Center, Washington University in St. Louis, MO",Subject previously arrested was located in the DUC with stolen property.,Cleared by arrest,190232,5974,,,,,,,,,,,,
88,"December 10, 2019",12/10/2019 at 12:42 AM,12/10/2019 at 12:42 AM,2019,Burglary,Burglary,DUC,Danforth University Center,"Danforth University Center, Washington University in St. Louis, MO",Subject found sleeping in the building had stolen items in his possession.,Cleared by arrest,190229,5983,,,,,,,,,,,,
88,"December 6, 2019",12/09/2019 at 1:39 PM,12/06/2019 at 6:00 PM,2019,Burglary,Burglary,DUC,Danforth University Center,"Danforth University Center, Washington University in St. Louis, MO",Complainant reports equipment missing from the media center. Loss $499,Cleared by arrest,190230,5968,,,,,,,,,,,,
88,"December 4, 2019",12/04/2019 at 4:35 AM,12/04/2019 at 4:25 AM,2019,Larceny,Larceny,Olin Library,Olin Library,"1 Brookings Dr, St. Louis, MO 63130",Complainant left her iPad unsecured and left the area. When she returned several items had been stolen. Loss 801,"Cleared by arrest, property recovered",190225,5866,,,,,,,,,,,,
88,"December 3, 2019",12/03/2019 at 12:38 PM,12/03/2019 at 8:30 AM,2019,Larceny,Larceny,Lopata Hall,Lopata Hall,"Lopata Hall, Washington University in St. Louis, MO",Complainant reports his unsecured bicycle stolen. Loss $600,Cleared by arrest,190223,5860,,,,,,,,,,,,
88,"December 2, 2019",12/03/2019 at 9:52 AM,12/02/2019 at 6:00 PM,2019,Larceny,Larceny,Brauer Hall,Brauer Hall,"Brauer Hall, Washington University in St. Louis, MO",Complainant reports Bose headphones stolen from the graduate students shared office. Loss $300,Inactive,190222,5854,,,,,,,,,,,,
88,"December 2, 2019",12/16/2019 at 11:20 AM,12/02/2019 at 10:15 AM,2019,Larceny,Larceny,McMillan,McMillan Hall,"McMillan Hall, Washington University in St. Louis, MO",Complainant reports the theft of an unsecured bicycle. Loss $120,Closed,190239,6007,,,,,,,,,,,,
88,"November 27, 2019",12/04/2019 at 12:46 PM,11/27/2019 at 6:00 PM,2019,Burglary,Burglary,DUC,Danforth University Center,"Danforth University Center, Washington University in St. Louis, MO",Gaming systems stolen from the fun room. Loss $1550,Cleared by arrest,190226,5872,,,,,,,,,,,,
88,"November 25, 2019",11/30/2019 at 1:35 PM,11/25/2019 at 4:00 PM,2019,Larceny,Larceny,Gregg Dorm,Gregg,"Gregg House, Washington University in St. Louis, MO",Unsecured bicycle stolen. Loss $140,Inactive,190220,5743,,,,,,,,,,,,
89,"November 24, 2019",11/25/2019 at 1:43 AM,11/24/2019 at 4:00 AM,2019,Larceny,Larceny,Village House,Village House,"Village House, Washington University in St. Louis, MO",Complainant reported that items were taken from the community refrigerator. Loss $10,Inactive,190217,5680,,,,,,,,,,,,
89,"November 22, 2019",12/23/2019 at 1:07 PM,11/22/2019 at 12:00 PM,2019,Larceny,Larceny,DUC,Danforth University Center,"Danforth University Center, Washington University in St. Louis, MO",Hard drive missing from the Harvey Media Center. Loss $700,Inactive,190245,6055,,,,,,,,,,,,
89,"November 22, 2019",11/22/2019 at 9:24 AM,11/22/2019 at 6:30 AM,2019,Larceny,Larceny,Bixby,Bixby,"Bixby Hall, Washington University in St. Louis, MO",Construction worker reported the theft of a unattended bag from the entrance to the east end construction site. Loss $220,Inactive,190215,5686,,,,,,,,,,,,
89,"November 8, 2019",11/08/2019 at 11:34 PM,11/08/2019 at 11:34 PM,2019,Larceny,Larceny,Hall Circle,Hall Circle,"Hall Circle, Washington University in St. Louis, MO","Initially an unsecured bicycle was stolen, but when a witness reported the theft and officers arrived the suspect dropped the bike on Forest Park Parkway and entered the Metrolink tunnel.",Inactive,190206,5517,,,,,,,,,,,,
89,"November 8, 2019",11/09/2019 at 1:59 PM,11/08/2019 at 5:00 PM,2019,Institutional Vandalism,Institutional Vandalism,Crow Hall,Crow Hall,"Crow Hall, Washington University in St. Louis, MO","Person(s) unknown threw a fire extinguisher at a glass door, shattering same.",Inactive,190208,5505,,,,,,,,,,,,
89,"November 7, 2019",11/07/2019 at 10:47 PM,11/07/2019 at 10:47 PM,2019,Larceny,Larceny,Knight Center,Knight Center,"Knight Center, Washington University in St. Louis, MO","Student stole a campus sign, which was recovered near Snowway Garage.","Recovered, Cleared referred to JA",190205,5523,,,,,,,,,,,,
89,"November 2, 2019",11/02/2019 at 10:06 AM,11/02/2019 at 1:33 AM,2019,Institutional Vandalism,Institutional Vandalism,Knight Center,Knight Center,"Knight Center, Washington University in St. Louis, MO",4 students intentionally damaged a sign by forcefully removing it.,"Cleared, referred to Judicial",190207,5511,,,,,,,,,,,,
89,"October 25, 2019",10/25/2019 at 5:31 PM,10/25/2019 at 5:21 PM,2019,Larceny,Larceny,Jubel,Jubel Hall,"Jubel Hall, Washington University in St. Louis, MO",Complainant reports the theft of an unsecured backpack containing a laptop. Loss $1052,Cleared by arrest,190196,5308,,,,,,,,,,,,
89,"October 23, 2019",10/23/2019 at 10:53 PM,10/23/2019 at 8:00 PM,2019,Larceny,Larceny,Bears Den,Bears Den,"Bears Den (Danforth University Center), Washington University in St. Louis, MO",Complainant reported his unsecured laptop stolen from the Bon Appetit locker room. Loss pending,Unfounded,190192,5281,,,,,,,,,,,,
89,"October 22, 2019",10/22/2019 at 4:41 PM,10/22/2019 at 1:00 PM,2019,Larceny,Larceny,Seigle,Seigle Hall,"Seigle Hall, Washington University in St. Louis, MO",Complainant reports her unsecured property stolen from an open office space. Loss $390,Closed,190190,5287,,,,,,,,,,,,
90,"October 11, 2019",10/11/2019 at 8:48 AM,10/11/2019 at 4:31 AM,2019,Larceny,Larceny,Hall Circle,Hall Circle,"Hall Circle, Washington University in St. Louis, MO",Complainant reports her vehicle ransacked with personal items stolen. Loss $15,Inactive,190184,5227,,,,,,,,,,,,
90,"October 1, 2019",10/02/2019 at 6:20 PM,10/01/2019 at 6:30 PM,2019,Larceny,Larceny,College Hall,College Hall,"College Hall, Washington University in St. Louis, MO",Complainant reports the theft of an unsecured bicycle. Loss $225,Inactive,190179,5110,,,,,,,,,,,,
90,"September 23, 2019",09/23/2019 at 5:20 PM,09/23/2019 at 5:00 PM,2019,Larceny,Larceny,Umrath House,Umrath House,"Umrath House, Washington University in St. Louis, MO",Complainant reports the theft of a prize wheel. Loss $150,"Recovered, Cleared referred to JA",190174,5008,,,,,,,,,,,,
90,"September 23, 2019",09/24/2019 at 3:58 PM,09/23/2019 at 2:30 PM,2019,Larceny,Larceny,Rebstock,Rebstock Hall,"Rebstock Hall, Washington University in St. Louis, MO",Complainant reports the theft of an unsecured bicycle. Loss $50,Unfounded,190176,5014,,,,,,,,,,,,
90,"September 19, 2019",09/19/2019 at 11:33 AM,09/19/2019 at 11:30 AM,2019,Domestic Violence,Domestic Violence,Forest Park Parkway/Hoyt,Forest Park Parkway/Hoyt,"Forest Park Parkway/Hoyt, Washington University in St. Louis, MO",Minor disturbance between contract worker and their partner.,Cleared,190168,5002,,,,,,,,,,,,
90,"September 16, 2019",09/16/2019 at 4:20 PM,09/16/2019 at 4:20 PM,2019,Stalking,Stalking,Danforth Campus,Danforth Campus,"6475 Forsyth Blvd, St. Louis, MO 63105",Complainant reported another student stalking her.,Cleared,190166,4990,,,,,,,,,,,,
90,"September 16, 2019",09/16/2019 at 8:38 AM,09/16/2019 at 9:45 AM,2019,Weapon Violation,Weapon Violation,Throop Dr.,Throop Dr.,"Throop Dr., St. Louis, MO",Report received that a contract employee possibly had a firearm in his backpack on campus. WUPD officers located the subject who admitted to having guns that he didn’t want to leave in a friend’s vehicle so he placed them in his backpack. Firearms seized.,"Cleared, referred to Prosecuting Attorney",190165,4894,,,,,,,,,,,,
90,"September 9, 2019",09/09/2019 at 5:51 PM,09/09/2019 at 2:00 PM,2019,Larceny,Larceny,McDonnell Hall,McDonnell Hall,"McDonnell Hall, Washington University in St. Louis, MO",Complainant reports the theft of cash from his lost wallet when it was returned. Loss $100,Closed,190158,4792,,,,,,,,,,,,
90,"September 9, 2019",09/09/2019 at 1:04 PM,09/09/2019 at 11:49 AM,2019,Larceny,Larceny,Olin Library,Olin Library,"1 Brookings Dr, St. Louis, MO 63130",Complainant reports the theft of an unsecured bicycle. Loss $260,Cleared by arrest,190157,4786,,,,,,,,,,,,
90,"September 1, 2019",09/01/2019 at 5:09 PM,09/01/2019 at 5:09 PM,2019,Harassment,Harassment,Eliot,Eliot House,"Eliot House, Washington University in St. Louis, MO",Complainant reports on issues with another student.,Cleared,190167,4996,,,,,,,,,,,,
91,"September 1, 2019",09/01/2019 at 2:16 AM,09/01/2019 at 2:16 AM,2019,Assault 3rd,Assault,Nemerov Hall,Nemerov Hall,"Nemerov Hall, Washington University in St. Louis, MO",Intoxicated student assaulted first responders.,Cleared,190156,4798,,,,,,,,,,,,
91,"August 30, 2019",09/02/2019 at 10:33 PM,08/30/2019 at 2:30 PM,2019,Stalking,Stalking,Olin Library,Olin Library,"1 Brookings Dr, St. Louis, MO 63130",Complainant reports another student stalking her.,Inactive,190151,4774,,,,,,,,,,,,
91,"August 28, 2019",08/29/2019 at 4:21 PM,08/28/2019 at 3:00 PM,2019,Larceny,Larceny,Steinberg,Steinberg,"Steinberg Hall, Washington University in St. Louis, MO",Complainant reports an unsecured camera stolen from the design studio. Loss $450,Inactive,190149,4447,,,,,,,,,,,,
91,"August 27, 2019",08/28/2019 at 6:52 PM,08/27/2019 at 8:00 AM,2019,Larceny,Larceny,Givens Hall,Givens Hall,"Givens Hall, Washington University in St. Louis, MO","Complainant reports the loss of ear buds, headphones and cash from an unattended backpack. Loss $430",Inactive,190147,4363,,,,,,,,,,,,
91,"August 27, 2019",09/16/2019 at 4:20 PM,08/27/2019 at 12:00 AM,2019,Stalking,Stalking,Multiple Locations,Multiple Locations,N/A,Complainant is being stalked by another student.,Inactive,190166,4888,,,,,,,,,,,,
