Page,Date,Time_Reported,Time_Occurred,Incident_Type,Location,Synopsis,Disposition,Report_Number,Post_ID,,,,,,,,,,,,,,,,
1,"September 8, 2026",09/08/2026 at 4:39 PM,09/08/2026 at 4:39 PM,Harassment,Danforth Campus,Complainant reports concerning communication.,Referred to Judicial,260328,28641,,,,,,,,,,,,,,,,
1,"September 8, 2026",09/08/2026 at 1:40 PM,09/08/2026 at 1:00 PM,Trespass,South Campus,Subject with no WASHU affiliation located on campus.,Pending,260327,28637,,,,,,,,,,,,,,,,
1,"September 7, 2026",09/07/2026 at 6:18 PM,09/07/2026 at 6:18 PM,Property Destruction,Fontbonne,Complainant reports damage to door and electronics.,Pending,260326,28639,,,,,,,,,,,,,,,,
1,"September 6, 2026",09/06/2026 at 4:28 PM,09/06/2026 at 2:00 PM,Motor Vehicle Theft,Olin Library,Complainant reports theft of electric scooter.,Pending,260326,28606,,,,,,,,,,,,,,,,
1,"September 5, 2026",09/05/2026 at 6:36 PM,09/05/2026 at 6:36 PM,Property Destruction,Fontbonne,Complainant reports damage to walls and floors.,Pending,260323,28603,,,,,,,,,,,,,,,,
1,"September 4, 2026",09/04/2026 at 10:02 PM,09/04/2026 at 10:02 PM,Larceny,Fine Arts Dr,Assisted SLMPD with a larceny.,Referred to SLMPD,26-09-04-035074,28599,,,,,,,,,,,,,,,,
1,"September 2, 2026",09/02/2026 at 7:56 PM,09/02/2026 at 7:56 PM,Larceny,Shepley House,Complainant reports theft of headphones.,Closed,260315,28576,,,,,,,,,,,,,,,,
1,"September 1, 2026",09/01/2026 at 8:49 PM,09/01/2026 at 8:30 PM,Harassment,Danforth Campus,Complainant reports concerning communication.,Danforth Campus,260312,28570,,,,,,,,,,,,,,,,
1,"September 1, 2026",09/02/2026 at 12:07 AM,09/01/2026 at 7:50 PM,Fraud,Danforth House,Complainant reports fraudulent exchange of goods.,Active,260316,28578,,,,,,,,,,,,,,,,
1,"August 30, 2026",08/30/2026 at 10:52 AM,08/30/2026 at 10:30 AM,Motor Vehicle Theft (Attempt),Interdrive,Assisted UCPD with an attempted motor vehicle theft.,Referred to UCPD,26-08-30-034143,28563,,,,,,,,,,,,,,,,
2,"August 28, 2026",08/28/2026 at 11:56 AM,08/28/2026 at 10:44 AM,Larceny,Weil Hall,Complainant reports theft of bike.,Active,260304,28547,,,,,,,,,,,,,,,,
2,"August 27, 2026",08/27/2026 at 2:07 AM,08/27/2026 at 2:00 AM,Property Destruction,Sigma Phi Epsilon,Complainant reports damage to window.,Referred to Judicial,260300,28545,,,,,,,,,,,,,,,,
2,"August 26, 2026",08/27/2026 at 10:31 AM,08/26/2026 at 11:26 AM,Auto Accident Leave The Scene,DUC Garage,Complainant reports leaving the scene of an auto accident.,Active,360301,28557,,,,,,,,,,,,,,,,
2,"August 25, 2026",08/25/2026 at 5:38 PM,08/25/2026 at 5:38 PM,Trespass,South Campus,Subject with no WASHU affiliation located on campus.,Exceptional Clearance,260295,28520,,,,,,,,,,,,,,,,
2,"August 22, 2026",08/22/2026 at 12:31 AM,08/22/2026 at 12:31 AM,Trespass,Fontbonne,Subject with no WASHU affiliation located on WASHU property.,Exceptional Clearance,260290,28518,,,,,,,,,,,,,,,,
2,"August 21, 2026",08/21/2026 at 12:05 PM,08/21/2026 at 12:05 PM,Larceny,Pershing Ave,Assisted SLMPD with a larceny.,Referred to SLMPD,26-08-21-032686,28499,,,,,,,,,,,,,,,,
2,"August 20, 2026",08/20/2026 at 12:03 PM,08/20/2026 at 12:03 AM,Fraud,University City,Assisted UCPD with a fraud.,Referred to UCPD,26-08-20-032492,28497,,,,,,,,,,,,,,,,
2,"August 19, 2026",08/19/2026 at 11:45 PM,08/19/2026 at 11:45 PM,Larceny,Concourse Dr,Assisted SLMPD with a larceny.,Referred to SLMPD,26-08-19-032396,28475,,,,,,,,,,,,,,,,
2,"August 19, 2026",08/21/2026 at 6:19 PM,08/19/2026 at 12:00 AM,Harassment,Eliot House,Complainant reports concerning communication.,Active,26-08-21-032728,28501,,,,,,,,,,,,,,,,
2,"August 18, 2026",08/18/2026 at 12:12 PM,08/18/2026 at 12:12 PM,Larceny,Skinker Blvd,Assisted SLMPD with a larceny.,Referred to SLMPD,26-08-18-032177,28473,,,,,,,,,,,,,,,,
3,"August 16, 2026",08/17/2026 at 9:12 AM,08/16/2026 at 6:00 PM,Larceny,Sumers Rec,Complainant reports theft of watch.,Pending,260281,28468,,,,,,,,,,,,,,,,
3,"August 16, 2026",08/17/2026 at 1:42 AM,08/16/2026 at 8:05 AM,Vandalism,Fontbonne,Complainant reports graffiti.,Pending,260280,28466,,,,,,,,,,,,,,,,
3,"August 16, 2026",08/16/2026 at 1:39 AM,08/16/2026 at 1:39 AM,Trespass,Delmar Blvd,Subject with no WASHU affiliation located on WASHU property.,Exceptional Clearance,260278,28516,,,,,,,,,,,,,,,,
3,"August 11, 2026",08/11/2026 at 1:24 PM,08/11/2026 at 1:24 PM,Auto Accident – Leave The Scene,Forest Park Pkwy,Assisted SLMPD with leaving the scene of an auto accident.,Referred to SLMPD,26-08-11-031069,28453,,,,,,,,,,,,,,,,
3,"August 9, 2026",08/09/2026 at 2:11 PM,08/09/2026 at 2:11 PM,Trespass,Danforth Campus,Subject with no WASHU affiliation located on campus.,Exceptional Clearance,260268,28514,,,,,,,,,,,,,,,,
3,"August 7, 2026",08/11/2026 at 8:04 AM,08/07/2026 at 5:00 PM,Motor Vehicle Theft,Simon Hall,Complainant reports theft of golf cart.,Property Recovered,260272,28451,,,,,,,,,,,,,,,,
3,"August 2, 2026",08/02/2026 at 1:23 PM,08/02/2026 at 1:23 PM,Trespass,Fontbonne University,Subject with no WASHU affiliation located on campus.,Exceptional Clearance,260266,28429,,,,,,,,,,,,,,,,
3,"July 28, 2026",07/28/2026 at 9:42 PM,07/28/2026 at 9:42 PM,Trespass,Bauer Hall,Subject with no WASHU affiliation located on campus.,Exceptional Clearance,260259,28424,,,,,,,,,,,,,,,,
3,"July 27, 2026",07/29/2026 at 7:04 AM,07/27/2026 at 3:27 PM,Simple Assault,Eliot B House,Disturbance resulted in assault.,Active,260261,28426,,,,,,,,,,,,,,,,
3,"July 23, 2026",07/23/2026 at 4:52 PM,07/23/2026 at 3:43 PM,Larceny,Mallinckrodt Center,Complainant reports theft of money.,Active,260253,28418,,,,,,,,,,,,,,,,
4,"July 23, 2026",07/24/2026 at 3:54 PM,07/23/2026 at 9:30 AM,Harassment,Jubel Hall,Complainant reports concerning communication.,Active,260256,28413,,,,,,,,,,,,,,,,
4,"July 22, 2026",07/22/2026 at 9:13 AM,07/22/2026 at 9:13 AM,Burglary,Waterman Blvd,Assisted SLMPD with a burglary.,Referred to SLMPD,26-07-22-028461,28407,,,,,,,,,,,,,,,,
4,"July 20, 2026",07/20/2026 at 7:18 PM,07/20/2026 at 7:18 AM,Burglary,Waterman Blvd,Assisted SLMPD with a burglary.,Referred to SLMPD,26-07-20-028150,28405,,,,,,,,,,,,,,,,
4,"July 17, 2026",07/17/2026 at 9:29 PM,07/17/2026 at 9:29 PM,Auto Accident – Leave The Scene,Big Bend Blvd,Assisted UCPD with leaving the scene of an auto accident.,Referred to UCPD,26-07-17-027903,28399,,,,,,,,,,,,,,,,
4,"July 17, 2026",07/22/2026 at 10:28 AM,07/17/2026 at 9:00 AM,Larceny,Bauer Hall,Complainant reports theft of bike.,Active,260251,28402,,,,,,,,,,,,,,,,
4,"July 15, 2026",07/15/2026 at 11:31 PM,07/15/2026 at 9:56 PM,Trespass,DUC,Subject with no WASHU affiliation located on campus.,Cleared By Arrest,260246,28361,,,,,,,,,,,,,,,,
4,"July 14, 2026",07/14/2026 at 3:52 PM,07/14/2026 at 3:52 PM,Trespass,DUC,Subject with no WASHU affiliation located on campus.,Cleared By Arrest,260244,28359,,,,,,,,,,,,,,,,
4,"July 13, 2026",07/13/2026 at 7:47 PM,07/13/2026 at 7:16 PM,Trespass,DUC,Subject with no WASHU affiliation located on campus.,Exceptional Clearance,260243,28357,,,,,,,,,,,,,,,,
4,"July 9, 2026",07/13/2026 at 7:18 PM,07/09/2026 at 10:00 AM,Larceny,Whitaker Hall,Complainant reports theft of bike.,Active,260242,28354,,,,,,,,,,,,,,,,
4,"July 7, 2026",07/07/2026 at 7:16 PM,07/07/2026 at 7:16 PM,Larceny,Washington Ave,Assisted UCPD with a larceny,Referred to UCPD,26-07-07-026540,28345,,,,,,,,,,,,,,,,
5,"July 5, 2026",07/05/2026 at 10:55 PM,07/05/2026 at 8:52 PM,Trespass,DUC,Subject with no WASHU affiliation located on campus.,Cleared By Arrest,260239,28338,,,,,,,,,,,,,,,,
5,"June 29, 2026",06/29/2026 at 12:28 AM,06/29/2026 at 12:28 AM,Larceny,Lofts,Assisted UCPD with a larceny.,Referred to UCPD,26-06-29-025489,28331,,,,,,,,,,,,,,,,
5,"June 25, 2026",06/25/2026 at 4:00 PM,06/25/2026 at 1:00 PM,Motor Vehicle Theft,Eads Hall,Complainant reports theft of an electric bike.,Cleared By Arrest,260234,28327,,,,,,,,,,,,,,,,
5,"June 23, 2026",06/23/2026 at 11:42 PM,06/23/2026 at 11:42 PM,Trespass,DUC,Subject with no WASHU affiliation located on campus.,Cleared By Arrest,260233,28319,,,,,,,,,,,,,,,,
5,"June 19, 2026",06/19/2026 at 11:55 PM,06/19/2026 at 11:55 PM,Trespass,DUC,Subject with no WASHU affiliation located on campus.,Cleared By Arrest,260232,28307,,,,,,,,,,,,,,,,
5,"June 19, 2026",06/19/2026 at 10:40 AM,06/19/2026 at 10:30 AM,Trespass,Wrighton Hall,Subject with no WASHU affiliation located on campus.,Exceptional Clearance,260231,28305,,,,,,,,,,,,,,,,
5,"June 17, 2026",06/17/2026 at 9:36 PM,06/17/2026 at 7:30 PM,Motor Vehicle Theft,Rudolph Hall,Complainant reports theft of electric scooter.,Active,260229,28294,,,,,,,,,,,,,,,,
5,"June 17, 2026",06/17/2026 at 12:03 AM,06/17/2026 at 11:58 AM,Larceny,Sumers Rec,Complainant reports theft of bikes.,Active,260228,28292,,,,,,,,,,,,,,,,
5,"June 17, 2026",06/18/2026 at 12:16 PM,06/17/2026 at 9:00 AM,Larceny,Danforth House,Complainant reports theft of medicine.,Active,260230,28303,,,,,,,,,,,,,,,,
5,"June 12, 2026",06/12/2026 at 3:21 PM,06/12/2026 at 2:08 PM,Motor Vehicle Theft,Sumers Rec,Complainant reports theft of electric scooter.,Exceptional Clearance,260226,28173,,,,,,,,,,,,,,,,
6,"June 12, 2026",06/12/2026 at 1:46 PM,06/12/2026 at 1:46 PM,Motor Vehicle Theft,Whitaker Hall,Complainant reports theft of electric scooter.,Active,260225,28171,,,,,,,,,,,,,,,,
6,"June 12, 2026",06/12/2026 at 11:41 AM,06/12/2026 at 11:41 AM,Trespass,DUC,"Subject with no WASHU affiliation located on campus,",Cleared By Arrest,220224,28181,,,,,,,,,,,,,,,,
6,"June 12, 2026",06/12/2026 at 5:43 PM,06/12/2026 at 9:20 AM,Larceny,Lofts,Assisted UCPD with a larceny.,Referred to UCPD,26-06-12-023234,28203,,,,,,,,,,,,,,,,
6,"June 11, 2026",06/11/2026 at 8:32 PM,06/11/2026 at 2:00 PM,Larceny,Lofts,Assisted UCPD with larceny.,Referred to UCPD,26-06-11-023127,28177,,,,,,,,,,,,,,,,
6,"June 8, 2026",06/08/2026 at 3:08 AM,06/08/2026 at 3:08 AM,Trespass,DUC,Subject with no WASHU affiliation located on campus.,Cleared By Arrest,260220,28151,,,,,,,,,,,,,,,,
6,"June 8, 2026",06/08/2026 at 3:08 AM,06/08/2026 at 3:08 AM,Trespass,DUC,Subject with no WASHU affiliation located on campus.,Cleared By Arrest,260220,28163,,,,,,,,,,,,,,,,
6,"June 6, 2026",06/06/2026 at 9:54 PM,06/06/2026 at 9:43 PM,Trespass,Brauer Hall,Subject with no WASHU affiliation located on campus.,Cleared By Arrest,260219,28149,,,,,,,,,,,,,,,,
6,"June 5, 2026",06/05/2026 at 9:59 AM,06/05/2026 at 1:21 AM,Larceny,Lofts,Assisted UCPD with a larceny.,Referred to UCPD,26-06-05-022345,28157,,,,,,,,,,,,,,,,
6,"June 5, 2026",06/05/2026 at 7:54 AM,06/05/2026 at 1:14 AM,Property Destruction,DUC Garage,Complainant reports damage to gate arm.,Active,260218,28147,,,,,,,,,,,,,,,,
6,"June 5, 2026",06/05/2026 at 4:14 PM,06/05/2026 at 1:10 AM,Larceny,Lofts,Assisted SLMPD with a larceny.,Referred to SLMPD,26-06-05-022384,28161,,,,,,,,,,,,,,,,
7,"June 4, 2026",06/04/2026 at 8:59 AM,06/04/2026 at 6:00 AM,Trespass,January Hall,Subject with no WASHU affiliation located on campus.,Active,260217,28145,,,,,,,,,,,,,,,,
7,"June 2, 2026",06/02/2026 at 7:50 PM,06/02/2026 at 7:50 PM,Larceny,Lofts,Assisted UCPD with a larceny.,Referred to UCPD,26-06-02-022034,28159,,,,,,,,,,,,,,,,
7,"June 1, 2026",09/02/2026 at 3:49 PM,06/01/2026 at 12:00 AM,Harassment,AB Law,Complainant reports concerning communication.,Pending,260314,28574,,,,,,,,,,,,,,,,
7,"May 31, 2026",06/04/2026 at 12:20 AM,05/31/2026 at 12:20 AM,Harassment,Eliot House,Complainant reports concerning communication.,Active,260215,28143,,,,,,,,,,,,,,,,
7,"May 24, 2026",05/24/2026 at 2:55 AM,05/24/2026 at 2:42 AM,Larceny,Sumers Rec,Complainant reports theft of bags.,Active,260210,28101,,,,,,,,,,,,,,,,
7,"May 21, 2026",05/21/2026 at 1:42 PM,05/21/2026 at 11:44 AM,Motor Vehicle Theft,Green Hall,Complainant reports theft of electric scooter.,Closed,260208,28103,,,,,,,,,,,,,,,,
7,"May 18, 2026",05/18/2026 at 8:58 AM,05/18/2026 at 8:58 AM,Larceny,Shanedling Hall,Complainant reports theft of bike.,Active,260204,28077,,,,,,,,,,,,,,,,
7,"May 17, 2026",05/18/2026 at 1:48 PM,05/17/2026 at 10:00 PM,Larceny,Forsyth Blvd,Assisted other jurisdiction with a larceny.,Referred to Other Jurisdiction,26-05-18-020333,28064,,,,,,,,,,,,,,,,
7,"May 11, 2026",05/11/2026 at 6:25 PM,05/11/2026 at 4:04 PM,Larceny,Jubel Hall,Complainant reports theft of bike.,Active,260199,28017,,,,,,,,,,,,,,,,
7,"May 10, 2026",05/10/2026 at 10:44 PM,05/10/2026 at 10:30 PM,Trespass,Danforth Campus,Subjects with no WASHU affiliation located on campus.,Exceptional Clearance,260198,28011,,,,,,,,,,,,,,,,
8,"May 8, 2026",05/09/2026 at 9:50 PM,05/08/2026 at 12:00 AM,Larceny,Delmar Blvd,Assisted SLMPD with a larceny.,Referred to SLMPD,26-05-09-019390,28013,,,,,,,,,,,,,,,,
8,"May 6, 2026",05/06/2026 at 3:51 PM,05/06/2026 at 3:53 PM,Trespass,South Campus,Subject with no WASHU affiliation located on campus.,Exceptional Clearance,260194,27908,,,,,,,,,,,,,,,,
8,"May 4, 2026",05/04/2026 at 10:39 AM,05/04/2026 at 10:39 AM,Larceny,Hillman Hall,Complainant reports theft of bike.,Active,260191,27889,,,,,,,,,,,,,,,,
8,"May 2, 2026",05/04/2026 at 8:21 PM,05/02/2026 at 3:34 PM,Larceny,Greenway Apts,Complainant reports theft of bike.,Active,260192,27891,,,,,,,,,,,,,,,,
8,"May 2, 2026",05/03/2026 at 8:12 PM,05/02/2026 at 7:00 AM,Larceny,Bears Den,Complainant reports theft of technology.,Inactive,260190,27886,,,,,,,,,,,,,,,,
8,"May 1, 2026",06/03/2026 at 4:26 PM,05/01/2026 at 12:00 PM,Larceny,Dauten Hall,Complainant reports theft of headphones.,Active,260214,28155,,,,,,,,,,,,,,,,
8,"April 29, 2026",04/29/2026 at 3:30 PM,04/29/2026 at 2:04 PM,Criminal Sexual Contact,Lien Hall,Complainant reports nonconsensual touch.,Pending,260203,28627,,,,,,,,,,,,,,,,
8,"April 27, 2026",04/30/2026 at 7:06 PM,04/27/2026 at 6:30 PM,Larceny,South Campus,Complainant reports theft of food.,Active,260188,27880,,,,,,,,,,,,,,,,
8,"April 25, 2026",04/25/2026 at 10:49 AM,04/25/2026 at 9:50 AM,Weapons Violation,Bears Den,Subject located in possession of weapons.,Cleared By Arrest,260177,27858,,,,,,,,,,,,,,,,
8,"April 24, 2026",04/24/2026 at 9:42 AM,04/24/2026 at 9:42 AM,Stalking,Danforth Campus,Complainant reports concerning communication.,Active,260173,27856,,,,,,,,,,,,,,,,
9,"April 21, 2026",04/21/2026 at 2:10 PM,04/21/2026 at 2:05 PM,Larceny,Forsyth Blvd,Assisted CPD with a larceny.,Referred to CPD,26-04-21-016791,27849,,,,,,,,,,,,,,,,
9,"April 20, 2026",04/22/2026 at 3:03 PM,04/20/2026 at 11:00 AM,Harassment,Danforth Campus,Complainant reports concerning communication.,Active,260172,27854,,,,,,,,,,,,,,,,
9,"April 18, 2026",04/18/2026 at 10:13 PM,04/18/2026 at 6:00 PM,Motor Vehicle Theft,Givens Hall,Complainant reports theft of electric scooter.,Active,260162,27818,,,,,,,,,,,,,,,,
9,"April 18, 2026",04/18/2026 at 10:13 PM,04/18/2026 at 6:00 PM,Larceny,Givens Hall,Complainant reports theft of bike.,Active,260162,27820,,,,,,,,,,,,,,,,
9,"April 15, 2026",04/15/2026 at 12:28 PM,04/15/2026 at 12:23 PM,Aggravated Assault,Skinker Blvd,Assisted SLMPD with an aggravated assault.,Referred to SLMPD,26-04-15-015852,27815,,,,,,,,,,,,,,,,
9,"April 13, 2026",04/14/2026 at 8:42 AM,04/13/2026 at 11:06 AM,Larceny,Ursa's Fireside,Complainant reports theft of consumable goods.,Active,260155,27813,,,,,,,,,,,,,,,,
9,"April 12, 2026",04/12/2026 at 12:09 PM,04/12/2026 at 12:09 PM,Auto Accident – Leave The Scene,Shepley Garage,Complainant reports leaving the scene of an auto accident.,Active,26-04-12-015429,27811,,,,,,,,,,,,,,,,
9,"April 10, 2026",04/10/2026 at 7:44 PM,04/10/2026 at 6:30 PM,Trespass,Hillman Hall,Subject with no WASHU affiliation located on campus.,Cleared By Arrest,260149,27805,,,,,,,,,,,,,,,,
9,"April 2, 2026",04/01/2026 at 12:00 AM,04/02/2026 at 9:55 AM,Larceny,Schnucks Pavilion,Complainant reports theft of computer equipment.,Active,260138,27789,,,,,,,,,,,,,,,,
9,"March 30, 2026",03/30/2026 at 7:27 PM,03/30/2026 at 7:39 AM,Auto Accident – Leave The Scene,West Campus,Assisted with a leaving the scene auto accident.,Referred to CPD,26-03-30-013347,27772,,,,,,,,,,,,,,,,
10,"March 30, 2026",05/27/2026 at 5:16 PM,03/30/2026 at 12:00 AM,Larceny,Koenig House,Complainant reports theft of bike.,Inactive,260212,28112,,,,,,,,,,,,,,,,
10,"March 29, 2026",03/29/2026 at 6:33 PM,03/29/2026 at 6:33 PM,Accident – Leave The Scene,Shepley Drive,Assisted CPD with leaving the scene of an auto accident.,Referred to CPD,26-03-29-013174,27768,,,,,,,,,,,,,,,,
10,"March 25, 2026",03/26/2026 at 12:17 AM,03/25/2026 at 6:30 PM,Larceny,Danforth Campus,Complainant reports theft of headphones.,Unfounded,260123,27762,,,,,,,,,,,,,,,,
10,"March 25, 2026",03/26/2026 at 2:53 PM,03/25/2026 at 5:00 PM,Larceny,Olin Library,Complainant reports theft of bike.,Inactive,260126,27764,,,,,,,,,,,,,,,,
10,"March 24, 2026",03/24/2026 at 9:09 PM,03/24/2026 at 10:00 AM,Larceny,Frat House 8,Complainant reports theft of music equipment.,Active,260121,27747,,,,,,,,,,,,,,,,
10,"March 23, 2026",03/23/2026 at 7:39 PM,03/23/2026 at 7:39 PM,Larceny,Kingsland Ave,Assisted UCPD with a larceny.,Referred to UCPD,26-03-23-012146,27749,,,,,,,,,,,,,,,,
10,"March 23, 2026",03/23/2026 at 9:31 AM,03/23/2026 at 11:14 AM,Trespass,DUC,Subject with no WASHU affiliation located on campus.,Exceptional Clearance,260114,27743,,,,,,,,,,,,,,,,
10,"March 21, 2026",03/21/2026 at 10:40 PM,03/21/2026 at 9:20 PM,Motor Vehicle Theft,Dauten Dorm,Complainant reports theft of electric scooter.,Unfounded,260112,27721,,,,,,,,,,,,,,,,
10,"March 20, 2026",03/20/2026 at 4:02 PM,03/20/2026 at 4:02 PM,Harassment,Kemper Art Museum,Complainant reports concerning communication.,Closed,26-03-20-011648,27741,,,,,,,,,,,,,,,,
10,"March 18, 2026",03/18/2026 at 9:50 PM,03/18/2026 at 9:50 PM,Trespass,DUC,Subject with no WASHU affiliation located on campus.,Cleared By Arrest,260106,27715,,,,,,,,,,,,,,,,
11,"March 16, 2026",03/16/2026 at 9:36 PM,03/16/2026 at 7:30 PM,Larceny,Sumers Rec,Complainant reports theft of clothing.,Closed,260105,27708,,,,,,,,,,,,,,,,
11,"March 13, 2026",03/13/2026 at 2:21 PM,03/13/2026 at 2:21 PM,Larceny,McMillen Lab,Complainant reports theft of documents.,Active,26-03-13-010685,27711,,,,,,,,,,,,,,,,
11,"March 12, 2026",03/13/2026 at 9:28 PM,03/12/2026 at 10:30 PM,Trespass,DUC,Subject with no WASHU affiliation located on campus.,Exceptional Clearance,260102,27678,,,,,,,,,,,,,,,,
11,"March 11, 2026",03/30/2026 at 12:35 AM,03/11/2026 at 10:30 PM,Harassment,North Campus,"Complainant reports concerning communication,",Active,260131,27770,,,,,,,,,,,,,,,,
11,"March 11, 2026",03/11/2026 at 5:04 PM,03/11/2026 at 5:04 PM,Harassment,McPherson Ave,Assisted SLMPD with a harassment.,Referred to SLMPD,26-03-11-010399,27660,,,,,,,,,,,,,,,,
11,"March 11, 2026",03/11/2026 at 12:30 PM,03/11/2026 at 12:30 PM,Trespass,Bears Den,Subject with no WASHU affiliation located on campus.,Cleared By Arrest,260101,27672,,,,,,,,,,,,,,,,
11,"March 10, 2026",03/10/2026 at 9:07 AM,03/10/2026 at 9:07 AM,Larceny,Rebstock Hall,Complainant reports theft of purse.,Active,26-03-10-010223,27657,,,,,,,,,,,,,,,,
11,"March 9, 2026",03/09/2026 at 11:27 AM,03/09/2026 at 11:27 AM,Larceny,McPherson Ave,Assist SLMPD with a larceny.,Referred to SLMPD,26-03-09-010104,27655,,,,,,,,,,,,,,,,
11,"March 9, 2026",03/09/2026 at 3:01 AM,03/09/2026 at 3:01 AM,Trespass,Kingsland Ave,Assisted UCPD with a trespass.,Referred to UCPD,26-03-09-010038,27775,,,,,,,,,,,,,,,,
11,"March 7, 2026",03/18/2026 at 12:55 PM,03/07/2026 at 2:25 PM,Fraud,Kingshighway Blvd,Assisted SLMPD with a fraud.,Referred to SLMPD,260109,27717,,,,,,,,,,,,,,,,
12,"March 5, 2026",03/05/2026 at 8:55 PM,03/05/2026 at 8:40 PM,Larceny,Bears Den,Complainant reports theft of food.,Referred to Judicial,260098,27642,,,,,,,,,,,,,,,,
12,"March 5, 2026",03/05/2026 at 4:41 PM,03/05/2026 at 3:10 PM,Larceny,DUC,Complainant reports theft of food.,Inactive,26-03-05-009537,27646,,,,,,,,,,,,,,,,
12,"March 5, 2026",03/05/2026 at 1:43 PM,03/05/2026 at 1:20 PM,Larceny,Bears Den,Complainant reports theft of food.,Referred to Judicial,260096,27640,,,,,,,,,,,,,,,,
12,"March 5, 2026",03/05/2026 at 11:17 AM,03/05/2026 at 11:17 AM,Auto Accident – Leave The Scene,DUC,Complainant reports vehicle damage from car accident.,Active,26-03-05-009491,27648,,,,,,,,,,,,,,,,
12,"March 3, 2026",03/03/2026 at 10:43 PM,03/03/2026 at 10:43 PM,Property Destruction,Hillman Hall,Complainant reports damage to stairs.,Cleared By Arrest,260095,27638,,,,,,,,,,,,,,,,
12,"February 28, 2026",02/28/2026 at 7:50 PM,02/28/2026 at 7:30 PM,Trespass,Graham Chapel,Subject with no WASHU affiliation located on campus.,Cleared By Arrest,260094,27614,,,,,,,,,,,,,,,,
12,"February 28, 2026",02/28/2026 at 7:01 PM,02/28/2026 at 7:01 PM,Larceny,DUC,Complainant reports theft of computer equipment.,Cleared By Arrest,260093,27609,,,,,,,,,,,,,,,,
12,"February 28, 2026",02/28/2026 at 5:23 PM,02/28/2026 at 4:35 PM,Larceny,Hillman Hall,Complainant reports theft of bike.,Active,260092,27607,,,,,,,,,,,,,,,,
12,"February 27, 2026",02/27/2026 at 8:56 AM,02/27/2026 at 8:56 AM,Trespass,Delmar Blvd,Assisted SLMPD with a trespass.,Referred to SLMPD,26-02-27-008393,27605,,,,,,,,,,,,,,,,
12,"February 25, 2026",02/25/2026 at 10:41 PM,02/25/2026 at 10:41 PM,Larceny,Olin Library,Complainant reports theft of money.,Inactive,260088,27611,,,,,,,,,,,,,,,,
13,"February 25, 2026",02/26/2026 at 1:13 PM,02/25/2026 at 4:10 PM,Auto Accident – Leave The Scene,West Campus,Assisted UCPD with a leaving the scene auto accident.,Referred to UCPD,26-02-26-008261,27603,,,,,,,,,,,,,,,,
13,"February 24, 2026",02/24/2026 at 4:08 PM,02/24/2026 at 4:08 PM,Trespass,Walker Hall,Subject with no WASHU affiliation located on campus.,Exceptional Clearance,260083,27597,,,,,,,,,,,,,,,,
13,"February 24, 2026",02/24/2026 at 9:08 AM,02/24/2026 at 9:08 AM,Terrorist Threat,Danforth Campus,Complainant reports armed individual.,Active,260082,27595,,,,,,,,,,,,,,,,
13,"February 24, 2026",02/24/2026 at 3:17 AM,02/24/2026 at 3:17 AM,Trespass,West Campus,Subject with no WASHU affiliation located on campus.,Exceptional Clearance,260081,27601,,,,,,,,,,,,,,,,
13,"February 21, 2026",02/21/2026 at 1:14 PM,02/21/2026 at 11:14 AM,Larceny,Olin Library,Complainant reports theft of tech equipment.,Inactive,270076,27558,,,,,,,,,,,,,,,,
13,"February 20, 2026",02/20/2026 at 9:17 PM,02/20/2026 at 9:17 PM,Trespass,DUC,Subject with no WASHU affiliation located on campus.,Cleared By Arrest,260074,27556,,,,,,,,,,,,,,,,
13,"February 19, 2026",02/19/2026 at 12:30 PM,02/19/2026 at 5:44 PM,Larceny,Delmar Blvd,Assisted SLMPD with a larceny.,Referred to SLMPD,26-02-19-007191,27599,,,,,,,,,,,,,,,,
13,"February 18, 2026",02/19/2026 at 12:46 AM,02/18/2026 at 9:54 PM,Trespass,DUC,Subject with no WASHU affiliation located on campus.,Cleared By Arrest,260069,27554,,,,,,,,,,,,,,,,
13,"February 18, 2026",02/18/2026 at 5:54 PM,02/18/2026 at 5:54 PM,Property Destruction,Pershing Ave,Assisted SLMPD with a property destruction.,Referred to SLMPD,26-02-18-007033,27547,,,,,,,,,,,,,,,,
13,"February 16, 2026",02/16/2026 at 9:04 PM,02/16/2026 at 9:04 PM,Trespass,Danforth Campus,Subject with no WASHU affiliation located on campus.,Exceptional Clearance,260065,27545,,,,,,,,,,,,,,,,
14,"February 16, 2026",02/17/2026 at 10:05 AM,02/16/2026 at 4:00 PM,Larceny,Eliot House,Complainant reports theft of bike.,Unfounded,260066,27552,,,,,,,,,,,,,,,,
14,"February 16, 2026",02/16/2026 at 9:17 AM,02/16/2026 at 9:17 AM,Trespass,McKelvey Hall,Subject with no WASHU affiliation located on campus.,Exceptional Clearance,260062,27617,,,,,,,,,,,,,,,,
14,"February 15, 2026",02/16/2026 at 10:37 AM,02/15/2026 at 10:00 AM,Fraud,Seigle Hall,Complainant reports extortion through social media.,Inactive,260063,27543,,,,,,,,,,,,,,,,
14,"February 14, 2026",02/14/2026 at 6:06 PM,02/14/2026 at 6:06 PM,Trespass,DUC,Subject with no WASHU affiliation located on campus.,Cleared By Arrest,260058,27541,,,,,,,,,,,,,,,,
14,"February 14, 2026",02/14/2026 at 12:05 AM,02/14/2026 at 12:05 AM,Larceny,Bears Den,Complainant reports theft of personal items.,Inactive,260055,27537,,,,,,,,,,,,,,,,
14,"February 13, 2026",02/13/2026 at 8:14 AM,02/13/2026 at 8:10 AM,Trespass,DUC,Subject with no WASHU affiliation located on campus.,Cleared By Arrest,260052,27534,,,,,,,,,,,,,,,,
14,"February 11, 2026",02/11/2026 at 9:46 PM,02/11/2026 at 9:46 PM,Trespass,DUC,Subject with no WASHU affiliation located on campus.,Cleared By Arrest,260051,27512,,,,,,,,,,,,,,,,
14,"February 10, 2026",02/11/2026 at 5:07 PM,02/10/2026 at 1:30 PM,Larceny,Lofts,Assisted SLMPD with a larceny.,Referred to SLMPD,260050,27510,,,,,,,,,,,,,,,,
14,"February 9, 2026",05/02/2026 at 1:30 PM,02/09/2026 at 12:00 AM,Larceny,Mudd Dorm,Complainant reports theft of bike.,Active,260189,27882,,,,,,,,,,,,,,,,
14,"February 8, 2026",02/08/2026 at 2:31 AM,02/08/2026 at 2:00 PM,Larceny,Gregg House,Complainant reports theft of clothes.,Property Recovered; Closed,260046,27491,,,,,,,,,,,,,,,,
15,"February 7, 2026",02/07/2026 at 1:15 PM,02/07/2026 at 1:10 PM,Trespass,DUC,Subject with no WASHU affiliation located on campus.,Cleared,260044,27469,,,,,,,,,,,,,,,,
15,"February 6, 2026",02/06/2026 at 11:14 PM,02/06/2026 at 11:17 PM,Fraud,Debaliviere Pl,Assisted SLMPD with a fraud.,Referred to SLMPD,26-02-06-005188,27480,,,,,,,,,,,,,,,,
15,"February 5, 2026",02/05/2026 at 3:36 PM,02/05/2026 at 3:36 PM,Sexual Assault,East End Garage,Complainant reports non-consensual incident.,Inactive,260042,27466,,,,,,,,,,,,,,,,
15,"February 5, 2026",02/05/2026 at 10:51 AM,02/05/2026 at 10:51 AM,Trespass,DUC,Subject with no WASHU affiliation located on campus.,Cleared By Arrest,260041,27436,,,,,,,,,,,,,,,,
15,"February 5, 2026",02/05/2026 at 8:01 AM,02/05/2026 at 8:01 AM,Trespass,West Campus,Subject with no WASHU affiliation located on campus.,Exceptional Clearance,260039,27434,,,,,,,,,,,,,,,,
15,"February 5, 2026",02/05/2026 at 7:16 AM,02/05/2026 at 7:16 AM,Trespass,Olin Library,Subject with no WASHU affiliation located on campus.,Cleared By Arrest,260040,27439,,,,,,,,,,,,,,,,
15,"January 30, 2026",01/30/2026 at 12:28 AM,01/30/2026 at 12:28 AM,Motor Vehicle Theft (Attempt),Lofts,Assisted SLMPD with attempted motor vehicle theft.,Referred to SLMPD,26-01-30-003961,27410,,,,,,,,,,,,,,,,
15,"January 29, 2026",01/29/2026 at 6:51 PM,01/29/2026 at 6:51 PM,Fraud,Delmar Blvd,Assisted UCPD with a fraud.,Referred to UCPD,26-01-29-003922,27407,,,,,,,,,,,,,,,,
15,"January 28, 2026",01/28/2026 at 10:46 AM,01/28/2026 at 10:46 AM,Larceny,Bears Den,Complainant reports theft of shoes.,Active,260031,27417,,,,,,,,,,,,,,,,
15,"January 24, 2026",01/29/2026 at 1:27 PM,01/24/2026 at 8:00 AM,Auto Accident – Leave The Scene,East End Garage,Complainant reports leaving the scene of an auto accident.,Active,260032,27475,,,,,,,,,,,,,,,,
16,"January 24, 2026",01/24/2026 at 2:34 AM,01/24/2026 at 2:34 AM,Fraud,Clayton,Complainant reports fraudulent transaction.,Referred to UCPD,26-01-24-003150,27398,,,,,,,,,,,,,,,,
16,"January 24, 2026",01/24/2026 at 1:52 AM,01/24/2026 at 1:11 AM,Harassment,Hitzeman Hall,Complainant reports threatening communication.,Active,260028,27396,,,,,,,,,,,,,,,,
16,"January 21, 2026",01/21/2026 at 8:14 PM,01/21/2026 at 8:14 PM,Simple Assault,Lien Hall,Disturbance resulted in assault.,Active,260025,27405,,,,,,,,,,,,,,,,
16,"January 21, 2026",01/21/2026 at 5:24 PM,01/21/2026 at 5:24 PM,Weapons Violation,Olin Library,Subject located in possession of weapons.,Cleared By Arrest,260023,27493,,,,,,,,,,,,,,,,
16,"January 19, 2026",01/19/2026 at 4:51 PM,01/19/2026 at 11:53 AM,Trespass,DUC,Subject with no WASHU affiliation located on campus.,Exceptional Clearance,260016,27362,,,,,,,,,,,,,,,,
16,"January 17, 2026",01/17/2026 at 8:29 PM,01/17/2026 at 8:00 PM,Larceny,Sumers Rec,Complainant reports theft of shoes.,Active,260014,27360,,,,,,,,,,,,,,,,
16,"January 17, 2026",01/17/2026 at 12:14 AM,01/17/2026 at 12:14 AM,Harassment,Danforth Campus,Complainant reports concerning communication.,Active,26-01-17-002137,27367,,,,,,,,,,,,,,,,
16,"January 16, 2026",01/17/2026 at 12:26 PM,01/16/2026 at 9:52 PM,Larceny,Mallinckrodt Center,Complainant reports theft of money.,Inactive,260013,27358,,,,,,,,,,,,,,,,
16,"January 16, 2026",01/16/2026 at 8:41 PM,01/16/2026 at 9:00 AM,Larceny,Koenig Dorm,Complainant reports theft of bike.,Inactive,260012,27356,,,,,,,,,,,,,,,,
16,"January 15, 2026",01/15/2026 at 12:54 PM,01/15/2026 at 12:54 PM,Larceny,Village House,Complainant reports theft of scooter.,Inactive,260010,27354,,,,,,,,,,,,,,,,
17,"January 14, 2026",01/14/2026 at 1:31 PM,01/14/2026 at 1:31 PM,Larceny,Waterman Blvd,Assisted SLMPD with a larceny.,Referred to SLMPD,26-01-14-001690,27339,,,,,,,,,,,,,,,,
17,"January 12, 2026",01/12/2026 at 3:27 PM,01/12/2026 at 3:27 PM,Larceny,Washington Ave,Assisted UCPD with a larceny.,Referred to UCPD,26-01-12-001360,27619,,,,,,,,,,,,,,,,
17,"January 12, 2026",01/12/2026 at 12:46 PM,01/12/2026 at 12:46 PM,Larceny,Shepley House,Complainant reports theft of bike.,Inactive,260009,27329,,,,,,,,,,,,,,,,
17,"January 12, 2026",01/12/2026 at 10:59 AM,01/12/2026 at 10:59 AM,Larceny,McPherson Ave,Assisted SLMPD with a larceny.,Referred to SLMPD,26-01-12-001320,27331,,,,,,,,,,,,,,,,
17,"January 12, 2026",01/12/2026 at 6:17 AM,01/12/2026 at 6:17 AM,Trespass,Quadrangle,Subject with no WASHU affiliation located.,Exceptional Clearance,26-01-12-001286,28066,,,,,,,,,,,,,,,,
17,"January 9, 2026",01/09/2026 at 3:59 PM,01/09/2026 at 3:59 PM,Larceny,Delmar Blvd,Assisted SLMPD with a larceny.,Referred to SLMPD,26-01-09-001039,27327,,,,,,,,,,,,,,,,
17,"January 9, 2026",01/09/2026 at 2:22 PM,01/09/2026 at 11:22 AM,Harassment,AB Law,Complainant reports concerning communication.,Active,260004,27316,,,,,,,,,,,,,,,,
17,"January 9, 2026",01/16/2026 at 6:12 PM,01/09/2026 at 12:00 AM,Burglary,McPherson Ave,Assisted SLMPD with a burglary.,Referred to SLMPD,26-01-16-002093,27365,,,,,,,,,,,,,,,,
17,"January 8, 2026",01/08/2026 at 2:08 PM,01/08/2026 at 2:04 PM,Property Destruction,Forsyth Blvd,Assisted Clayton PD with a property destruction.,Referred to Clayton PD,26-01-08-000897,27324,,,,,,,,,,,,,,,,
17,"January 6, 2026",01/06/2026 at 2:40 PM,01/06/2026 at 2:40 PM,Larceny,Sumers Rec,Complainant reports stolen money.,Inactive,260001,27280,,,,,,,,,,,,,,,,
18,"January 5, 2026",01/05/2026 at 3:48 PM,01/05/2026 at 3:48 PM,Fraud,Saint Louis,Assisted SLMPD with a fraud.,Referred to SLMPD,26-01-05-000521,27258,,,,,,,,,,,,,,,,
18,"December 30, 2025",12/30/2025 at 6:00 PM,12/30/2025 at 6:00 PM,Larceny,Pershing Avenue,Assisted SLMPD with a larceny.,Referred to SLMPD,25-12-30-043609,27250,,,,,,,,,,,,,,,,
18,"December 27, 2025",09/04/2026 at 3:40 PM,12/27/2025 at 4:00 PM,Harassment,Danforth Campus,Complainant reports concerning communication.,Pending,260322,28601,,,,,,,,,,,,,,,,
18,"December 25, 2025",12/25/2025 at 5:13 PM,12/25/2025 at 5:10 PM,Simple Assault,Knight Center,Disturbance resulted in assault.,Active,250586,27246,,,,,,,,,,,,,,,,
18,"December 22, 2025",12/22/2025 at 10:45 PM,12/22/2025 at 10:45 PM,Aggravated Assault,Forsyth Blvd,Assisted UCPD with an aggravated assault.,Referred to UCPD,25-12-22-042756,27218,,,,,,,,,,,,,,,,
18,"December 19, 2025",12/19/2025 at 10:40 AM,12/19/2025 at 10:40 AM,Property Destruction,Cates Ave,Assisted UCPD with a property destruction.,Referred to UCPD,25-12-19-042309,27215,,,,,,,,,,,,,,,,
18,"December 19, 2025",01/09/2026 at 4:40 PM,12/19/2025 at 8:00 AM,Larceny,Park House,Complainant reports theft of bike.,Inactive,260005,27319,,,,,,,,,,,,,,,,
18,"December 18, 2025",01/09/2026 at 4:47 PM,12/18/2025 at 9:00 AM,Larceny,Danforth House,Complainant reports theft of bike.,Inactive,260006,27322,,,,,,,,,,,,,,,,
18,"December 16, 2025",12/16/2025 at 6:45 PM,12/16/2025 at 6:45 PM,Trespass,Skinker Blvd,Assist SLMPD with a trespass.,Referred to SLMPD,25-12-16-041813,27203,,,,,,,,,,,,,,,,
18,"December 16, 2025",12/16/2025 at 1:19 PM,12/16/2025 at 12:00 PM,Larceny,AB Law,Complainant reports theft of clothing.,Inactive,250579,27205,,,,,,,,,,,,,,,,
19,"December 16, 2025",12/16/2025 at 4:47 AM,12/16/2025 at 3:11 AM,Harassment,AB Law,Complainant reports concerning communication.,Active,250577,27201,,,,,,,,,,,,,,,,
19,"December 15, 2025",12/30/2025 at 8:32 PM,12/15/2025 at 8:32 PM,Fraud,Danforth Campus,Complainant reports fraudulent wire transaction.,Inactive,250589,27253,,,,,,,,,,,,,,,,
19,"December 15, 2025",12/15/2025 at 11:33 AM,12/15/2025 at 11:33 AM,Larceny,Olin Library,Complainant reports theft of camera equipment.,Inactive,250575,27199,,,,,,,,,,,,,,,,
19,"December 14, 2025",12/14/2025 at 6:37 PM,12/14/2025 at 5:09 PM,Property Destruction,Givens Hall,Complainant reports a broken window pane.,Referred to Judicial,250574,27189,,,,,,,,,,,,,,,,
19,"December 6, 2025",12/06/2025 at 6:42 PM,12/06/2025 at 6:42 PM,Larceny,Kingsbury Blvd,Assisted UCPD with a larceny from a vehicle.,Referred to UCPD,25-12-06-040151,27136,,,,,,,,,,,,,,,,
19,"December 6, 2025",12/06/2025 at 1:38 PM,12/06/2025 at 1:38 PM,Property Destruction,Simon Hall,Complainant reports damage to office.,Active,250566,27132,,,,,,,,,,,,,,,,
19,"December 6, 2025",12/06/2025 at 10:50 PM,12/06/2025 at 10:50 AM,Burglary,Waterman Blvd,Assist SLMPD with a burglary.,Referred to SLMPD,25-12-06-040174,27140,,,,,,,,,,,,,,,,
19,"December 6, 2025",12/15/2025 at 1:02 PM,12/06/2025 at 8:29 AM,Harassment,Danforth Campus,Complainant reports concerning communication.,Active,250578,27207,,,,,,,,,,,,,,,,
19,"December 6, 2025",12/06/2025 at 8:50 AM,12/06/2025 at 8:00 AM,Fraud,Lien Hall,Complainant reports extortion through social media.,Active,250565,27130,,,,,,,,,,,,,,,,
19,"December 6, 2025",12/06/2025 at 3:38 AM,12/06/2025 at 3:38 AM,Trespass,Seigle Hall,Subject with no WASHU affiliation located on campus.,Cleared By Arrest,250564,27128,,,,,,,,,,,,,,,,
20,"December 4, 2025",12/04/2025 at 6:27 PM,12/04/2025 at 6:27 PM,Larceny,Forest Park,Assist UCPD with a larceny from a vehicle.,Referred to SLMPD,25-12-04-039862,27138,,,,,,,,,,,,,,,,
20,"December 3, 2025",12/03/2025 at 6:40 PM,12/03/2025 at 6:40 PM,Auto Accident – Leave The Scene,Washington Blvd,Assisted SLMPD with an auto accident.,Referred to SLMPD,25-12-03-039695,27124,,,,,,,,,,,,,,,,
20,"December 3, 2025",12/03/2025 at 9:11 AM,12/03/2025 at 9:11 AM,Auto Accident – Leave The Scene,Skinker Blvd,Assisted SLMPD with an auto accident.,Referred to SLMPD,25-12-03-039627,27122,,,,,,,,,,,,,,,,
20,"November 26, 2025",11/26/2025 at 6:24 PM,11/26/2025 at 6:24 PM,Trespass,Hillman Hall,Subject with no WASHU affiliation located on campus.,Cleared By Arrest,250553,27112,,,,,,,,,,,,,,,,
20,"November 25, 2025",11/25/2025 at 10:23 AM,11/25/2025 at 10:23 AM,Disorderly Conduct,Olin Library,Complainant reports inappropriate filming in a bathroom.,Cleared By Arrest,250552,27110,,,,,,,,,,,,,,,,
20,"November 23, 2025",11/23/2025 at 8:40 PM,11/23/2025 at 8:40 PM,Trespass,DUC,Subject with no WASHU affiliation located on campus.,Exceptional Clearance,250551,27101,,,,,,,,,,,,,,,,
20,"November 19, 2025",11/20/2025 at 6:22 PM,11/19/2025 at 2:00 PM,Larceny,Bayer Hall,Complainant reports theft of bike.,Inactive,250550,27099,,,,,,,,,,,,,,,,
20,"November 19, 2025",11/19/2025 at 5:13 PM,11/19/2025 at 10:00 AM,Motor Vehicle Theft,Seigle Hall,Complainant reports theft of an electric bike.,Active,250549,27086,,,,,,,,,,,,,,,,
20,"November 15, 2025",11/15/2025 at 1:21 PM,11/15/2025 at 1:21 PM,Trespass,Village House,Subject with no WASHU affiliation located on campus.,Exceptional Clearance,250543,27042,,,,,,,,,,,,,,,,
20,"November 12, 2025",11/13/2025 at 12:54 PM,11/12/2025 at 9:00 AM,Larceny,AB Law,Complainant reports theft of bike.,Active,250538,27028,,,,,,,,,,,,,,,,
21,"November 11, 2025",11/14/2025 at 10:15 AM,11/11/2025 at 10:30 PM,Larceny,DUC,Complainant reports theft of consumable goods.,Inactive,250545,27079,,,,,,,,,,,,,,,,
21,"November 11, 2025",11/12/2025 at 3:08 PM,11/11/2025 at 7:00 PM,Larceny,Sumers Rec,Complainant reports theft of credit cards.,Inactive,250535,27006,,,,,,,,,,,,,,,,
21,"November 7, 2025",11/07/2025 at 4:15 PM,11/07/2025 at 4:15 PM,Trespass,Brauer Hall,Subject with no WASHU affiliation located on campus.,Cleared By Arrest,250529,26988,,,,,,,,,,,,,,,,
21,"November 7, 2025",11/07/2025 at 3:07 PM,11/07/2025 at 3:07 PM,Fraud,Danforth Campus,Complainant reports fraudulent use of meal points.,Active,250528,26986,,,,,,,,,,,,,,,,
21,"November 2, 2025",11/02/2025 at 10:31 PM,11/02/2025 at 12:57 AM,Property Destruction,Snow Way Garage,Subject broke gate arm.,Referred to Judicial,250515,26970,,,,,,,,,,,,,,,,
21,"November 1, 2025",11/02/2025 at 2:33 PM,11/01/2025 at 5:30 PM,Motor Vehicle Theft,Mudd Field,Complainant reports theft of electric scooter.,Inactive,250516,26972,,,,,,,,,,,,,,,,
21,"October 31, 2025",10/31/2025 at 7:41 PM,10/31/2025 at 4:00 PM,Disorderly Conduct,Mallinckrodt Center,Complainant reports indecent exposure.,Cleared By Arrest,250512,26976,,,,,,,,,,,,,,,,
21,"October 31, 2025",10/31/2025 at 3:11 PM,10/31/2025 at 12:00 PM,Fraud,Danforth Campus,Complainant reports fraudulent use of rewards program.,Active,250511,26924,,,,,,,,,,,,,,,,
21,"October 31, 2025",10/31/2025 at 8:27 AM,10/31/2025 at 8:27 AM,Trespass,Charles F Knight Exec Ed,Subject with no WASHU affiliation located on campus.,Cleared By Arrest,250510,26922,,,,,,,,,,,,,,,,
21,"October 25, 2025",10/25/2025 at 9:21 AM,10/25/2025 at 6:00 AM,Property Destruction,Snow Way Garage,Subject broke gate arm.,Referred to Judicial,250503,26918,,,,,,,,,,,,,,,,
22,"October 24, 2025",10/24/2025 at 10:23 PM,10/24/2025 at 10:18 PM,Property Destruction,Millbrook Garage,Subject broke gate arm.,Active,250500,26916,,,,,,,,,,,,,,,,
22,"October 17, 2025",10/17/2025 at 7:14 PM,10/17/2025 at 5:45 PM,Larceny,South 40,Complainant reports theft of food.,Inactive,250483,26889,,,,,,,,,,,,,,,,
22,"October 14, 2025",10/14/2025 at 9:24 AM,10/14/2025 at 9:24 AM,Larceny,Knight Center,Complainant reports theft of personal items.,Active,250478,26887,,,,,,,,,,,,,,,,
22,"October 11, 2025",10/11/2025 at 3:10 AM,10/11/2025 at 12:49 AM,Property Destruction,Snow Way Garage,Subject broke gate arm.,Referred to Judicial,250475,26850,,,,,,,,,,,,,,,,
22,"October 10, 2025",10/10/2025 at 6:56 PM,10/10/2025 at 6:56 PM,Trespass,McKelvey Hall,Subject with no WASHU affiliation located on campus.,Exceptional Clearance,250471,26852,,,,,,,,,,,,,,,,
22,"October 8, 2025",10/08/2025 at 6:52 PM,10/08/2025 at 6:52 PM,Larceny,Bears Den,Complainant reports theft of shoes.,Inactive,250467,26848,,,,,,,,,,,,,,,,
22,"October 3, 2025",11/03/2025 at 12:32 PM,10/03/2025 at 12:00 PM,Larceny,Bears Den,Complainant reports theft of food.,Inactive,250519,26974,,,,,,,,,,,,,,,,
22,"October 1, 2025",10/01/2025 at 1:02 PM,10/01/2025 at 1:02 PM,Larceny,Bears Den,Complainant reports theft of money.,Inactive,250458,26834,,,,,,,,,,,,,,,,
22,"October 1, 2025",10/01/2025 at 8:32 AM,10/01/2025 at 2:32 AM,Motor Vehicle Theft,Lee Dorm,Complainant reports theft of electric scooter.,Referred To Judicial,250460,26838,,,,,,,,,,,,,,,,
22,"September 29, 2025",09/29/2025 at 3:53 PM,09/29/2025 at 1:00 PM,Larceny,Village East,Complainant reports theft of bike.,Inactive,250459,26836,,,,,,,,,,,,,,,,
23,"September 28, 2025",09/28/2025 at 8:01 PM,09/28/2025 at 5:20 PM,Larceny,Brauer Hall,Complainant reports theft of financial instruments.,Active,250450,26789,,,,,,,,,,,,,,,,
23,"September 28, 2025",09/29/2025 at 3:19 PM,09/28/2025 at 3:30 PM,Larceny,Brauer Hall,Complainant reports theft of wallet.,Active,250452,26792,,,,,,,,,,,,,,,,
23,"September 26, 2025",09/26/2025 at 7:51 PM,09/26/2025 at 6:40 PM,Sexual Assault,DUC,Complainant reports non-consensual incident.,Closed,250446,26761,,,,,,,,,,,,,,,,
23,"September 25, 2025",09/28/2025 at 1:36 PM,09/25/2025 at 12:00 PM,Fraud,Olin Library,Complainant reports fraudulent transaction.,Active,250449,26787,,,,,,,,,,,,,,,,
23,"September 25, 2025",09/27/2025 at 11:49 AM,09/25/2025 at 11:00 AM,Larceny,Athletic Complex,Complainant reports theft of bike.,Active,250447,26763,,,,,,,,,,,,,,,,
23,"September 22, 2025",09/22/2025 at 2:42 PM,09/22/2025 at 11:20 AM,Motor Vehicle Theft,McMillan Hall,Complainant reports theft of electric bike.,Active,250438,26758,,,,,,,,,,,,,,,,
23,"September 20, 2025",09/22/2025 at 11:57 AM,09/20/2025 at 12:01 AM,Larceny,Koenig Dorm,Complainant reports theft of clothes.,Inactive,250437,26756,,,,,,,,,,,,,,,,
23,"September 18, 2025",09/18/2025 at 11:19 PM,09/18/2025 at 11:11 PM,Property Destruction,Snow Way Garage,Subject broke gate arm.,Active,250428,26739,,,,,,,,,,,,,,,,
23,"September 18, 2025",09/18/2025 at 8:59 PM,09/18/2025 at 8:59 PM,Larceny,Sumers Rec,Complainant reports theft of tech equipment.,Active,250427,26737,,,,,,,,,,,,,,,,
23,"September 18, 2025",09/18/2025 at 4:21 PM,09/18/2025 at 4:21 PM,Larceny,Brauer Hall,Complainant reports theft of purse.,Active,250425,26733,,,,,,,,,,,,,,,,
24,"September 18, 2025",09/18/2025 at 5:19 PM,09/18/2025 at 8:30 AM,Larceny,Brookings Hall,Complainant reports theft of backpack.,Active,250426,26735,,,,,,,,,,,,,,,,
24,"September 16, 2025",09/22/2025 at 9:49 AM,09/16/2025 at 12:50 PM,Larceny,McMillan Hall,Complainant reports theft of bike.,Active,250436,26754,,,,,,,,,,,,,,,,
24,"September 16, 2025",09/16/2025 at 11:33 AM,09/16/2025 at 11:33 AM,Motor Vehicle Theft,DUC,Complainant reports theft of motor vehicle.,Closed,250424,26731,,,,,,,,,,,,,,,,
24,"September 14, 2025",09/15/2025 at 12:30 PM,09/14/2025 at 5:30 PM,Larceny,Lopata House,Complainant reports theft of clothing.,Inactive,250417,26729,,,,,,,,,,,,,,,,
24,"September 7, 2025",09/07/2025 at 1:57 PM,09/07/2025 at 1:12 PM,Property Destruction,East End Garage,Subject broke gate arm.,Inactive,250396,26558,,,,,,,,,,,,,,,,
24,"September 6, 2025",09/15/2025 at 11:03 AM,09/06/2025 at 5:30 PM,Fraud,Francis Field,Complainant reports counterfeit currency.,Active,250416,26727,,,,,,,,,,,,,,,,
24,"September 5, 2025",09/06/2025 at 2:50 PM,09/05/2025 at 1:30 PM,Larceny,Village House,Complainant reports theft of clothes.,Inactive,250393,26540,,,,,,,,,,,,,,,,
24,"September 4, 2025",09/05/2025 at 4:28 PM,09/04/2025 at 7:00 PM,Motor Vehicle Theft,DUC,Complainant reports theft of electric scooter.,Active,250391,26538,,,,,,,,,,,,,,,,
24,"September 3, 2025",09/03/2025 at 2:47 PM,09/03/2025 at 11:30 AM,Larceny,Brauer Hall,Complainant reports theft of a bag.,Active,250386,26523,,,,,,,,,,,,,,,,
24,"August 28, 2025",08/28/2025 at 7:03 AM,08/28/2025 at 7:03 AM,Trespass,Olin Library,Subject with no WASHU affiliation located on campus.,Cleared By Arrest,250370,26464,,,,,,,,,,,,,,,,
25,"August 27, 2025",08/28/2025 at 4:46 PM,08/27/2025 at 5:00 PM,Larceny,Lien Hall,Complainant reports theft of bike.,Active,250371,26466,,,,,,,,,,,,,,,,
25,"August 25, 2025",09/03/2025 at 10:19 AM,08/25/2025 at 6:06 PM,Fraud,Simon Lot,Complainant reports fraudulent exchange of goods.,Active,250385,26521,,,,,,,,,,,,,,,,
25,"August 23, 2025",08/23/2025 at 7:37 PM,08/23/2025 at 7:37 PM,Trespass,Jolley Hall,Subject with no WASHU affiliation located on campus.,Cleared By Arrest,250361,26426,,,,,,,,,,,,,,,,
25,"August 22, 2025",08/29/2025 at 6:14 PM,08/22/2025 at 7:00 PM,Larceny,Bears Den,Complainant reports theft of bag.,Exceptional Clearance,250374,26468,,,,,,,,,,,,,,,,
25,"August 20, 2025",08/20/2025 at 9:57 AM,08/20/2025 at 9:57 AM,Trespass,Knight Exec,Subject with no WASHU affiliation located on campus.,Cleared By Arrest,250350,26400,,,,,,,,,,,,,,,,
25,"August 18, 2025",08/18/2025 at 7:59 PM,08/18/2025 at 7:59 PM,Trespass,DUC,Subject with no WASHU affiliation located on campus.,Exceptional Clearance,250347,26375,,,,,,,,,,,,,,,,
25,"August 16, 2025",08/17/2025 at 2:33 PM,08/16/2025 at 1:50 PM,Larceny,DUC,Complainant reports theft of personal property from a vehicle.,Active,250344,26373,,,,,,,,,,,,,,,,
25,"August 16, 2025",08/16/2025 at 8:02 PM,08/16/2025 at 8:30 AM,Larceny,DUC,Complainant reports theft of bike.,Inactive,250342,26349,,,,,,,,,,,,,,,,
25,"August 11, 2025",08/22/2025 at 5:23 PM,08/11/2025 at 12:00 PM,Larceny,AB Law,Complainant reports theft of a bike.,Inactive,250355,26402,,,,,,,,,,,,,,,,
25,"August 7, 2025",08/04/2025 at 4:14 PM,08/07/2025 at 11:45 AM,Larceny,Olin Library,Complainant reports theft of phone.,Active; Property Recovered,250327,26340,,,,,,,,,,,,,,,,
26,"August 1, 2025",12/07/2025 at 4:40 PM,08/01/2025 at 4:40 PM,Larceny,Village House,Complainant reports theft of a bike.,Inactive,250568,27134,,,,,,,,,,,,,,,,
26,"July 27, 2025",07/27/2025 at 10:59 AM,07/27/2025 at 10:44 AM,Property Destruction,Millbrook Garage,Subject broke gate arm.,Inactive,250320,26324,,,,,,,,,,,,,,,,
26,"July 17, 2025",07/17/2025 at 8:15 AM,07/17/2025 at 8:10 AM,Trespass,Charles F. Knight Exec Ed,Subject with no WASHU affiliation located on campus.,Exceptional Clearance,250309,26316,,,,,,,,,,,,,,,,
26,"July 14, 2025",07/14/2025 at 3:23 PM,07/14/2025 at 2:16 PM,Larceny,Olin Library,Complainant reports theft of bike.,Active,250307,26303,,,,,,,,,,,,,,,,
26,"June 27, 2025",06/27/2025 at 11:09 PM,06/27/2025 at 11:02 PM,Property Destruction,East End Garage,Subject broke gate arm.,Inactive,250296,26257,,,,,,,,,,,,,,,,
26,"June 27, 2025",06/27/2025 at 2:51 PM,06/27/2025 at 9:02 AM,Larceny,Seigle Hall,Complainant reports theft of bike.,Cleared By Arrest,250295,26259,,,,,,,,,,,,,,,,
26,"June 27, 2025",10/02/2025 at 12:40 PM,06/27/2025 at 9:00 AM,Larceny,Ridgely Hall,Complainant reports theft of computer equipment.,Active,250461,26840,,,,,,,,,,,,,,,,
26,"June 22, 2025",06/23/2025 at 2:25 PM,06/22/2025 at 11:15 AM,Fraud,Athletic Complex,Complainant reports fraudulent transaction.,Active,250289,26236,,,,,,,,,,,,,,,,
26,"June 21, 2025",06/21/2025 at 10:52 PM,06/21/2025 at 10:52 PM,Trespass,Goldfarb Hall,Subject with no WASHU affiliation located on campus.,Cleared By Arrest,250288,26234,,,,,,,,,,,,,,,,
26,"June 17, 2025",06/19/2025 at 2:46 PM,06/17/2025 at 2:46 PM,Larceny,McKelvey Hall,Complainant reports theft of computer equipment.,Active,250286,26229,,,,,,,,,,,,,,,,
27,"June 16, 2025",06/16/2025 at 4:39 PM,06/16/2025 at 4:35 PM,Trespass,Kemper Art,Subject with no WASHU affiliation located on campus.,Active,250282,26217,,,,,,,,,,,,,,,,
27,"June 10, 2025",06/10/2025 at 10:35 PM,06/10/2025 at 10:00 AM,Larceny,Sumers Rec Center,Complainant reports theft of money.,Inactive,250280,26213,,,,,,,,,,,,,,,,
27,"June 5, 2025",06/05/2025 at 10:20 PM,06/05/2025 at 7:00 PM,Larceny,AB Law,Complainant reports theft of bike.,Active,250278,26210,,,,,,,,,,,,,,,,
27,"June 5, 2025",06/05/2025 at 3:26 PM,06/05/2025 at 9:08 AM,Larceny,Jolley Hall,Complainant reports theft of construction equipment.,Active; Property Recovered,250277,26208,,,,,,,,,,,,,,,,
27,"June 4, 2025",06/04/2025 at 9:17 AM,06/04/2025 at 9:17 AM,Harassment,Knight Center,Complainant reports concerning communication.,Active,250276,26201,,,,,,,,,,,,,,,,
27,"June 3, 2025",06/03/2025 at 6:01 PM,06/03/2025 at 4:36 PM,Larceny,Athletic Complex,Complainant reports theft of bike.,Active,250275,26203,,,,,,,,,,,,,,,,
27,"June 2, 2025",06/02/2025 at 11:56 AM,06/02/2025 at 11:56 AM,Trespass,Hillman Hall,Subject with no WASHU affiliation located on campus.,Cleared By Arrest,250273,26195,,,,,,,,,,,,,,,,
27,"May 31, 2025",05/31/2025 at 8:37 AM,05/31/2025 at 8:37 AM,Trespass,Hillman Hall,Subject with no WASHU affiliation located on campus.,Cleared By Arrest,250271,26171,,,,,,,,,,,,,,,,
27,"May 26, 2025",05/26/2025 at 11:31 PM,05/26/2025 at 10:53 PM,Trespass,Hillman Hall,Subject with no WASHU affiliation located on campus.,Active,250267,26153,,,,,,,,,,,,,,,,
27,"May 25, 2025",05/26/2025 at 4:04 PM,05/25/2025 at 12:30 PM,Larceny,DUC,Complainant reports theft of bike wheel.,Inactive,250266,26151,,,,,,,,,,,,,,,,
28,"May 22, 2025",05/22/2025 at 7:17 AM,05/22/2025 at 7:10 AM,Trespass,McKelvey Hall,Subject with no WASHU affiliation located on campus.,Active,250265,26146,,,,,,,,,,,,,,,,
28,"May 14, 2025",08/11/2025 at 5:22 PM,05/14/2025 at 12:00 AM,Motor Vehicle Theft,Lopata House,Complainant reports theft of electric scooter.,Inactive,250330,26347,,,,,,,,,,,,,,,,
28,"May 13, 2025",05/13/2025 at 12:56 PM,05/13/2025 at 12:56 PM,Trespass,McKelvey Hall,Subject with no WASHU affiliation located on campus.,Cleared By Arrest,250258,17838,,,,,,,,,,,,,,,,
28,"May 12, 2025",11/07/2025 at 11:02 AM,05/12/2025 at 3:00 PM,Larceny,Frat House 4,Complainant reports theft of speakers.,Active,250525,26984,,,,,,,,,,,,,,,,
28,"May 9, 2025",05/09/2025 at 1:02 PM,05/09/2025 at 1:02 PM,Trespass,Tisch,Subject with no WASHU affiliation located on campus.,Exceptional Clearance,250248,17681,,,,,,,,,,,,,,,,
28,"May 8, 2025",05/08/2025 at 9:30 AM,05/08/2025 at 9:30 AM,Trespass,Bryan Hall,Subject with no WASHU affiliation located on campus.,Cleared By Arrest,250240,17679,,,,,,,,,,,,,,,,
28,"May 6, 2025",05/07/2025 at 2:42 AM,05/06/2025 at 9:45 PM,Larceny,Shanedling Dorm,Complainant reports theft of personal items.,Closed; Property Recovered,250235,17650,,,,,,,,,,,,,,,,
28,"May 6, 2025",05/12/2025 at 12:46 PM,05/06/2025 at 9:00 AM,Larceny,Olin Library,Complainant reports theft of bike.,Active,250255,17836,,,,,,,,,,,,,,,,
28,"May 5, 2025",05/05/2025 at 4:20 PM,05/05/2025 at 4:05 PM,Trespass,DUC,Subject with no WASHU affiliation located on campus.,Cleared By Arrest,250232,17644,,,,,,,,,,,,,,,,
28,"May 5, 2025",05/05/2025 at 7:38 AM,05/05/2025 at 7:38 AM,Trespass,Jolley Hall,Subject with no WASHU affiliation located on campus.,Cleared By Arrest,250230,17642,,,,,,,,,,,,,,,,
29,"April 30, 2025",05/01/2025 at 12:13 AM,04/30/2025 at 7:26 PM,Larceny,Olin Library,Complainant reports theft of electronic equipment.,Active,250227,17613,,,,,,,,,,,,,,,,
29,"April 29, 2025",04/29/2025 at 2:29 PM,04/29/2025 at 2:00 PM,Larceny,Jolley Hall,Complainant reports theft of electronics.,Cleared By Arrest,250222,17578,,,,,,,,,,,,,,,,
29,"April 26, 2025",04/28/2025 at 6:53 PM,04/26/2025 at 4:43 PM,Motor Vehicle Theft,Millbrook,Complainant reports theft of electric scooter.,Active,250218,17551,,,,,,,,,,,,,,,,
29,"April 25, 2025",04/25/2025 at 10:18 PM,04/25/2025 at 10:18 PM,Trespass,Mudd Field,Subject with WUSTL affiliation located on campus with unauthorized access.,Cleared By Arrest,250210,17545,,,,,,,,,,,,,,,,
29,"April 25, 2025",04/25/2025 at 10:20 PM,04/25/2025 at 9:30 PM,Sexual Assault,Mudd Field,Complainant reports non-consensual incident.,Referred to Judicial,250213,17549,,,,,,,,,,,,,,,,
29,"April 25, 2025",04/25/2025 at 11:00 PM,04/25/2025 at 9:20 PM,Simple Assault,Mudd Field,Disturbance resulted in assault.,Referred to Judicial,250211,17547,,,,,,,,,,,,,,,,
29,"April 24, 2025",05/05/2025 at 4:48 PM,04/24/2025 at 4:48 PM,Larceny,Liggett Dorm,Complainant reports theft of bike.,Active,250233,17646,,,,,,,,,,,,,,,,
29,"April 24, 2025",04/24/2025 at 4:41 PM,04/24/2025 at 4:00 PM,Trespass,Facilities,Subject with no WASHU affiliation located on campus.,Exceptional Clearance,250199,17523,,,,,,,,,,,,,,,,
29,"April 24, 2025",04/24/2025 at 4:56 PM,04/24/2025 at 1:00 PM,Larceny,Olin Library,Complainant reports theft of headphones.,Inactive,250205,17542,,,,,,,,,,,,,,,,
29,"April 24, 2025",04/24/2025 at 12:39 PM,04/24/2025 at 7:30 AM,Larceny,Bayer Hall,Complainant reports theft of backpack.,Inactive,250202,17540,,,,,,,,,,,,,,,,
30,"April 18, 2025",04/25/2025 at 11:34 AM,04/18/2025 at 6:40 PM,Property Destruction,DUC,Complainant reports paint damage.,Inactive,250208,17538,,,,,,,,,,,,,,,,
30,"April 16, 2025",04/16/2025 at 7:07 PM,04/16/2025 at 7:00 PM,Trespass,Gregg Hall,Subject with no WASHU affiliation located on campus.,Cleared By Arrest,250185,17471,,,,,,,,,,,,,,,,
30,"April 16, 2025",04/22/2025 at 12:27 PM,04/16/2025 at 12:27 PM,Larceny,Crow Hall,Complainant reports theft of bike.,Active,250194,17517,,,,,,,,,,,,,,,,
30,"April 16, 2025",04/17/2025 at 3:17 PM,04/16/2025 at 8:50 AM,Fraud,Danforth Campus,Complainant reports fraudulent wire transaction.,Active,250187,17473,,,,,,,,,,,,,,,,
30,"April 16, 2025",04/16/2025 at 8:02 AM,04/16/2025 at 8:02 AM,Harassment,North Brookings,Complainant reports concerning communication.,Active,250183,17469,,,,,,,,,,,,,,,,
30,"April 15, 2025",04/15/2025 at 3:07 PM,04/15/2025 at 2:30 PM,Larceny,276 SKinker,Complainant reports theft of electronic equipment.,Inactive,250181,17467,,,,,,,,,,,,,,,,
30,"April 15, 2025",04/15/2025 at 3:00 PM,04/15/2025 at 12:00 AM,Harassment,Lofts,Complainant reports concerning contact.,Active,250180,17465,,,,,,,,,,,,,,,,
30,"April 13, 2025",04/13/2025 at 11:59 AM,04/13/2025 at 11:45 AM,Trespass,Dauten Dorm,Subject with no WUSTL affiliation located on campus.,Cleared By Arrest,250178,17461,,,,,,,,,,,,,,,,
30,"April 12, 2025",04/12/2025 at 2:07 PM,04/12/2025 at 1:52 PM,Harassment,Olin Library,Complainant reports concerning communication.,Active,250175,17441,,,,,,,,,,,,,,,,
30,"April 12, 2025",04/14/2025 at 8:59 PM,04/12/2025 at 9:00 AM,Larceny,DUC,Complainant reports theft of money.,Active,250195,17515,,,,,,,,,,,,,,,,
31,"April 10, 2025",04/11/2025 at 12:05 PM,04/10/2025 at 10:00 AM,Larceny,Bears Den,Complainant reports theft of money.,Active,250173,17437,,,,,,,,,,,,,,,,
31,"April 10, 2025",04/11/2025 at 12:05 PM,04/10/2025 at 10:00 AM,Fraud,Bears Den,Complainant reports fraudulent transaction.,Active,250173,17439,,,,,,,,,,,,,,,,
31,"April 7, 2025",04/08/2025 at 3:49 PM,04/07/2025 at 2:50 PM,Harassment,Wilson Hall,Complainant reports concerning contact.,Closed,250166,17431,,,,,,,,,,,,,,,,
31,"April 7, 2025",04/07/2025 at 9:44 AM,04/07/2025 at 9:44 AM,Trespass,Lofts,Subject with no WASHU affiliation located on campus.,Active,250163,17427,,,,,,,,,,,,,,,,
31,"April 6, 2025",04/06/2025 at 4:30 PM,04/06/2025 at 4:30 PM,Trespass,Forsyth Blvd,Subject with no WASHU affiliation located on campus.,Exceptional Clearance,250158,17402,,,,,,,,,,,,,,,,
31,"April 6, 2025",04/06/2025 at 4:27 PM,04/06/2025 at 4:20 PM,Weapons Law Violation,Mallinckrodt Center,Subject in possession of a firearm located on campus.,Cleared By Arrest,250159,17404,,,,,,,,,,,,,,,,
31,"April 2, 2025",04/02/2025 at 3:59 PM,04/02/2025 at 9:41 AM,Larceny,McMillan Hall,Complainant reports theft of bike.,Active,250151,17400,,,,,,,,,,,,,,,,
31,"April 2, 2025",05/09/2025 at 3:06 PM,04/02/2025 at 2:55 AM,Property Destruction,Rosedale Court Apartments,Complainant reports damage to electronic equipment.,Active,250249,17840,,,,,,,,,,,,,,,,
31,"April 1, 2025",04/01/2025 at 9:35 AM,04/01/2025 at 9:35 AM,Trespass,Knight Center,Subject with no WASHU affiliation located on campus.,Cleared By Arrest,250150,17358,,,,,,,,,,,,,,,,
31,"March 29, 2025",03/29/2025 at 1:21 AM,03/29/2025 at 1:21 AM,Sexual Assault,Richmond Heights,Complainant reports non-consensual incident.,Active,250143,17345,,,,,,,,,,,,,,,,
32,"March 28, 2025",03/29/2025 at 11:44 AM,03/28/2025 at 9:50 PM,Property Destruction,Fraternity Row,Complainant reports damage to vehicle equipment.,Active,250144,17348,,,,,,,,,,,,,,,,
32,"March 23, 2025",03/24/2025 at 6:46 PM,03/23/2025 at 2:50 PM,Larceny,Olin Library,Complainant reports theft of bike.,Active,250135,17323,,,,,,,,,,,,,,,,
32,"March 21, 2025",03/24/2025 at 7:27 PM,03/21/2025 at 9:00 PM,Larceny,Park House Dorm,Complainant reports theft of bike.,Inactive,250141,17341,,,,,,,,,,,,,,,,
32,"March 20, 2025",03/20/2025 at 2:37 PM,03/20/2025 at 2:37 AM,Trespass,Women's Building,Subject with no WASHU affiliation located on campus.,Cleared By Arrest,250130,17318,,,,,,,,,,,,,,,,
32,"March 18, 2025",04/28/2025 at 8:47 PM,03/18/2025 at 11:30 AM,Larceny,Wilson Hall,Complainant reports theft of bike.,Inactive,250219,17553,,,,,,,,,,,,,,,,
32,"March 17, 2025",03/17/2025 at 4:53 PM,03/17/2025 at 9:00 AM,Fraud,Lopata House,Complainant reports extortion through social media.,Inactive,250118,17291,,,,,,,,,,,,,,,,
32,"March 16, 2025",03/18/2025 at 2:10 PM,03/16/2025 at 8:30 AM,Larceny,Danforth Campus,Complainant reports theft of wallet.,Active,250121,17293,,,,,,,,,,,,,,,,
32,"March 13, 2025",03/13/2025 at 8:40 AM,03/13/2025 at 8:40 AM,Trespass,Jolley Hall,Subject with no WASHU affiliation located on campus.,Cleared By Arrest,240114,17284,,,,,,,,,,,,,,,,
32,"March 11, 2025",03/11/2025 at 12:16 AM,03/11/2025 at 12:14 AM,Trespass,Jolley Hall,Subject with no WASHU affiliation located on campus.,Cleared By Arrest,250112,17282,,,,,,,,,,,,,,,,
32,"March 8, 2025",03/08/2025 at 11:35 AM,03/08/2025 at 9:42 AM,Trespass,Dardick House,Subject with no WASHU affiliation located on campus.,Cleared By Arrest,250110,17278,,,,,,,,,,,,,,,,
33,"March 5, 2025",03/06/2025 at 4:55 PM,03/05/2025 at 5:30 PM,Assault,Sumers Rec Center,Disturbance resulted in assault.,Referred to Judicial,250109,17275,,,,,,,,,,,,,,,,
33,"March 4, 2025",03/04/2025 at 8:53 PM,03/04/2025 at 8:53 PM,Trespass,Charles F. Knight Exec Ed,Subject with no WASHU affiliation located on campus.,Cleared By Arrest,250107,17245,,,,,,,,,,,,,,,,
33,"March 4, 2025",03/04/2025 at 5:48 PM,03/04/2025 at 5:48 PM,Trespass,McKelvey Hall,Subject with no WASHU affiliation located on campus.,Active,250106,17243,,,,,,,,,,,,,,,,
33,"March 3, 2025",03/03/2025 at 8:59 PM,03/03/2025 at 8:59 PM,Trespass,Dardick House,Subject with no WASHU affiliation located on campus.,Cleared By Arrest,250104,17240,,,,,,,,,,,,,,,,
33,"February 28, 2025",02/28/2025 at 12:11 PM,02/28/2025 at 12:11 PM,Trespass,AB Law,Subject with no WASHU affiliation located on campus.,Cleared By Arrest,250099,17218,,,,,,,,,,,,,,,,
33,"February 24, 2025",02/24/2025 at 9:11 PM,02/24/2025 at 9:10 PM,Trespass,Risa Commons,Subject with no WUSTL affiliation located on campus.,Cleared By Arrest,250094,17185,,,,,,,,,,,,,,,,
33,"February 22, 2025",02/27/2025 at 6:47 PM,02/22/2025 at 4:00 PM,Larceny,Myers Hall,Complainant reports theft of bike.,Active,250098,17215,,,,,,,,,,,,,,,,
33,"February 21, 2025",02/21/2025 at 8:38 PM,02/21/2025 at 8:38 PM,Trespass,Goldfarb Hall,Subject with no WUSTL affiliation located on campus.,Cleared By Arrest,250087,17172,,,,,,,,,,,,,,,,
33,"February 21, 2025",02/21/2025 at 7:38 AM,02/21/2025 at 7:38 AM,Trespass,Knight Hall,Subject with no WUSTL affiliation located on campus.,Cleared By Arrest,250086,17170,,,,,,,,,,,,,,,,
33,"February 20, 2025",02/20/2025 at 8:00 AM,02/20/2025 at 6:00 AM,Trespass,Charles F. Knight Exec Ed,Subject with no WUSTL affiliation located on campus.,Cleared By Arrest,250081,17156,,,,,,,,,,,,,,,,
34,"February 19, 2025",02/23/2025 at 4:14 PM,02/19/2025 at 10:30 PM,Larceny,Sumers Rec Center,Complainant reports theft of shoes.,Active,250090,17175,,,,,,,,,,,,,,,,
34,"February 19, 2025",02/19/2025 at 8:52 PM,02/19/2025 at 8:52 PM,Trespass,Nami Ramen,Subject with no WUSTL affiliation located on campus.,Cleared By Arrest,250080,17158,,,,,,,,,,,,,,,,
34,"February 19, 2025",02/19/2025 at 1:11 PM,02/19/2025 at 1:11 PM,Harassment,Danforth Campus,Complainant reports concerning contact.,Inactive,25-02-19-004724,27335,,,,,,,,,,,,,,,,
34,"February 18, 2025",02/18/2025 at 1:10 PM,02/18/2025 at 1:10 PM,Trespass,Charles F. Knight Exec Ed,Subject with no WUSTL affiliation located on campus.,Cleared By Arrest,250078,17135,,,,,,,,,,,,,,,,
34,"February 16, 2025",02/23/2025 at 6:05 PM,02/16/2025 at 6:00 PM,Larceny,Sumers Rec Center,Complainant reports theft of shoes.,Active,250091,17177,,,,,,,,,,,,,,,,
34,"February 16, 2025",02/16/2025 at 4:07 PM,02/16/2025 at 4:07 PM,Trespass,Knight Hall,Subject with no WUSTL affiliation located on campus.,Cleared By Arrest,250075,17126,,,,,,,,,,,,,,,,
34,"February 14, 2025",02/14/2025 at 11:46 PM,02/14/2025 at 11:20 PM,Larceny,Koenig Dorm,Complainant reports theft of phone.,Unfounded; Returned To Owner,250073,17124,,,,,,,,,,,,,,,,
34,"February 14, 2025",02/14/2025 at 2:17 PM,02/14/2025 at 12:55 PM,Motor Vehicle Theft,Simon Hall,Complainant reports theft of electric bike.,Active,250072,17122,,,,,,,,,,,,,,,,
34,"February 13, 2025",02/13/2025 at 11:33 PM,02/13/2025 at 11:33 PM,Trespass,Brown Hall,Subject with no WUSTL affiliation located on campus.,Cleared By Arrest,250071,17120,,,,,,,,,,,,,,,,
34,"February 11, 2025",02/25/2025 at 3:45 PM,02/11/2025 at 11:16 AM,Harassment,Seigle Hall,Complainant reports concerning communication.,Active,250095,17187,,,,,,,,,,,,,,,,
35,"February 10, 2025",02/10/2025 at 7:10 AM,02/10/2025 at 7:00 AM,Trespass,Charles F. Knight Exec Ed,Subject with no WUSTL affiliation located on campus.,Cleared By Arrest,250063,17116,,,,,,,,,,,,,,,,
35,"February 7, 2025",02/07/2025 at 1:41 PM,02/07/2025 at 1:41 PM,Larceny,Village House,Complainant reports theft of bike.,Cleared By Arrest,250058,17105,,,,,,,,,,,,,,,,
35,"February 6, 2025",02/06/2025 at 11:42 PM,02/06/2025 at 10:00 PM,Trespass,Goldfarb Hall,Subject with no WUSTL affiliation located on campus.,Cleared By Arrest,250057,17097,,,,,,,,,,,,,,,,
35,"February 6, 2025",02/06/2025 at 11:42 PM,02/06/2025 at 10:00 PM,Property Destruction,Goldfarb Hall,Complainant reports liquid damage.,Cleared By Arrest,250057,17100,,,,,,,,,,,,,,,,
35,"February 6, 2025",02/07/2025 at 4:47 PM,02/06/2025 at 6:30 PM,Larceny,DUC,Complainant reports theft of wallet.,Unfounded,250060,17102,,,,,,,,,,,,,,,,
35,"February 6, 2025",02/06/2025 at 4:21 PM,02/06/2025 at 4:21 PM,Larceny,Olin Library,Complainant reports theft of fanny pack.,Unfounded,250056,17095,,,,,,,,,,,,,,,,
35,"February 5, 2025",02/06/2025 at 9:40 AM,02/05/2025 at 9:00 PM,Larceny,Dauten Dorm,Complainant reports theft of bike.,Cleared By Arrest,250055,17093,,,,,,,,,,,,,,,,
35,"February 4, 2025",02/05/2025 at 3:13 PM,02/04/2025 at 5:00 PM,Larceny,Dauten Dorm,Complainant reports theft of bike.,Inactive,250054,17091,,,,,,,,,,,,,,,,
35,"February 4, 2025",02/18/2025 at 2:41 PM,02/04/2025 at 2:21 PM,Fraud,Danforth Campus,Complainant reports fraudulent wire transaction.,Active,250079,17138,,,,,,,,,,,,,,,,
35,"February 4, 2025",02/04/2025 at 6:27 PM,02/04/2025 at 2:00 PM,Harassment,Seigle Hall,Complainant reports concerning communication.,Inactive,250052,17077,,,,,,,,,,,,,,,,
36,"February 4, 2025",02/07/2025 at 2:08 PM,02/04/2025 at 8:30 AM,Larceny,Athletic Complex,Complainant reports theft of bike.,Cleared By Arrest,250059,17107,,,,,,,,,,,,,,,,
36,"February 1, 2025",02/02/2025 at 12:54 PM,02/01/2025 at 5:56 PM,Fraud,Mallinckrodt Center,Complainant reports fraudulent exchange of goods.,Cleared By Arrest,250048,17064,,,,,,,,,,,,,,,,
36,"January 31, 2025",02/03/2025 at 6:11 PM,01/31/2025 at 9:00 PM,Larceny,Mallinckrodt Center,Complainant reports theft of bike.,Inactive,250050,17069,,,,,,,,,,,,,,,,
36,"January 29, 2025",01/30/2025 at 11:17 AM,01/29/2025 at 2:30 PM,Harassment,Bears Den,Complainant reports concerning communication.,Active,250041,17060,,,,,,,,,,,,,,,,
36,"January 28, 2025",01/28/2025 at 11:08 PM,01/28/2025 at 9:29 PM,Property Destruction,Snow Way Garage,Subject broke gate arm.,Active,250038,17015,,,,,,,,,,,,,,,,
36,"January 25, 2025",01/31/2025 at 7:40 PM,01/25/2025 at 8:00 PM,Larceny,Millbrook Garage,Complainant reports theft of vehicle tabs.,Inactive,250044,17062,,,,,,,,,,,,,,,,
36,"January 25, 2025",01/25/2025 at 3:29 PM,01/25/2025 at 2:45 PM,Fraud,Millbrook,Complainant reports attempted extortion through social media.,Active,250030,16948,,,,,,,,,,,,,,,,
36,"January 24, 2025",01/27/2025 at 5:14 PM,01/24/2025 at 11:48 AM,Larceny,Sumers Rec Center,Complainant reports theft of packages.,Inactive,250034,16952,,,,,,,,,,,,,,,,
36,"January 22, 2025",01/22/2025 at 11:19 PM,01/22/2025 at 9:30 PM,Larceny,Athletic Complex,Complainant reports theft of shoes.,Inactive,250025,16923,,,,,,,,,,,,,,,,
36,"January 22, 2025",01/22/2025 at 5:33 PM,01/22/2025 at 5:33 PM,Larceny,Wheeler House,Complainant reports theft of bike.,Inactive,250024,16921,,,,,,,,,,,,,,,,
37,"January 20, 2025",01/20/2025 at 10:57 AM,01/20/2025 at 10:57 AM,Trespass,Bauer Hall,Subject with no WUSTL affiliation located on campus.,Cleared By Arrest,250019,16899,,,,,,,,,,,,,,,,
37,"January 17, 2025",01/17/2025 at 1:10 PM,01/17/2025 at 10:10 AM,Harassment,Danforth Campus,Complainant reports concerning communication.,Active,250013,16904,,,,,,,,,,,,,,,,
37,"January 15, 2025",04/15/2025 at 3:24 PM,01/15/2025 at 7:00 AM,Harassment,Village House,Complainant reports concerning contact.,Inactive,250179,17463,,,,,,,,,,,,,,,,
37,"January 9, 2025",01/09/2025 at 2:04 AM,01/09/2025 at 2:04 AM,Trespass,Bauer Hall,Subject with no WUSTL affiliation located on campus.,Cleared By Arrest,250006,16893,,,,,,,,,,,,,,,,
37,"January 8, 2025",04/08/2025 at 11:41 AM,01/08/2025 at 11:41 AM,Larceny,AB Law,Complainant reports theft of bike.,Active,250165,17429,,,,,,,,,,,,,,,,
37,"January 8, 2025",01/22/2025 at 3:28 PM,01/08/2025 at 9:00 AM,Larceny,Sever Hall,Complainant reports theft of computer equipment.,Inactive,250023,16919,,,,,,,,,,,,,,,,
37,"January 1, 2025",01/21/2025 at 2:02 PM,01/01/2025 at 5:00 PM,Larceny,McMillan Hall,Complainant reports theft of office items.,Inactive,250020,16906,,,,,,,,,,,,,,,,
37,"January 1, 2025",05/06/2025 at 12:03 PM,01/01/2025 at 12:03 PM,Larceny,McMillan Hall,Complainant reports theft of bike.,Inactive,250234,17648,,,,,,,,,,,,,,,,
37,"December 31, 2024",12/31/2024 at 10:41 AM,12/31/2024 at 10:35 AM,Trespass,Throop Drive,Subject with no WUSTL affiliation located on campus.,Cleared By Arrest,240520,16859,,,,,,,,,,,,,,,,
37,"December 27, 2024",12/27/2024 at 10:00 PM,12/27/2024 at 10:00 PM,Trespass,Knight Hall,Subject with no WUSTL affiliation located on campus.,Cleared By Arrest,240517,16857,,,,,,,,,,,,,,,,
38,"December 17, 2024",12/17/2024 at 8:08 PM,12/17/2024 at 8:08 PM,Property Destruction,Millbrook Garage,Driver hit and broke gate arm.,Exceptional Clearance,240506,16855,,,,,,,,,,,,,,,,
38,"December 17, 2024",01/16/2025 at 2:53 PM,12/17/2024 at 7:00 PM,Larceny,Zetcher House,Complainant reports theft of bike.,Active,250010,16895,,,,,,,,,,,,,,,,
38,"December 17, 2024",01/16/2025 at 5:08 PM,12/17/2024 at 12:00 PM,Larceny,Dardick House,Complainant reports theft of bike.,Cleared By Arrest,250010,16897,,,,,,,,,,,,,,,,
38,"December 11, 2024",12/11/2024 at 11:16 PM,12/11/2024 at 11:16 PM,Trespass,Olin Library,Subject with no WUSTL affiliation located on campus.,Cleared By Arrest,240498,16753,,,,,,,,,,,,,,,,
38,"December 8, 2024",12/11/2024 at 11:18 AM,12/08/2024 at 11:57 AM,Fraud,Mallinckrodt Center,Complainant reports fraudulent Bear Bucks transactions.,Cleared By Arrest,240494,16751,,,,,,,,,,,,,,,,
38,"December 6, 2024",12/06/2024 at 8:44 PM,12/06/2024 at 8:49 PM,Attempted Motor Vehicle Theft,Forest Park Parkway,Complainant reports attempted theft of motor vehicle.,Active,240487,16736,,,,,,,,,,,,,,,,
38,"December 4, 2024",12/05/2024 at 9:39 AM,12/04/2024 at 8:30 PM,Property Destruction,Hurd Dorm,Complainant reports damage to bike alarm.,Closed,240482,16697,,,,,,,,,,,,,,,,
38,"December 2, 2024",12/02/2024 at 1:41 PM,12/02/2024 at 1:41 PM,Trespass,Kaldi's Coffee,Subject with no WUSTL affiliation located on campus.,Active,240479,16685,,,,,,,,,,,,,,,,
38,"November 29, 2024",11/30/2024 at 11:59 AM,11/29/2024 at 11:00 AM,Motor Vehicle Theft,Millbrook,Complainant reports theft of electric bike.,Active,240478,16676,,,,,,,,,,,,,,,,
38,"November 25, 2024",11/25/2024 at 12:41 PM,11/25/2024 at 12:41 PM,Property Destruction,Shepley Garage,Complainant reports graffiti on infrastructure.,Active,240475,16672,,,,,,,,,,,,,,,,
39,"November 21, 2024",11/21/2024 at 4:35 PM,11/21/2024 at 11:00 AM,Larceny,Givens Hall,Complainant reports theft of bike.,Active,240470,16654,,,,,,,,,,,,,,,,
39,"November 19, 2024",11/21/2024 at 3:29 PM,11/19/2024 at 3:29 PM,Larceny,Village House,Complainant reports theft of bike.,Active,240469,16651,,,,,,,,,,,,,,,,
39,"November 18, 2024",11/22/2024 at 4:22 PM,11/18/2024 at 11:13 PM,Larceny,Sumers Rec Center,Complainant reports theft of sneakers.,Active,240472,16670,,,,,,,,,,,,,,,,
39,"November 17, 2024",11/18/2024 at 4:29 PM,11/17/2024 at 5:30 PM,Fraud,AB Law,Complainant reports attempted extortion through social media.,Active,240464,16645,,,,,,,,,,,,,,,,
39,"November 17, 2024",05/16/2025 at 11:23 AM,11/17/2024 at 12:00 AM,Harassment,Danforth Campus,Complainant reports concerning communciation.,Pending,250264,20790,,,,,,,,,,,,,,,,
39,"November 14, 2024",11/14/2024 at 12:05 PM,11/14/2024 at 11:30 AM,Trespass,Mallinckrodt Center,Subject with no WUSTL affiliation located on campus.,Active,240459,16642,,,,,,,,,,,,,,,,
39,"November 13, 2024",11/13/2024 at 10:52 AM,11/13/2024 at 10:52 AM,Trespass,Koenig Dorm,Subject with no WUSTL affiliation located on campus.,Active,240457,16624,,,,,,,,,,,,,,,,
39,"November 12, 2024",11/13/2024 at 10:52 AM,11/12/2024 at 5:00 PM,Larceny,Olin Library,Complainant reports theft of tablet.,Active,240458,16627,,,,,,,,,,,,,,,,
39,"November 11, 2024",11/11/2024 at 6:04 PM,11/11/2024 at 3:26 PM,Motor Vehicle Theft,Givens Hall,Complainant reports theft of electric scooter.,Active,240452,16611,,,,,,,,,,,,,,,,
39,"November 10, 2024",11/10/2024 at 3:12 PM,11/10/2024 at 12:10 PM,Larceny,Charles F. Knight Exec Ed,Complainant reports theft of headphones.,Active,240449,16609,,,,,,,,,,,,,,,,
40,"November 10, 2024",12/06/2024 at 3:01 PM,11/10/2024 at 8:00 AM,Larceny,Eliot B,Complainant reports theft of clothes.,Active,240486,16695,,,,,,,,,,,,,,,,
40,"November 9, 2024",11/09/2024 at 5:13 PM,11/09/2024 at 2:41 AM,Harassment,Liggett Dorm,Complainant reports concerning messages.,Active,240447,16604,,,,,,,,,,,,,,,,
40,"November 8, 2024",11/08/2024 at 5:04 PM,11/08/2024 at 8:00 AM,Larceny,AB Law,Complainant reports theft of bike.,Active,240445,16602,,,,,,,,,,,,,,,,
40,"November 7, 2024",11/08/2024 at 11:16 AM,11/07/2024 at 5:00 PM,Larceny,Umrath Hall,Complainant reports theft of camera equipment.,Inactive,240444,16599,,,,,,,,,,,,,,,,
40,"November 6, 2024",11/06/2024 at 10:31 PM,11/06/2024 at 8:50 PM,Larceny,Village House,Complainant reports theft of credit card.,Active,240442,16597,,,,,,,,,,,,,,,,
40,"November 5, 2024",11/06/2024 at 10:47 AM,11/05/2024 at 8:00 AM,Property Destruction,Olin Library,Complainant reports damage to university property.,Unfounded,240441,16585,,,,,,,,,,,,,,,,
40,"November 4, 2024",11/05/2024 at 11:10 AM,11/04/2024 at 10:00 AM,Property Destruction (Hate Crime),Hillman Hall,Complainant reports derogatory language on infrastructure.,Active,240440,16619,,,,,,,,,,,,,,,,
40,"October 31, 2024",11/02/2024 at 7:25 PM,10/31/2024 at 1:00 PM,Larceny,Zetcher House,Complainant reports theft of clothes.,Active,240435,16547,,,,,,,,,,,,,,,,
40,"October 31, 2024",10/31/2024 at 9:17 PM,10/31/2024 at 9:50 AM,Harassment,Danforth Campus,Complainant reports concerning communication.,Active,240432,16545,,,,,,,,,,,,,,,,
40,"October 29, 2024",10/29/2024 at 7:34 PM,10/29/2024 at 1:00 PM,Larceny,Rebstock Hall,Complainant reports theft of bike.,Active,240426,16543,,,,,,,,,,,,,,,,
41,"October 28, 2024",10/28/2024 at 5:49 PM,10/28/2024 at 5:49 PM,Trespass,Bauer Hall,Subject with no WUSTL affiliation located on campus.,Active,240425,16489,,,,,,,,,,,,,,,,
41,"October 27, 2024",10/27/2024 at 9:34 PM,10/27/2024 at 9:34 PM,Larceny,Bauer Hall,Complainant reports theft and use of credit card.,Cleared; Property Recovered,240423,16487,,,,,,,,,,,,,,,,
41,"October 24, 2024",10/26/2024 at 10:11 AM,10/24/2024 at 6:45 PM,Larceny,DUC,Complainant reports theft of watch.,Active,240420,16464,,,,,,,,,,,,,,,,
41,"October 24, 2024",10/24/2024 at 1:38 PM,10/24/2024 at 12:50 PM,Harassment,Eads Hall,Complainant reports concerning communication.,Active,240412,16460,,,,,,,,,,,,,,,,
41,"October 23, 2024",10/23/2024 at 10:32 PM,10/23/2024 at 10:32 PM,Trespass,Eads Hall,Subject with no WUSTL affiliation located on campus.,Active,240415,16462,,,,,,,,,,,,,,,,
41,"October 22, 2024",10/22/2024 at 2:49 PM,10/22/2024 at 2:49 PM,Property Destruction,Snow Way Garage,Driver hit and broke gate arm.,Active,240407,16453,,,,,,,,,,,,,,,,
41,"October 20, 2024",10/20/2024 at 9:15 PM,10/20/2024 at 9:15 AM,Larceny,AB Law,Complainant reports theft of bike.,Active,240405,16429,,,,,,,,,,,,,,,,
41,"October 17, 2024",10/17/2024 at 10:06 PM,10/17/2024 at 9:05 PM,Larceny,Bears Den,Complainant reports theft of clothing.,Active,240402,16427,,,,,,,,,,,,,,,,
41,"October 16, 2024",10/21/2024 at 1:48 PM,10/16/2024 at 1:00 PM,Property Destruction,Cupples II,Complainant reports damage to sculpture.,Active,240406,16450,,,,,,,,,,,,,,,,
41,"October 15, 2024",10/15/2024 at 6:36 PM,10/15/2024 at 6:36 PM,Larceny,Hitzeman Dorm,Complainant reports theft of packages.,Active,240397,16396,,,,,,,,,,,,,,,,
42,"October 11, 2024",10/13/2024 at 12:37 AM,10/11/2024 at 11:00 PM,Harassment,Danforth Campus,Complainant reports concerning communication.,Active,240392,16391,,,,,,,,,,,,,,,,
42,"October 11, 2024",01/23/2025 at 9:48 AM,10/11/2024 at 5:00 PM,Harassment,Bryan Hall,Complainant reports concerning communication and contact.,Cleared By Arrest,250026,16950,,,,,,,,,,,,,,,,
42,"October 11, 2024",10/11/2024 at 8:23 PM,10/11/2024 at 11:55 AM,Property Destruction,Snowway Garage,Driver hit and damaged gate arm.,Active,240389,16389,,,,,,,,,,,,,,,,
42,"October 9, 2024",10/14/2024 at 4:42 PM,10/09/2024 at 4:42 PM,Larceny,Park House Dorm,Complainant reports theft of bike.,Active,240396,16393,,,,,,,,,,,,,,,,
42,"October 6, 2024",11/12/2024 at 1:35 PM,10/06/2024 at 1:35 PM,Larceny,Beaumont Dorm,Complainant reports theft of scooter charger.,Active,240454,16622,,,,,,,,,,,,,,,,
42,"October 4, 2024",10/04/2024 at 2:18 PM,10/04/2024 at 2:10 PM,Property Destruction,Millbrook Garage,Driver hit and damaged gate arm.,Active,240381,16355,,,,,,,,,,,,,,,,
42,"October 4, 2024",10/04/2024 at 11:39 AM,10/04/2024 at 11:17 AM,Larceny,Lee Dorm,Complainant reports theft of laptop.,Unfounded,240380,16353,,,,,,,,,,,,,,,,
42,"September 29, 2024",09/29/2024 at 6:37 PM,09/29/2024 at 6:37 PM,Harassment,Danforth Campus,Complainant reports concerning messages.,Active,240370,16322,,,,,,,,,,,,,,,,
42,"September 27, 2024",09/27/2024 at 3:55 PM,09/27/2024 at 3:55 PM,Property Destruction (Hate Crime),Women's Building,Complainant reports derogatory carving on infrastructure.,Active,240362,16320,,,,,,,,,,,,,,,,
42,"September 27, 2024",09/27/2024 at 5:53 PM,09/27/2024 at 2:27 PM,Fraud,Mallinckrodt Center,Complainant reports fraudulent wire transaction.,Active,240357,16317,,,,,,,,,,,,,,,,
43,"September 26, 2024",09/26/2024 at 11:44 PM,09/26/2024 at 11:44 PM,Trespassing,Fraternity Row,Subject with no WUSTL affiliation located on campus.,Exceptional Clearance,240353,16312,,,,,,,,,,,,,,,,
43,"September 24, 2024",10/10/2024 at 4:00 PM,09/24/2024 at 5:18 PM,Larceny,Millbrook,Complainant reports theft of bike.,Active,240387,16387,,,,,,,,,,,,,,,,
43,"September 24, 2024",09/25/2024 at 10:55 AM,09/24/2024 at 1:00 PM,Larceny,Koenig Dorm,Complainant reports theft of bike.,Active,240351,16310,,,,,,,,,,,,,,,,
43,"September 24, 2024",09/27/2024 at 8:32 AM,09/24/2024 at 12:34 AM,Harassment,Simon Hall,Complainant reports concerning messages.,Active,240354,16315,,,,,,,,,,,,,,,,
43,"September 23, 2024",09/24/2024 at 4:49 PM,09/23/2024 at 1:00 PM,Larceny,Knight Hall,Complainant reports theft of headphones.,Inactive,240350,16308,,,,,,,,,,,,,,,,
43,"September 23, 2024",09/23/2024 at 5:51 PM,09/23/2024 at 1:21 AM,Motor Vehicle Theft,Lee Dorm,Complainant reports theft of electric bike.,Active,240348,16262,,,,,,,,,,,,,,,,
43,"September 22, 2024",09/22/2024 at 3:29 PM,09/22/2024 at 3:10 PM,Larceny,Mallinckrodt Center,Complainant reports theft of consumable goods.,Exceptional Clearance,240347,16259,,,,,,,,,,,,,,,,
43,"September 21, 2024",09/23/2024 at 8:33 PM,09/21/2024 at 1:00 PM,Property Destruction,Snow Way Garage,Driver hit and broke gate arm.,Exceptional Clearance,240349,16264,,,,,,,,,,,,,,,,
43,"September 21, 2024",09/21/2024 at 2:56 PM,09/21/2024 at 8:06 AM,Larceny,Mallinckrodt Center,Complainant reports theft of bike.,Active,240344,16257,,,,,,,,,,,,,,,,
43,"September 20, 2024",09/20/2024 at 1:50 PM,09/20/2024 at 1:50 PM,Property Destruction,Snow Way Garage,Driver broke gate arm.,Active,240340,16255,,,,,,,,,,,,,,,,
44,"September 16, 2024",09/16/2024 at 9:00 PM,09/16/2024 at 9:00 PM,Harassment,Danforth Campus,Complainant reports concerning communication.,Active,240333,16249,,,,,,,,,,,,,,,,
44,"September 16, 2024",09/16/2024 at 11:39 AM,09/16/2024 at 11:39 AM,Larceny,Whitaker Bio Medical,Complainant reports theft of bike.,Active,240327,16239,,,,,,,,,,,,,,,,
44,"September 16, 2024",09/20/2024 at 11:06 AM,09/16/2024 at 11:06 AM,Larceny,Cupples I,Complainant reports theft of bike.,Cleared by Arrest; Property Recovered,240339,16253,,,,,,,,,,,,,,,,
44,"September 16, 2024",09/16/2024 at 6:56 PM,09/16/2024 at 9:00 AM,Motor Vehicle Theft,AB Law,Complainant reports theft of electric bike.,Active,240330,16243,,,,,,,,,,,,,,,,
44,"September 15, 2024",09/15/2024 at 2:33 PM,09/15/2024 at 2:33 PM,Assault,South Campus,Disturbance resulted in assault.,Exceptional Clearance,240325,16213,,,,,,,,,,,,,,,,
44,"September 13, 2024",09/13/2024 at 11:56 PM,09/13/2024 at 8:00 PM,Stalking,Danforth Campus,Complainant reports influx of concerning communication.,Active,240320,16211,,,,,,,,,,,,,,,,
44,"September 13, 2024",09/12/2024 at 11:48 AM,09/13/2024 at 11:34 AM,Property Destruction,Millbrook Garage,Driver hit and damaged gate arm.,Active,240312,16189,,,,,,,,,,,,,,,,
44,"September 13, 2024",09/13/2024 at 10:31 AM,09/13/2024 at 10:31 AM,Harassment,North Brookings,Complainant reports concerning phone calls.,Active,240316,16205,,,,,,,,,,,,,,,,
44,"September 12, 2024",09/15/2024 at 2:52 PM,09/12/2024 at 5:00 PM,Motor Vehicle Theft,Village House,Complainant reports theft of electric scooter.,Cleared by Arrest; Property Recovered,240326,16215,,,,,,,,,,,,,,,,
44,"September 11, 2024",09/16/2024 at 6:13 PM,09/11/2024 at 8:37 PM,Motor Vehicle Theft,Givens Hall,Complainant reports theft of electric scooter.,Cleared by Arrest; Property Recovered,240329,16241,,,,,,,,,,,,,,,,
45,"September 10, 2024",09/10/2024 at 5:37 PM,09/10/2024 at 5:32 PM,Property Destruction,Millbrook Garage,Driver hit and broke gate arm.,Exceptional Clearance,240308,16164,,,,,,,,,,,,,,,,
45,"September 9, 2024",09/11/2024 at 10:42 AM,09/09/2024 at 10:00 PM,Larceny,AB Law,Complainant reports theft of bike.,Active,240310,16187,,,,,,,,,,,,,,,,
45,"September 9, 2024",09/09/2024 at 4:54 PM,09/09/2024 at 1:00 PM,Larceny,Wrighton Lab,Complainant reports theft of backpack.,Active; Property Recovered,240305,16161,,,,,,,,,,,,,,,,
45,"September 8, 2024",09/08/2024 at 6:50 PM,09/08/2024 at 5:38 PM,Larceny,Olin Library,Complainant reports theft of bike.,Active,240301,16159,,,,,,,,,,,,,,,,
45,"September 7, 2024",09/10/2024 at 6:57 PM,09/07/2024 at 5:30 PM,Motor Vehicle Theft,AB Law,Complainant reports theft of electric scooter.,Active,240309,16166,,,,,,,,,,,,,,,,
45,"September 7, 2024",09/07/2024 at 3:26 PM,09/07/2024 at 3:20 PM,Assault,South Campus,Disturbance resulted in assault.,Pending,240296,16155,,,,,,,,,,,,,,,,
45,"September 5, 2024",09/08/2024 at 6:18 PM,09/05/2024 at 3:00 PM,Motor Vehicle Theft,Bayer Hall,Complainant reports theft of electric bike.,Active,240300,16157,,,,,,,,,,,,,,,,
45,"September 4, 2024",09/04/2024 at 3:09 PM,09/04/2024 at 3:09 PM,Harassment,Danforth Campus,Complainant reports concerning communication.,Closed,240288,16153,,,,,,,,,,,,,,,,
45,"September 4, 2024",09/06/2024 at 5:40 PM,09/04/2024 at 6:00 AM,Property Destruction,Snow Way Garage,Driver hit and damaged gate arm.,Pending,240292,16217,,,,,,,,,,,,,,,,
45,"September 3, 2024",09/03/2024 at 9:39 PM,09/03/2024 at 9:39 PM,Larceny,Sumers Rec Center,Complainant reports theft of headphones.,Inactive,240282,16149,,,,,,,,,,,,,,,,
46,"September 3, 2024",11/19/2024 at 7:23 PM,09/03/2024 at 2:10 PM,Larceny,Simon Hall,Complainant reports theft of tennis racket.,Active,240468,16649,,,,,,,,,,,,,,,,
46,"September 3, 2024",09/10/2024 at 2:41 PM,09/03/2024 at 8:00 AM,Motor Vehicle Theft,Bayer Hall,Complainant reports theft of electric bike.,Pending,240307,16209,,,,,,,,,,,,,,,,
46,"August 30, 2024",08/30/2024 at 5:57 PM,08/30/2024 at 2:00 PM,Larceny,Park House,Complainant reports theft of clothing.,Cleared; Property Recovered,240272,16084,,,,,,,,,,,,,,,,
46,"August 29, 2024",08/30/2024 at 6:12 PM,08/29/2024 at 8:00 AM,Larceny,Givens Hall,Complainant reports theft of bike.,Active,240273,16086,,,,,,,,,,,,,,,,
46,"August 28, 2024",08/28/2024 at 12:11 AM,08/28/2024 at 12:11 AM,Larceny,AB Law,Complainant reports theft of money.,Active,240267,16065,,,,,,,,,,,,,,,,
46,"August 26, 2024",08/26/2024 at 11:15 AM,08/26/2024 at 11:12 AM,Larceny,Subway,Complainant reports theft of edible goods.,Exceptional Clearance,240263,16022,,,,,,,,,,,,,,,,
46,"August 22, 2024",08/23/2024 at 10:22 AM,08/22/2024 at 5:30 PM,Larceny,Whitaker Bio Medical,Complainant reports theft of lab supplies.,Active,240261,16019,,,,,,,,,,,,,,,,
46,"August 13, 2024",08/13/2024 at 7:16 PM,08/13/2024 at 7:16 PM,Fraud,Wrighton Lab,Complainant reports fraudulent bank transactions.,Active,240254,15985,,,,,,,,,,,,,,,,
46,"August 9, 2024",08/09/2024 at 6:11 PM,08/09/2024 at 5:23 PM,Property Destruction,Blewitt Music Building,Complainant reports broken car window.,Active,240251,15987,,,,,,,,,,,,,,,,
46,"August 6, 2024",08/06/2024 at 6:50 PM,08/06/2024 at 6:50 PM,Larceny,Mudd Dorm,Complainant reports missing bag. Loss $50,Inactive,240249,15860,,,,,,,,,,,,,,,,
47,"August 4, 2024",08/04/2024 at 8:52 PM,08/04/2024 at 8:52 PM,Property Destruction,Millbrook Garage,Driver hit and broke gate arm.,Active,240247,15862,,,,,,,,,,,,,,,,
47,"August 1, 2024",08/23/2024 at 9:05 AM,08/01/2024 at 12:00 AM,Harassment,Danforth Campus,Complainant reports concerning text messages.,Active,240258,16017,,,,,,,,,,,,,,,,
47,"July 18, 2024",07/18/2024 at 8:35 AM,07/18/2024 at 12:09 AM,Larceny,Lofts 2,Complainant reports theft of clothing.,Active,240242,16047,,,,,,,,,,,,,,,,
47,"July 11, 2024",07/15/2024 at 1:36 PM,07/11/2024 at 2:00 PM,Larceny,Wheeler House,Complainant reports bicycle missing. Loss: $420,Active,240241,15488,,,,,,,,,,,,,,,,
47,"July 8, 2024",,07/08/2024 at 5:50 PM,Security Memo – Robbery,West Campus Metrolink Parking Lot,,,,15461,,,,,,,,,,,,,,,,
47,"July 3, 2024",07/03/2024 at 9:54 PM,07/03/2024 at 9:40 PM,Trespassing,Promenade,Subjects with no WUSTL affiliation located on campus.,Closed,240236,15928,,,,,,,,,,,,,,,,
47,"June 27, 2024",06/27/2024 at 10:23 AM,06/27/2024 at 10:23 AM,Property Destruction,South Campus,Complainant reports broken window.,Active,240234,15926,,,,,,,,,,,,,,,,
47,"June 23, 2024",06/25/2024 at 10:53 AM,06/23/2024 at 2:09 AM,Larceny,Village East,Complainant reports theft of bike. Loss: $125,Closed; Property Recovered,240232,15460,,,,,,,,,,,,,,,,
47,"June 17, 2024",06/17/2024 at 10:43 AM,06/17/2024 at 10:43 AM,Embezzlement,Charles F. Knight Exec Ed,Complainant reports fraudulent employee transactions.,Exceptional Clearance,240225,15924,,,,,,,,,,,,,,,,
47,"June 16, 2024",06/16/2024 at 5:06 AM,06/16/2024 at 1:40 AM,Property Destruction,Milbrook Garage,Subject hit and damaged gate arm.,Active,240224,15922,,,,,,,,,,,,,,,,
48,"May 19, 2024",05/19/2024 at 2:08 PM,05/19/2024 at 7:00 AM,Larceny,AB Law,Complainant reports theft of bike. Loss: $500,Cleared by Arrest; Property Recovered,240208,15419,,,,,,,,,,,,,,,,
48,"May 13, 2024",05/13/2024 at 1:04 PM,05/13/2024 at 12:30 PM,Assault,Wrighton Way,Disturbance resulted in physical contact.,Active,240202,15398,,,,,,,,,,,,,,,,
48,"May 11, 2024",05/22/2024 at 5:01 PM,05/11/2024 at 3:00 PM,Larceny,Athletic Complex,Complainant reports theft of speaker. Loss $24,Active,240211,15417,,,,,,,,,,,,,,,,
48,"May 10, 2024",05/10/2024 at 8:23 AM,05/10/2024 at 8:23 AM,Larceny,Mallinckrodt UPS Drop Box,Complainant reports theft of two packages from drop box. Loss $75,Cleared by Arrest; Property Recovered,240199,15396,,,,,,,,,,,,,,,,
48,"May 7, 2024",05/08/2024 at 2:02 PM,05/07/2024 at 10:00 AM,Harassment,AB Law,Complainant reports influx of concerning messages.,Active,240196,15920,,,,,,,,,,,,,,,,
48,"May 6, 2024",05/07/2024 at 10:28 AM,05/06/2024 at 11:45 PM,Larceny,Simon Hall,Complainant reported theft of wallet. Loss $75,Active,240193,15393,,,,,,,,,,,,,,,,
48,"May 2, 2024",05/02/2024 at 8:32 PM,05/02/2024 at 3:48 PM,Larceny,Wallace Garage,Complainant reports theft of toolbox from vehicle. Loss $100,Active,240189,15409,,,,,,,,,,,,,,,,
48,"May 1, 2024",,05/01/2024 at 10:20 PM,Security Memo-Criminal Activity,Des Peres/Forest Park Parkway,,,,15377,,,,,,,,,,,,,,,,
48,"May 1, 2024",05/29/2025 at 12:25 PM,05/01/2024 at 12:00 AM,Harassment,Danforth Campus,Complainant reports concerning communication.,Pending,250270,26169,,,,,,,,,,,,,,,,
48,"April 30, 2024",04/30/2024 at 8:13 PM,04/30/2024 at 8:13 PM,Larceny,Givens Hall,Complainant reports theft of bike. Loss $400,Closed,240187,15405,,,,,,,,,,,,,,,,
49,"April 30, 2024",04/30/2024 at 10:52 PM,04/30/2024 at 7:10 PM,Larceny,Brauer Hall,Complainant reports theft of laptop. Loss $900,Exceptional Clearance; Property Recovered,240188,15407,,,,,,,,,,,,,,,,
49,"April 30, 2024",04/30/2024 at 8:38 PM,04/30/2024 at 5:33 PM,Motor Vehicle Theft,Olin Library,Complainant reported theft of an electric scooter. Loss $270,Closed; Property Recovered,240186,15403,,,,,,,,,,,,,,,,
49,"April 27, 2024",04/27/2024 at 2:39 PM,04/27/2024 at 3:00 PM,Assault,Brookings Drive,Disturbance resulted in physical contact.,Cleared By Arrest,240176,15916,,,,,,,,,,,,,,,,
49,"April 27, 2024",04/27/2024 at 2:39 PM,04/27/2024 at 3:00 PM,Trespassing,Brookings Drive,Subjects with no WUSTL affiliation located on campus.,Cleared By Arrest,240176,15918,,,,,,,,,,,,,,,,
49,"April 24, 2024",04/25/2024 at 10:03 AM,04/24/2024 at 12:00 AM,Motor Vehicle Theft,Lee Dorm,Complainant reports theft of scooter.,Unfounded; Returned To Owner,240174,15914,,,,,,,,,,,,,,,,
49,"April 22, 2024",09/04/2024 at 10:19 AM,04/22/2024 at 10:19 PM,Larceny,Park House,Complainant reports theft of music equipment.,Active,240283,16151,,,,,,,,,,,,,,,,
49,"April 21, 2024",04/22/2024 at 2:36 PM,04/21/2024 at 3:00 PM,Fraud,Danforth Campus,Complainant reports fraudulent bank transactions.,Active,240167,15910,,,,,,,,,,,,,,,,
49,"April 20, 2024",04/23/2024 at 8:45 PM,04/20/2024 at 8:45 PM,Stalking,Lopata House,Complainant reports influx of concerning messages.,Active,240171,15912,,,,,,,,,,,,,,,,
49,"April 20, 2024",04/20/2024 at 8:17 PM,04/20/2024 at 8:17 PM,Trespassing,Mudd Field,Subject with no WUSTL affiliation located on campus.,Cleared By Arrest,240159,15908,,,,,,,,,,,,,,,,
49,"April 20, 2024",04/22/2024 at 11:54 AM,04/20/2024 at 6:43 PM,Larceny,Mudd Field,Complainant reports theft of phone from backpack. Loss $500,Active,240165,15391,,,,,,,,,,,,,,,,
50,"April 20, 2024",04/20/2024 at 5:52 PM,04/20/2024 at 5:52 PM,Assault,Simon Parking Lot,Disturbance resulted in physical contact.,Active,240158,15906,,,,,,,,,,,,,,,,
50,"April 19, 2024",04/21/2024 at 12:55 AM,04/19/2024 at 11:30 AM,Larceny,Brauer Hall,Complainant reports theft of money from vehicle. Loss $300,Active,240162,15389,,,,,,,,,,,,,,,,
50,"April 16, 2024",04/16/2024 at 2:31 PM,04/16/2024 at 2:26 PM,Assault,Simon Hall,Disturbance resulted in physical contact.,Closed,240151,15904,,,,,,,,,,,,,,,,
50,"April 13, 2024",04/13/2024 at 9:13 AM,04/13/2024 at 9:13 AM,Trespassing,Graham Chapel,Subjects with no WUSTL affiliation located on campus.,Cleared By Arrest,240146,15902,,,,,,,,,,,,,,,,
50,"April 13, 2024",04/13/2024 at 12:11 PM,04/13/2024 at 7:30 AM,Larceny,Whitaker Hall,Complainant reports theft of backpack. Loss $1500,Exceptional Clearance; Property Recovered,240147,15341,,,,,,,,,,,,,,,,
50,"April 12, 2024",04/13/2024 at 12:10 PM,04/12/2024 at 12:18 PM,Larceny,Bear's Den,Complainant reports theft of backpack. Loss $1530,Closed; Property Recovered,240148,15339,,,,,,,,,,,,,,,,
50,"April 11, 2024",04/11/2024 at 4:27 PM,04/11/2024 at 8:30 AM,Larceny,Givens Hall,Complainant reports theft of bicycle. Loss $1200,Active,240143,15344,,,,,,,,,,,,,,,,
50,"April 10, 2024",04/11/2024 at 11:17 AM,04/10/2024 at 9:10 PM,Larceny,Simon Hall,Complainant reports theft of bag. Loss $2700,Active,240141,15348,,,,,,,,,,,,,,,,
50,"April 10, 2024",02/24/2025 at 12:22 PM,04/10/2024 at 12:00 PM,Harassment,Cupples II,Complainant reports concerning messages.,Closed,250092,17183,,,,,,,,,,,,,,,,
50,"April 9, 2024",04/10/2024 at 2:03 PM,04/09/2024 at 7:30 AM,Trespassing,AB Law,Subject with no WUSTL affiliation located on campus.,Active,240139,15900,,,,,,,,,,,,,,,,
51,"April 4, 2024",04/05/2024 at 11:10 AM,04/04/2024 at 5:30 PM,Larceny,DUC,Complainant reports theft of bicycle. Loss $325,Active; Property Recovered,240125,15350,,,,,,,,,,,,,,,,
51,"April 4, 2024",04/11/2024 at 2:00 PM,04/04/2024 at 10:30 AM,Larceny,Busch Hall,Complainant reports theft of phone charger. Loss $12,Active,240142,15346,,,,,,,,,,,,,,,,
51,"April 3, 2024",04/03/2024 at 1:12 PM,04/03/2024 at 10:00 AM,Harassment,Charles F. Knight Exec Ed,Complainant reports concerning communication.,Closed,240137,15898,,,,,,,,,,,,,,,,
51,"April 1, 2024",09/14/2024 at 8:04 PM,04/01/2024 at 8:04 PM,Assault,Danforth Campus,Disturbance resulted in assault.,Exceptional Clearance,240319,16207,,,,,,,,,,,,,,,,
51,"March 30, 2024",03/31/2024 at 2:35 PM,03/30/2024 at 12:00 AM,Larceny,Campus Creamery,Complainant reports theft of framed object. Loss $6,Closed,240120,15354,,,,,,,,,,,,,,,,
51,"March 29, 2024",04/03/2024 at 3:59 PM,03/29/2024 at 5:00 PM,Larceny,AB Law,Complainant reported multiple thefts from building. Loss $1045,Active,240123,15381,,,,,,,,,,,,,,,,
51,"March 28, 2024",03/28/2024 at 5:21 PM,03/28/2024 at 4:45 PM,Harassment,Danforth Campus,Complainant reports concerning communication.,Active,240115,15896,,,,,,,,,,,,,,,,
51,"March 27, 2024",03/27/2024 at 12:12 PM,03/27/2024 at 10:39 AM,Stalking,Sumers Rec Center,Complainant reports concerning communication.,Closed,240113,15894,,,,,,,,,,,,,,,,
51,"March 27, 2024",03/27/2024 at 8:46 AM,03/27/2024 at 8:30 AM,Trespassing,Ridgely Hall,Subject with no WUSTL affiliation located on campus.,Active,240112,15892,,,,,,,,,,,,,,,,
51,"March 26, 2024",03/28/2024 at 2:19 PM,03/26/2024 at 12:30 PM,Larceny,Knight Hall,Complainant reports theft of wallet. Loss $4686.33,Active,240114,15310,,,,,,,,,,,,,,,,
52,"March 18, 2024",03/21/2024 at 3:19 PM,03/18/2024 at 10:00 AM,Larceny,Brauer Hall,Complainant reports theft of wallet. Loss $220,Active,240100,15280,,,,,,,,,,,,,,,,
52,"March 18, 2024",03/20/2024 at 8:59 AM,03/18/2024 at 12:00 AM,Larceny,Seigle Hall,Complainant reports theft of headphones. Loss $300,Active,240095,15282,,,,,,,,,,,,,,,,
52,"March 16, 2024",03/16/2024 at 4:19 PM,03/16/2024 at 3:00 PM,Harassment,Dardick House,Complainant reports concerning messages.,Closed,240092,15890,,,,,,,,,,,,,,,,
52,"March 13, 2024",03/14/2024 at 11:50 AM,03/13/2024 at 10:30 AM,Larceny,West Campus Library,Complainant reports theft of purse. Loss Unknown,Active,240091,15284,,,,,,,,,,,,,,,,
52,"March 1, 2024",03/04/2024 at 9:00 AM,03/01/2024 at 3:00 PM,Larceny,Seigle Hall,Complainant reports theft of office supplies and money. Loss $70,Active,240077,15265,,,,,,,,,,,,,,,,
52,"February 29, 2024",02/29/2024 at 2:14 PM,02/29/2024 at 12:50 PM,Larceny,Lopata Hall,Complainant reports theft of laptop bag. Loss $1960,Inactive,240076,15258,,,,,,,,,,,,,,,,
52,"February 27, 2024",02/28/2024 at 1:06 AM,02/27/2024 at 11:37 PM,Trespassing,Somers Family Hall,Subjects with no WUSTL affiliation located on campus.,Active,240074,15885,,,,,,,,,,,,,,,,
52,"February 27, 2024",02/28/2024 at 3:57 PM,02/27/2024 at 2:00 PM,Motor Vehicle Theft,Lee Dorm,Complainant reports theft of motor scooter. Loss $250,Active,240075,15252,,,,,,,,,,,,,,,,
52,"February 21, 2024",02/21/2024 at 8:42 PM,02/21/2024 at 7:15 PM,Motor Vehicle Theft,Whitaker,Complainant reports theft of motorized scooter. Loss $250,Inactive,240067,15250,,,,,,,,,,,,,,,,
52,"February 20, 2024",02/20/2024 at 5:47 PM,02/20/2024 at 12:30 PM,Larceny,Olin Library,Complainant reports theft of electric scooter. Loss $400,Active,240064,15245,,,,,,,,,,,,,,,,
53,"February 18, 2024",03/05/2024 at 1:00 PM,02/18/2024 at 1:59 PM,Larceny,Mallinckrodt UPS Drop Box,Complainant reports theft of packages. Loss $798,Active,240079,15269,,,,,,,,,,,,,,,,
53,"February 17, 2024",02/17/2024 at 1:57 PM,02/17/2024 at 12:30 AM,Larceny,Bears Den,Complainant reports theft of skateboard.,Unfounded; Returned To Owner,240060,15881,,,,,,,,,,,,,,,,
53,"February 10, 2024",02/10/2024 at 3:44 PM,02/10/2024 at 11:01 AM,Larceny,Green Hall,Complainant reports theft of bike. Loss $100,Cleared by Arrest; Property Recovered,240054,15193,,,,,,,,,,,,,,,,
53,"February 7, 2024",02/07/2024 at 9:28 AM,02/07/2024 at 9:28 AM,Harassment,Danforth Campus,Complainant reports concerning communication.,Active,240048,15877,,,,,,,,,,,,,,,,
53,"February 6, 2024",02/09/2024 at 9:27 PM,02/06/2024 at 8:00 AM,Fraud,Zetcher House,Complainant reports fraudulent sale of goods.,Active,240052,15879,,,,,,,,,,,,,,,,
53,"February 5, 2024",02/05/2024 at 8:09 AM,02/05/2024 at 7:00 AM,Trespassing,Bauer Hall,Subject with no WASHU affiliation located on campus.,Cleared By Arrest,240046,15875,,,,,,,,,,,,,,,,
53,"January 31, 2024",02/01/2024 at 5:14 PM,01/31/2024 at 11:15 PM,Larceny,Wallace Dr.,Complainant reports theft of bike. Loss $90,Exceptional Clearance,240037,15185,,,,,,,,,,,,,,,,
53,"January 30, 2024",01/31/2024 at 8:37 AM,01/30/2024 at 4:00 PM,Motor Vehicle Theft,Eads Hall,Complainant reports theft of electric bike. Loss $1500,Active,240033,15179,,,,,,,,,,,,,,,,
53,"January 30, 2024",02/01/2024 at 2:00 PM,01/30/2024 at 3:00 PM,Larceny,Mallinckrodt Center,Complainant reported theft of catalytic converter. Loss $1000,Active,240036,15411,,,,,,,,,,,,,,,,
53,"January 29, 2024",01/29/2024 at 5:55 PM,01/29/2024 at 11:00 AM,Harassment,Beaumont Dorm,Complainant reports concerning online posts.,Closed,240029,15872,,,,,,,,,,,,,,,,
54,"January 29, 2024",01/29/2024 at 1:19 PM,01/29/2024 at 10:50 AM,Larceny,Brown Hall,Complainant reports theft of headphones. Loss $150,Active,240028,15170,,,,,,,,,,,,,,,,
54,"January 29, 2024",02/04/2024 at 10:34 AM,01/29/2024 at 10:34 AM,Larceny,Shanedling Dorm,Complainant reports theft of bike. Loss $250,Active,240043,15183,,,,,,,,,,,,,,,,
54,"January 26, 2024",02/22/2024 at 11:49 AM,01/26/2024 at 7:00 AM,Fraud,Danforth Campus,Complainant reports fraudulent bank transactions.,Active,240068,15883,,,,,,,,,,,,,,,,
54,"January 18, 2024",01/20/2024 at 3:10 PM,01/18/2024 at 6:00 PM,Larceny,Shuttle,Complainant reports theft of money. Loss $165,Active,240015,15155,,,,,,,,,,,,,,,,
54,"January 18, 2024",01/18/2024 at 4:20 PM,01/18/2024 at 10:00 AM,Harassment,Habif Health and Wellness Center,Complainant reports concerning phone calls.,Active,240012,15864,,,,,,,,,,,,,,,,
54,"January 17, 2024",01/23/2024 at 2:30 PM,01/17/2024 at 10:00 PM,Larceny,Umrath Hall,Complainant reports theft of iPad. Loss $400,Active,240018,15174,,,,,,,,,,,,,,,,
54,"January 16, 2024",01/23/2024 at 9:51 AM,01/16/2024 at 2:00 PM,Larceny,Sumers Rec Ceter,Complainant reports theft of perfume. Loss $24,Active,240017,15158,,,,,,,,,,,,,,,,
54,"January 15, 2024",01/23/2024 at 10:48 PM,01/15/2024 at 10:00 PM,Larceny,Bears Den,Complainant reports theft of money. Loss $100,Active,240006,15153,,,,,,,,,,,,,,,,
54,"January 12, 2024",01/18/2024 at 1:44 PM,01/12/2024 at 12:00 PM,Stalking,Jubel Hall,Complainant reports influx of concerning emails.,Active,240010,15858,,,,,,,,,,,,,,,,
54,"January 2, 2024",01/03/2024 at 10:22 AM,01/02/2024 at 4:30 PM,Larceny,Eads Hall,Complainant reports theft of electronics. Loss $900,Active,240002,15136,,,,,,,,,,,,,,,,
55,"December 30, 2023",01/02/2024 at 12:09 AM,12/30/2023 at 7:30 AM,Larceny,Walker Hall,Complainant reports theft of scrap metal. Loss $100,Active,240001,15138,,,,,,,,,,,,,,,,
55,"December 19, 2023",01/25/2024 at 9:25 PM,12/19/2023 at 4:00 PM,Larceny,Millbrook 3,Complainant reports theft of bike. Loss $560,Inactive,240021,15172,,,,,,,,,,,,,,,,
55,"December 19, 2023",12/19/2023 at 8:30 AM,12/19/2023 at 7:30 AM,Robbery-Off Campus,4500 block of Pine,Complainant reports that while walking to her car a suspect approached her on foot and stole her phone. Victim recovered her phone from the bushes where the suspect threw it while running away. Incident was not reported to the responsible jurisdiction.,Inactive,230482,15104,,,,,,,,,,,,,,,,
55,"December 14, 2023",12/14/2023 at 10:48 PM,12/14/2023 at 3:09 PM,Larceny,Weil Hall,Complainant reports the theft of an unsecured bicycle from the stairwell. Loss $1000,Cleared By Arrest,230476,15094,,,,,,,,,,,,,,,,
55,"December 13, 2023",12/14/2023 at 1:07 PM,12/13/2023 at 7:30 PM,Larceny,Lopata House,Complainant reported the theft of an unsecured scooter. Loss $300,Inactive,230472,15096,,,,,,,,,,,,,,,,
55,"December 12, 2023",12/21/2023 at 10:48 AM,12/12/2023 at 12:01 AM,Larceny,AC,Complainant reports the theft of a necklace from an unsecured cubby in the womens locker room. Loss $160,Inactive,230491,15102,,,,,,,,,,,,,,,,
55,"December 6, 2023",12/06/2023 at 7:57 AM,12/06/2023 at 6:23 AM,Larceny,AC,Complainant reports unsecured bicycle stolen. Loss $98,Cleared By Arrest,230447,15079,,,,,,,,,,,,,,,,
55,"November 27, 2023",11/27/2023 at 5:13 PM,11/27/2023 at 3:00 AM,Larceny,AB Law,Complainant reports unattended bag containing medication was taken from the 4th floor. Loss $50,Inactive,230431,15025,,,,,,,,,,,,,,,,
55,"November 21, 2023",11/30/2023 at 1:50 PM,11/21/2023 at 4:30 PM,Larceny,Ridgely Hall,Complainant reports the theft of a laptop from her desk. Loss $799,Closed,230435,15065,,,,,,,,,,,,,,,,
55,"November 21, 2023",12/01/2023 at 10:43 AM,11/21/2023 at 12:00 PM,Larceny,Green Hall,Complainant reports secured bicycle stolen during Thanksgiving break. Loss $400,Inactive,230438,15067,,,,,,,,,,,,,,,,
56,"November 19, 2023",11/20/2023 at 2:03 PM,11/19/2023 at 12:30 AM,Larceny,Village House,Complainant reports the theft of a bicycle. Loss $400,Cleared By Arrest,230423,15012,,,,,,,,,,,,,,,,
56,"November 18, 2023",03/07/2024 at 4:43 PM,11/18/2023 at 12:00 AM,Stalking,Danforth Campus,Complainant reports influx of concerning messages.,Active,240082,15888,,,,,,,,,,,,,,,,
56,"November 16, 2023",11/16/2023 at 7:44 AM,11/16/2023 at 6:27 AM,Larceny,AC,Complainant reports the theft of his unsecured bicycle. Loss $150,Cleared By Arrest,230416,15008,,,,,,,,,,,,,,,,
56,"November 16, 2023",11/16/2023 at 7:41 AM,11/16/2023 at 3:09 AM,Larceny,700 Rosedale,Complainant reports the theft of his bike. Loss $400,Inactive,230414,15006,,,,,,,,,,,,,,,,
56,"November 15, 2023",11/21/2023 at 3:03 PM,11/15/2023 at 9:00 AM,Larceny,Rebstock,Complainant reports the theft of a bicycle. Loss $360,Inactive,230426,15017,,,,,,,,,,,,,,,,
56,"November 14, 2023",11/27/2023 at 4:34 PM,11/14/2023 at 12:30 PM,Larceny,Cupples I,Complainant reports the theft of a bicycle over a two week period. Loss $380,Inactive,230430,15027,,,,,,,,,,,,,,,,
56,"November 13, 2023",11/20/2023 at 12:37 PM,11/13/2023 at 7:00 AM,Larceny,AC,Complainant reports the theft of items from her locker. Loss $60,Active,230422,15010,,,,,,,,,,,,,,,,
56,"November 11, 2023",11/12/2023 at 1:14 PM,11/11/2023 at 9:55 AM,Larceny,Bauer Hall,Complainant reported the theft of his unsecured EVO bike. Loss $1800,Closed; Property Recovered,230405,14979,,,,,,,,,,,,,,,,
56,"November 10, 2023",11/10/2023 at 2:43 PM,11/10/2023 at 5:40 AM,Larceny,Athletic Complex,"Complainant reports the theft of an unsecured bicycle. Loss $100
Bicycle recovered/returned to student 11/13/23",Cleared By Arrest,230398,14975,,,,,,,,,,,,,,,,
56,"November 9, 2023",11/10/2023 at 11:35 AM,11/09/2023 at 7:00 PM,Larceny,Schnuck Pavilion,Complainant reports the theft of his bicycle tires. Loss $250,Active,230397,14977,,,,,,,,,,,,,,,,
57,"November 4, 2023",11/11/2023 at 5:29 PM,11/04/2023 at 6:00 PM,Larceny,Zetcher,Complainant reports the theft of a wallet containing credit cards.,Closed,230400,15004,,,,,,,,,,,,,,,,
57,"November 3, 2023",11/07/2023 at 7:50 PM,11/03/2023 at 9:00 PM,Larceny,Weil Hall,Complainant reports the theft of a bicycle. Loss $400,Inactive,230393,14940,,,,,,,,,,,,,,,,
57,"November 3, 2023",11/04/2023 at 6:46 PM,11/03/2023 at 5:40 PM,Larceny,AB Law,Complainant reports that he left his backpack under a table in the 3rd floor atrium and forgot it. When he returned it was missing. Loss $100,Inactive,230390,14936,,,,,,,,,,,,,,,,
57,"November 2, 2023",11/07/2023 at 9:04 AM,11/02/2023 at 1:00 PM,Larceny,Compton,Three large aluminum panels stolen from the loading dock area. Loss $2240,Inactive,230392,14942,,,,,,,,,,,,,,,,
57,"October 30, 2023",10/30/2023 at 9:48 AM,10/30/2023 at 9:48 AM,Assault,Mallinckrodt,Disturbance in the kitchen area resulted in assault 3rd.,Cleared by arrest,230377,14893,,,,,,,,,,,,,,,,
57,"October 26, 2023",10/31/2023 at 3:59 PM,10/26/2023 at 9:54 AM,Larceny,Green Hall,Complainant reports the theft of a bicycle. Loss $780,Cleared By Arrest,230381,14891,,,,,,,,,,,,,,,,
57,"October 26, 2023",10/27/2023 at 12:24 PM,10/26/2023 at 9:00 AM,Larceny,Brauer Hall,Complainant reports the theft of a bicycle. Loss $600,Cleared By Arrest,230371,14873,,,,,,,,,,,,,,,,
57,"October 25, 2023",10/26/2023 at 1:45 PM,10/25/2023 at 7:44 PM,Larceny,Givens,Complainant reports the theft of a scooter. Loss $279,Cleared By Arrest,230365,14877,,,,,,,,,,,,,,,,
57,"October 25, 2023",10/25/2023 at 6:15 PM,10/25/2023 at 6:15 PM,Larceny,Givens,"Complainant reports the theft of a bicycle. Loss $540
Bike recovered 10/26/23 and returned to owner",Cleared By Arrest,230363,14879,,,,,,,,,,,,,,,,
57,"October 22, 2023",10/22/2023 at 10:49 PM,10/22/2023 at 4:00 PM,Larceny,Green Hall,Complainant reports the theft of a secured bike. Loss $275,Cleared,230347,14809,,,,,,,,,,,,,,,,
58,"October 21, 2023",10/21/2023 at 5:23 PM,10/21/2023 at 5:23 PM,Fire,Lopata House,Minor fire contained to an oven during the self-cleaning process. No damage to property reported.,Cleared,23-10-21-036439,14811,,,,,,,,,,,,,,,,
58,"October 21, 2023",10/21/2023 at 12:54 AM,10/21/2023 at 12:50 AM,Motor Vehicle Theft,Tisch Commons,2 students took a golf cart without permission.,Cleared by arrest. Property recovered,230344,14813,,,,,,,,,,,,,,,,
58,"October 20, 2023",10/20/2023 at 11:40 PM,10/20/2023 at 11:33 PM,Assault 3rd,Frat House 6,Assault during an event at the house.,"Cleared, referred to JA",230343,14815,,,,,,,,,,,,,,,,
58,"October 20, 2023",10/23/2023 at 4:52 PM,10/20/2023 at 9:01 AM,Larceny,Somers,Complainant reports the theft of a bike. Loss pending.,Inactive,230350,14882,,,,,,,,,,,,,,,,
58,"October 19, 2023",10/26/2023 at 5:32 PM,10/19/2023 at 5:00 PM,Larceny,Rebstock,Complainant reports the theft of a scooter. Loss $249,Pending,230368,14875,,,,,,,,,,,,,,,,
58,"October 19, 2023",,10/19/2023 at 4:15 PM,Security Memo,,,,,14821,,,,,,,,,,,,,,,,
58,"October 19, 2023",10/20/2023 at 5:00 PM,10/19/2023 at 10:00 AM,Larceny,Olin,"Complainant reports the theft of a rental bike, black Batch Bears Bike from the rack on the south side of Olin. Loss $400",Pending,230342,14817,,,,,,,,,,,,,,,,
58,"October 19, 2023",10/19/2023 at 7:03 PM,10/19/2023 at 9:00 AM,Larceny,Rudolph,Complainant reports the theft of a bicycle locked with a cable lock. Loss $400,Cleared By Arrest,230337,14807,,,,,,,,,,,,,,,,
58,"October 18, 2023",10/18/2023 at 11:47 PM,10/18/2023 at 10:30 PM,Larceny,Givens,Complainant reports the theft of a bicycle. Loss $180,Cleared By Arrest,230333,14884,,,,,,,,,,,,,,,,
58,"October 18, 2023",10/20/2023 at 4:11 PM,10/18/2023 at 5:32 AM,Larceny,Schnuck Pavilion,Complainant reports the theft of a black Specialized bike with pink writing. Loss $1200,Cleared,230341,14819,,,,,,,,,,,,,,,,
59,"October 17, 2023",10/17/2023 at 3:13 PM,10/17/2023 at 12:30 PM,Larceny,Green Hall,Complainant reported the theft of a scooter. Loss $700,Inactive,230326,14800,,,,,,,,,,,,,,,,
59,"October 17, 2023",10/24/2023 at 12:08 AM,10/17/2023 at 10:00 AM,Larceny,Green Hall,Complainant reports unsecured bicycle stolen. Loss $98,Inactive,230353,14827,,,,,,,,,,,,,,,,
59,"October 15, 2023",,10/15/2023 at 2:34 PM,Criminal Incident-Assault,Big Bend near Fontbonne,,,,14798,,,,,,,,,,,,,,,,
59,"October 13, 2023",10/13/2023 at 1:37 AM,10/13/2023 at 1:36 AM,Larceny,Millbrook 1,Students were found with stolen key card kiosk and traffic barricade. Items were recovered.,"Cleared, referred to JA",230316,14768,,,,,,,,,,,,,,,,
59,"October 13, 2023",10/13/2023 at 1:22 AM,10/13/2023 at 1:20 AM,Fire,Millbrook 1,Subjects using a toaster oven on top of the stove inadvertently turned on the stove which caused the toaster over to catch fire and melt.,Cleared,230315,14770,,,,,,,,,,,,,,,,
59,"October 12, 2023",10/12/2023 at 12:53 PM,10/12/2023 at 7:56 AM,Larceny,Seigle,Complainant reports the theft of an unsecured bicycle. Loss $425,Inactive,230312,14772,,,,,,,,,,,,,,,,
59,"October 8, 2023",10/09/2023 at 6:16 PM,10/08/2023 at 9:30 AM,Larceny,AC,Complainant reports the theft of an unsecured bicycle. Loss pending,Active,230309,14774,,,,,,,,,,,,,,,,
59,"October 5, 2023",10/05/2023 at 7:34 PM,10/05/2023 at 2:15 PM,Larceny,Whitaker,Complaint reports the theft of his secured bicycle from the south side bike rack. Loss $1000,Cleared,230305,14745,,,,,,,,,,,,,,,,
59,"September 29, 2023",10/01/2023 at 8:00 PM,09/29/2023 at 5:00 PM,Larceny,Promenade,Sign stolen from the basketball court. Loss $50. Suspect identified and property returned.,Cleared,230295,14741,,,,,,,,,,,,,,,,
59,"September 29, 2023",,09/29/2023 at 5:20 AM,Security Memo-Robbery,6000 blk Pershing,,,,14694,,,,,,,,,,,,,,,,
60,"September 28, 2023",01/28/2025 at 3:13 PM,09/28/2023 at 3:00 PM,Sexual Assault,Umrath Hall,Complainant reports non-consensual incident.,Closed,250036,17012,,,,,,,,,,,,,,,,
60,"September 28, 2023",10/01/2023 at 11:19 PM,09/28/2023 at 12:00 AM,Larceny,Zetcher,Complainant reports the theft of an unsecured Bears bike from the racks.,Inactive,230291,14739,,,,,,,,,,,,,,,,
60,"September 27, 2023",09/27/2023 at 10:39 PM,09/27/2023 at 10:39 PM,Fire-6600 Washington,6600 Washington,Grease fire while cooking. Damage amount pending.,Cleared,230276,14696,,,,,,,,,,,,,,,,
60,"September 23, 2023",09/24/2023 at 12:19 AM,09/23/2023 at 8:16 PM,Larceny,Green Hall,Complainant reported the theft of his bicycle. Loss $510,Cleared,230261,14698,,,,,,,,,,,,,,,,
60,"September 19, 2023",09/19/2023 at 12:59 AM,09/19/2023 at 12:45 AM,Arson,316 Skinker,Personal belongings intentionally set on fire outside the rear door.,Inactive,230243,14634,,,,,,,,,,,,,,,,
60,"September 18, 2023",10/03/2023 at 11:54 AM,09/18/2023 at 11:54 AM,Larceny,AC,Womens soccer team report a series of thefts occurring over a two week time period from unsecured lockers.,Inactive,230298,14743,,,,,,,,,,,,,,,,
60,"September 15, 2023",09/29/2023 at 8:44 AM,09/15/2023 at 9:20 AM,Assault,Crow Hall,Complainant reports that a subject unknown spit on him while he was walking across campus near Crow Hall. Victim declined further investigation or prosecution.,Closed,230280,14737,,,,,,,,,,,,,,,,
60,"September 12, 2023",09/12/2023 at 7:32 AM,09/12/2023 at 6:50 AM,Larceny,AC,Complainants bike lock cut and bike stolen.,Closed,230206,14584,,,,,,,,,,,,,,,,
60,"September 11, 2023",,09/11/2023 at 12:16 AM,Security Memo,Shepley Dorm,,,,14581,,,,,,,,,,,,,,,,
60,"September 9, 2023",09/10/2023 at 2:56 PM,09/09/2023 at 9:30 PM,Larceny,Wheeler,Complainant reports the theft of his bicycle. Loss $1000. Bicycle later recovered.,Closed,230191,14575,,,,,,,,,,,,,,,,
61,"September 8, 2023",09/13/2023 at 5:32 PM,09/08/2023 at 6:00 PM,Larceny,Gregg,Complainant reports the theft of a bicycle which had been secured with a cable lock. Loss $650,Closed,230213,14632,,,,,,,,,,,,,,,,
61,"September 8, 2023",09/14/2023 at 2:39 PM,09/08/2023 at 3:45 PM,Larceny,AC,Complainant reports the theft of his bicycle. Loss $2000,Inactive,230220,14630,,,,,,,,,,,,,,,,
61,"September 8, 2023",09/08/2023 at 11:34 AM,09/08/2023 at 11:00 AM,Larceny,Bryan,Complainant reports the theft of her wallet from an unsured area.,Inactive,230183,14579,,,,,,,,,,,,,,,,
61,"September 6, 2023",09/10/2023 at 3:27 PM,09/06/2023 at 7:12 AM,Larceny,AC,Bicycle stolen from AC. Loss $400,Inactive,230192,14573,,,,,,,,,,,,,,,,
61,"September 4, 2023",09/04/2023 at 10:56 PM,09/04/2023 at 10:51 PM,Larceny,Olin Loading Dock,Golf cart stolen. Loss pending,Active,230172,14586,,,,,,,,,,,,,,,,
61,"September 1, 2023",09/01/2023 at 3:36 AM,09/01/2023 at 3:00 AM,Arson,310 Skinker,Mattress fire in the alley at 310 Skinker. Fire was extinguished by St. Louis City Fire Dept.,Inactive,230167,14541,,,,,,,,,,,,,,,,
61,"August 30, 2023",09/09/2023 at 1:14 PM,08/30/2023 at 3:00 PM,Larceny,Shandeling Dorm,Unsecured bicycle stolen. Loss $250,Inactive,230190,14577,,,,,,,,,,,,,,,,
61,"August 29, 2023",08/29/2023 at 6:41 PM,08/29/2023 at 9:40 AM,Larceny,Steinberg,Complainant unable to locate his IPad after attending class. Unknown if it was left in class or later lost elsewhere. Loss $749,Inactive,230165,14474,,,,,,,,,,,,,,,,
61,"August 21, 2023",08/21/2023 at 2:24 PM,08/21/2023 at 1:45 PM,Larceny,Bears Den,"Complainant lost his wallet and when it was found and returned, he reported the cash missing. Loss $275",Active,230143,14446,,,,,,,,,,,,,,,,
61,"August 9, 2023",08/10/2023 at 12:25 PM,08/09/2023 at 6:00 PM,Larceny,Cupples I,"Complainant reported the theft of an unattended backpack from a bench outside the north door, containing his laptop and passport. Loss $1000",Inactive,230137,14363,,,,,,,,,,,,,,,,
62,"August 5, 2023",08/06/2023 at 11:43 AM,08/05/2023 at 11:00 AM,Larceny,Millbrook 2,Complainant reports the theft of a bicycle. Unknown if secured. Unknown value.,Inactive,230135,14284,,,,,,,,,,,,,,,,
62,"July 5, 2023",07/05/2023 at 4:35 PM,07/05/2023 at 4:25 PM,Larceny,Green Hall,Complainant reports the theft of his bike. Loss $1150,Inactive,230125,13564,,,,,,,,,,,,,,,,
62,"May 30, 2023",05/31/2023 at 12:21 PM,05/30/2023 at 7:30 PM,Larceny,Mudd Dorm,Complainant reports the theft of his bicycle from the rack at Mudd. Loss $180,Inactive,230117,13547,,,,,,,,,,,,,,,,
62,"May 16, 2023",05/16/2023 at 6:04 PM,05/16/2023 at 5:20 PM,Larceny,Olin Library,Complainant reported the theft of his backpack containing his laptop and iPad. Loss $3150,Cleared by arrest. Property recovered,230113,13532,,,,,,,,,,,,,,,,
62,"May 11, 2023",05/11/2023 at 9:38 PM,05/11/2023 at 12:00 AM,Larceny,Beaumont Dorm,"Complainant reports the theft of an unattended, unsecured, virtual reality headset from the 2nd floor common area. Loss $500",Inactive,230111,13515,,,,,,,,,,,,,,,,
62,"May 10, 2023",05/10/2023 at 10:32 PM,05/10/2023 at 9:41 PM,Burglary,Frat House 4,Burglary occurred when suspect entered through a propped door and stole items. Items were recovered and suspect arrested.,Cleared by arrest,220110,13512,,,,,,,,,,,,,,,,
62,"May 8, 2023",05/08/2023 at 3:53 PM,05/08/2023 at 6:00 AM,Larceny,Village House,Complainant inadvertently left his bookbag at in the dining area and upon his return his bag containing his laptop was missing. Loss $3500. Some items were later recovered and a suspect identified.,Cleared,230108,13508,,,,,,,,,,,,,,,,
62,"May 1, 2023",06/02/2023 at 12:34 PM,05/01/2023 at 12:34 PM,Larceny,Chiller Plant,Complainant reports the theft of a bicycle from sometime in May. Loss $220,Active,230118,13545,,,,,,,,,,,,,,,,
62,"April 27, 2023",04/27/2023 at 12:12 PM,04/27/2023 at 6:05 AM,Larceny,Athletic Complex,Complainants shoes were stolen at Sumers Rec Center. Loss $400. Suspect identified and shoes recovered.,Cleared,230099,13462,,,,,,,,,,,,,,,,
62,"April 26, 2023",04/28/2023 at 5:41 PM,04/26/2023 at 6:34 PM,Larceny,McMillan,Complainant reported her bicycle stolen. Loss $600,Active,230103,13464,,,,,,,,,,,,,,,,
63,"April 21, 2023",04/25/2023 at 1:59 PM,04/21/2023 at 11:30 PM,Larceny,Tisch Park,#7 from WashU2027 sign stolen. Suspects located and property recovered.,Cleared,230096,13460,,,,,,,,,,,,,,,,
63,"April 17, 2023",04/18/2023 at 10:54 AM,04/17/2023 at 2:50 PM,Larceny,Hurd Dorm,Unsecured bike reported missing. Loss $600,Inactive,230094,13423,,,,,,,,,,,,,,,,
63,"April 15, 2023",04/15/2023 at 2:28 AM,04/15/2023 at 2:25 AM,Arson,Danforth Dorm,Unknown subject set a bulletin board on fire. Fire was extinguished with a fire extinguisher.,Closed,230091,13416,,,,,,,,,,,,,,,,
63,"April 14, 2023",04/17/2023 at 12:07 PM,04/14/2023 at 2:00 PM,Larceny,Shepley Dorm,Complainant reports his bike stolen over the weekend. Loss $130,Inactive,230093,13425,,,,,,,,,,,,,,,,
63,"April 11, 2023",04/14/2023 at 10:06 PM,04/11/2023 at 12:15 AM,Larceny,Urbauer Hall,"Unattended, unsecured, iPad stolen from room 218. Loss $1000",Inactive,230090,13418,,,,,,,,,,,,,,,,
63,"April 7, 2023",04/07/2023 at 5:27 PM,04/07/2023 at 4:45 PM,Larceny,Bauer,"Complainant reported her unattended backpack, containing her laptop, was stolen from the 3rd floor. Loss $1101.",Active,230079,13410,,,,,,,,,,,,,,,,
63,"March 30, 2023",03/30/2023 at 7:44 PM,03/30/2023 at 11:30 AM,Larceny,Hillman Hall,Complainant reported the theft of a wallet after it fell out of his pocket. Loss $102,Closed,230069,13399,,,,,,,,,,,,,,,,
63,"March 23, 2023",03/23/2023 at 8:46 PM,03/23/2023 at 8:42 PM,Assault 3rd,Zetcher Loading Dock,Altercation between two Bon Appetite employees. No injuries,Closed,230063,13371,,,,,,,,,,,,,,,,
63,"March 6, 2023",03/06/2023 at 2:44 PM,03/06/2023 at 1:40 PM,Shoplifting,Schnuck Pavilion,Subject stole food without paying.,Inactive,230050,13299,,,,,,,,,,,,,,,,
63,"March 3, 2023",03/16/2023 at 2:09 PM,03/03/2023 at 6:30 PM,Larceny,Bauer Hall,Report of a theft of an iPad left in room 102 following an event. Loss $1299,Inactive,230054,13363,,,,,,,,,,,,,,,,
64,"March 3, 2023",03/03/2023 at 1:50 PM,03/03/2023 at 12:00 PM,Larceny,Hillman,Complainants wallet was stolen from an unattended purse in room 300. Charge cards were used at the Galleria. Loss $3541,Inactive,230048,13291,,,,,,,,,,,,,,,,
64,"March 1, 2023",03/08/2023 at 8:38 PM,03/01/2023 at 10:48 PM,Larceny,Mallinckrodt,Contractor reports the theft of a floor scrubber from the dock storage area. Loss $1800,Located-Incident Unfounded,230051,13297,,,,,,,,,,,,,,,,
64,"March 1, 2023",03/01/2023 at 10:50 AM,03/01/2023 at 8:20 AM,Larceny,Athletic Complex,Unsecured bicycle stolen from the front rack Loss $800. Suspect arrested on Metro Link and bicycle recovered.,Cleared by arrest,230045,13293,,,,,,,,,,,,,,,,
64,"February 21, 2023",02/23/2023 at 4:01 PM,02/21/2023 at 5:30 PM,Larceny,Athletic Complex,Complainant reports the theft of a bicycle from the AC.,Active,230041,13280,,,,,,,,,,,,,,,,
64,"February 20, 2023",02/20/2023 at 5:59 PM,02/20/2023 at 4:10 PM,Larceny,Athletic Complex,Complainant reports his unsecured bicycle stolen. Loss $500,Inactive,230039,13275,,,,,,,,,,,,,,,,
64,"February 14, 2023",02/20/2023 at 9:23 PM,02/14/2023 at 2:00 PM,Larceny,Olin Library,Complainant reports the theft of an unsecured bicycle. Loss $400,Inactive,230040,13271,,,,,,,,,,,,,,,,
64,"February 8, 2023",02/08/2023 at 5:40 PM,02/08/2023 at 4:10 PM,Larceny,Edison Theater,Complainant reports the theft of a wallet.,Active,230033,13163,,,,,,,,,,,,,,,,
64,"January 31, 2023",02/02/2023 at 6:49 PM,01/31/2023 at 10:00 PM,Larceny,Bears Den,"Complainant reported that after losing his wallet, it was later found but was missing $280 in cash.",Inactive,230027,13130,,,,,,,,,,,,,,,,
64,"January 22, 2023",01/23/2023 at 2:07 PM,01/22/2023 at 2:38 AM,Larceny,Throop,Student stole two signs. Loss $110,Inactive,230014,12972,,,,,,,,,,,,,,,,
64,"January 15, 2023",01/17/2023 at 5:21 PM,01/15/2023 at 9:02 PM,Larceny,Eads,Complainant reports the theft of an unsecured bicycle. Loss $200,Inactive,230011,12857,,,,,,,,,,,,,,,,
65,"January 9, 2023",01/16/2023 at 3:53 AM,01/09/2023 at 3:00 PM,Larceny,Park Dorm,Complainant reports the theft of necklace that had been left in the community kitchen.,Active,230006,12881,,,,,,,,,,,,,,,,
65,"January 4, 2023",01/11/2023 at 7:44 AM,01/04/2023 at 8:00 AM,Burglary,Ridgely Hall,Undergraduate Admissions Office reported the theft of computer equipment. Loss $7800,Inactive,230004,12833,,,,,,,,,,,,,,,,
65,"January 3, 2023",01/09/2023 at 4:17 PM,01/03/2023 at 12:19 PM,Larceny,Cupples I,Complainant reports the theft of a Fedex delivery. Loss $674,Unfounded. Property located.,230002,12839,,,,,,,,,,,,,,,,
65,"December 19, 2022",01/16/2023 at 11:24 PM,12/19/2022 at 10:00 AM,Larceny,AB Law,Complainant reports the theft of a bicycle over winter break. Loss $650,Pending,230008,12875,,,,,,,,,,,,,,,,
65,"December 18, 2022",01/17/2023 at 11:55 AM,12/18/2022 at 9:50 AM,Larceny,Seigle,Complainant reports the theft of their bicycle over winter break. Loss $1225,Pending,230010,12863,,,,,,,,,,,,,,,,
65,"December 17, 2022",12/17/2022 at 10:18 PM,12/17/2022 at 10:18 PM,Receiving Stolen Property,Forest Park Parkway,Subject was arrested riding a bicycle registered to a student. Bike was recovered.,Cleared by arrest,220254,12695,,,,,,,,,,,,,,,,
65,"December 17, 2022",12/17/2022 at 9:58 PM,12/17/2022 at 9:35 PM,Larceny,Green Hall,Complainant reports the theft of the front wheel of his bicycle. Loss $150,Cleared by arrest,220253,12701,,,,,,,,,,,,,,,,
65,"December 13, 2022",12/13/2022 at 10:30 PM,12/13/2022 at 10:00 PM,Larceny,Simon,Complainant reports he dropped his wallet and when recovered it was missing cash. Loss $150,Pending,220252,12707,,,,,,,,,,,,,,,,
65,"December 11, 2022",01/31/2023 at 7:04 AM,12/11/2022 at 1:00 PM,Lost or Stolen,Athletic Complex,Complainant reports a class ring missing from unattended items following in the varsity practice gym. Value $700,Pending,230022,13124,,,,,,,,,,,,,,,,
65,"December 10, 2022",12/12/2022 at 11:01 AM,12/10/2022 at 3:00 AM,Larceny,Village House,Student dropped iphone that was later found and not returned. Loss $900,Pending,220249,12627,,,,,,,,,,,,,,,,
66,"December 4, 2022",12/04/2022 at 9:05 PM,12/04/2022 at 7:41 PM,Larceny,Mallinckrodt,3 unaffiliated subjects stole packages from the FedEx drop box area. Subjects were stopped and items recovered.,Cleared by arrest,220241,12639,,,,,,,,,,,,,,,,
66,"November 23, 2022",11/23/2022 at 7:05 PM,11/23/2022 at 6:50 PM,Larceny,Green Hall,Unsecured bike stolen. Loss $85,Pending,220231,12495,,,,,,,,,,,,,,,,
66,"November 23, 2022",11/24/2022 at 2:00 PM,11/23/2022 at 11:00 AM,Larceny,South 40,Subject reports person unknown is using his lost airpods.,Pending,220232,12507,,,,,,,,,,,,,,,,
66,"November 21, 2022",11/27/2022 at 9:05 AM,11/21/2022 at 11:00 PM,Larceny,Shepley Dorm,Complainant reports the theft of his bike. Loss $200,Pending,220233,12501,,,,,,,,,,,,,,,,
66,"November 17, 2022",12/01/2022 at 3:53 PM,11/17/2022 at 12:01 AM,Larceny,DUC,Complainant reports headphones stolen from the Harvey Media Center. Loss $50,Pending,220247,12633,,,,,,,,,,,,,,,,
66,"November 6, 2022",11/07/2022 at 1:51 PM,11/06/2022 at 7:00 PM,Larceny,Lopata Hall,Complainant reports unsecured bicycle stolen. Loss $450,Pending,220218,12447,,,,,,,,,,,,,,,,
66,"November 6, 2022",11/06/2022 at 7:27 PM,11/06/2022 at 4:45 PM,Larceny,Brookings Archway,Unattended backpack stolen. Laptop later recovered at Olin.,Pending,220216,12453,,,,,,,,,,,,,,,,
66,"November 1, 2022",11/01/2022 at 12:28 PM,11/01/2022 at 6:15 AM,Larceny,Athletic Complex,Two coaches report the theft of their wallets during practice. Office doors were left open. Loss $331,Pending,220207,12407,,,,,,,,,,,,,,,,
66,"October 31, 2022",11/03/2022 at 2:45 PM,10/31/2022 at 7:30 PM,Larceny,South Campus,Complainant reports the theft of sports equipment. Loss $1000,Pending,220210,12459,,,,,,,,,,,,,,,,
66,"October 31, 2022",11/01/2022 at 5:36 PM,10/31/2022 at 3:30 PM,Larceny,Dauten,Complainant reports unsecured bicycle stolen. Loss $120,Pending,220208,12401,,,,,,,,,,,,,,,,
67,"October 15, 2022",10/16/2022 at 12:13 PM,10/15/2022 at 4:15 PM,Burglary,Mildred Lane Kemper Art,Suspect broke into the building stealing electronics and other misc. items. Loss $975,Pending,220198,12128,,,,,,,,,,,,,,,,
67,"October 15, 2022",10/15/2022 at 1:36 PM,10/15/2022 at 12:00 PM,Larceny,Holmes Lounge,Complainant reports the theft of an unattended backpack. Loss $1700,Pending,220197,12134,,,,,,,,,,,,,,,,
67,"October 8, 2022",10/08/2022 at 9:30 PM,10/08/2022 at 9:25 PM,Larceny,AC,Juvenile arrested for bike theft.,Cleared by arrest,220188,12097,,,,,,,,,,,,,,,,
67,"October 3, 2022",10/03/2022 at 8:02 AM,10/03/2022 at 7:37 AM,Larceny,AC,Unsecured bicycle stolen. Loss $1700,Pending,220179,12061,,,,,,,,,,,,,,,,
67,"October 1, 2022",10/03/2022 at 5:18 PM,10/01/2022 at 3:00 PM,Larceny,Bears Den,Dining Services reports a theft from their employee locker room. Loss $75,Pending,220180,12055,,,,,,,,,,,,,,,,
67,"September 30, 2022",10/02/2022 at 9:14 AM,09/30/2022 at 6:30 AM,Larceny,AC,Unsecured bicycle stolen. Loss $100,Pending,220178,12067,,,,,,,,,,,,,,,,
67,"September 27, 2022",09/28/2022 at 3:49 PM,09/27/2022 at 10:00 PM,Larceny,Frat 2,Complainant reported the theft of a bicycle overnight. Loss $625,Pending,220175,12007,,,,,,,,,,,,,,,,
67,"September 21, 2022",09/21/2022 at 7:32 PM,09/21/2022 at 7:00 PM,Larceny,Olin Library,Complainant reports the theft of an unattended bag containing laptop and car keys. Loss $1493,Pending,220167,11947,,,,,,,,,,,,,,,,
67,"September 11, 2022",09/11/2022 at 11:44 AM,09/11/2022 at 10:30 AM,Larceny,Simon,Complainant reported the theft of two charges left unattended in the hallway. Loss $140,Pending,220157,11830,,,,,,,,,,,,,,,,
67,"September 7, 2022",09/07/2022 at 7:52 PM,09/07/2022 at 7:30 PM,Larceny,Olin Library,Complainant reports the theft of an unattended laptop for the southeast corner of the 3rd floor. Loss $1399,Pending,220155,11836,,,,,,,,,,,,,,,,
68,"September 7, 2022",09/07/2022 at 6:05 PM,09/07/2022 at 5:45 PM,Larceny,Olin Library,Complainant reports the theft of an unattended purse. Loss $350,Pending,220154,11842,,,,,,,,,,,,,,,,
68,"September 3, 2022",09/05/2022 at 3:43 PM,09/03/2022 at 3:00 PM,Larceny,Frat House 6,Complainant reports the theft of a recruitment banner from the east side exterior wall of the building. Loss $31.00,Pending,220151,11848,,,,,,,,,,,,,,,,
68,"September 1, 2022",01/17/2023 at 9:46 AM,09/01/2022 at 9:00 AM,Larceny,Green Hall,Complainant reports the theft of a bicycle over a long period of time. Loss $272,Pending,230009,12869,,,,,,,,,,,,,,,,
68,"August 20, 2022",08/20/2022 at 3:29 PM,08/20/2022 at 10:00 AM,Larceny,Bauer,Complainant reports the theft of a bicycle. Loss $400,Pending,220140,11647,,,,,,,,,,,,,,,,
68,"August 18, 2022",08/18/2022 at 5:07 PM,08/18/2022 at 8:00 AM,Larceny,Whitaker,Complainant reports the theft of a bicycle. Loss $500,Pending,220138,11653,,,,,,,,,,,,,,,,
68,"August 15, 2022",08/15/2022 at 4:43 PM,08/15/2022 at 8:30 AM,Larceny,Millbrook Garage,Complainant reports the theft of his bike. Loss $200,Pending,220137,11602,,,,,,,,,,,,,,,,
68,"August 10, 2022",08/11/2022 at 3:50 AM,08/10/2022 at 7:00 PM,Stolen Auto,Snowway Garage,"Complainant reports the theft of her Kia Sportage. Loss $16,000",Pending,220134,11536,,,,,,,,,,,,,,,,
68,"August 10, 2022",08/10/2022 at 5:33 PM,08/10/2022 at 4:27 PM,Larceny,Brauer Hall,Complainant reports the theft of his bicycle. Loss $708,Pending,220133,11542,,,,,,,,,,,,,,,,
68,"August 8, 2022",,08/08/2022 at 6:00 PM,Crime Alert-Criminal Activity,Delmar Loop Area,,,,11515,,,,,,,,,,,,,,,,
68,"August 7, 2022",,08/07/2022 at 8:00 PM,Security Memo-Robbery,6200 block Delmar,,,,11521,,,,,,,,,,,,,,,,
69,"August 5, 2022",,08/05/2022 at 6:00 PM,Security Memo-Vehicle Theft,6100 blk Pershing,,,,11503,,,,,,,,,,,,,,,,
69,"August 4, 2022",,08/04/2022 at 9:22 PM,Crime Alert-Criminal Activity,600 blk N. Skinker,,,,11509,,,,,,,,,,,,,,,,
69,"August 1, 2022",08/01/2022 at 6:53 AM,08/01/2022 at 6:53 AM,Burglary,Shandeling Dorm,Contractors working in the building reported unknown subjects were in the lower level of the dorm when they arrived for work. Officers arrested 6 subjects for burglary.,Cleared by arrest,220128,11482,,,,,,,,,,,,,,,,
69,"July 30, 2022",07/30/2022 at 2:33 PM,07/30/2022 at 12:00 PM,Larceny,Rebstock,Complainant reports the theft of his bicycle from the north side of Rebstock. Loss $850,Pending,220127,11488,,,,,,,,,,,,,,,,
69,"July 26, 2022",,07/26/2022 at 7:00 PM,Security Memo-Criminal Activity,700 blk Rosedale,,,,11476,,,,,,,,,,,,,,,,
69,"July 17, 2022",,07/17/2022 at 6:50 PM,Security Memo-Stolen Auto,500 blk Kingsland,,,,11437,,,,,,,,,,,,,,,,
69,"July 11, 2022",07/12/2022 at 7:44 AM,07/11/2022 at 7:30 PM,Larceny,Bayer,Complainant reports the theft of his bicycle overnight. Loss $750,Pending,220122,11431,,,,,,,,,,,,,,,,
69,"July 7, 2022",07/07/2022 at 11:17 AM,07/07/2022 at 8:23 AM,Larceny,Steinberg,2 unknown suspects stole landscaping equipment from the Focal Point truck. Loss $1500,Pending,220120,11422,,,,,,,,,,,,,,,,
69,"July 1, 2022",07/27/2022 at 4:51 PM,07/01/2022 at 4:00 PM,Larceny,Lien Garage,Complainant reported a missing license plate. Unknown where or when the plate was lost or stolen.,Pending,220126,11494,,,,,,,,,,,,,,,,
69,"July 1, 2022",07/05/2022 at 7:48 PM,07/01/2022 at 11:00 AM,Larceny,Olin Library,Complainant reports his bike stolen from the north rack of Olin Library. Loss $300,Pending,220119,11416,,,,,,,,,,,,,,,,
70,"June 29, 2022",,06/29/2022 at 9:15 PM,Security Memo-Robbery,6100 blk McPherson,,,,11395,,,,,,,,,,,,,,,,
70,"June 29, 2022",06/29/2022 at 10:10 AM,06/29/2022 at 9:53 AM,Stolen Auto,Wallace Garage,Complainants vehicle was stolen by a subject he had given a ride to and left in his parked vehicle with the keys in the ignition.,Pending,220116,11407,,,,,,,,,,,,,,,,
70,"June 29, 2022",,06/29/2022 at 8:22 AM,Security Memo-Criminal Activity,6200 blk Delmar,,,,11401,,,,,,,,,,,,,,,,
70,"June 24, 2022",06/28/2022 at 1:55 PM,06/24/2022 at 10:00 PM,Larceny,Brauer Hall,Complainant reports the theft of computer equipment from the graduate research room. Loss $ to be determined,Pending,220115,11389,,,,,,,,,,,,,,,,
70,"June 23, 2022",,06/23/2022 at 9:12 PM,Security Memo-Motor Vehicle Theft,6200 blk Clemens,,,,11371,,,,,,,,,,,,,,,,
70,"June 20, 2022",08/30/2022 at 8:23 PM,06/20/2022 at 7:00 PM,Larceny,Frat House 8,Complainant reports the theft of a TV and speaker from the common area of the house. Loss $449,Pending,220146,11854,,,,,,,,,,,,,,,,
70,"June 17, 2022",,06/17/2022 at 10:55 PM,Security Memo-Criminal Activity,700 blk Leland,,,,11356,,,,,,,,,,,,,,,,
70,"June 17, 2022",06/21/2022 at 11:57 AM,06/17/2022 at 9:50 AM,Larceny,Rebstock,Complainant reported the theft of an unsecured bike. Loss $421,Pending,220110,11362,,,,,,,,,,,,,,,,
70,"June 9, 2022",06/25/2022 at 10:15 AM,06/09/2022 at 9:00 AM,Larceny,Brauer Hall,Complainant reports the theft of her bike. Loss $ pending,Pending,220112,11377,,,,,,,,,,,,,,,,
70,"May 14, 2022",05/18/2022 at 3:24 PM,05/14/2022 at 2:00 PM,Larceny,House 21,Complainant reports his TV and stand were missing from the common area. Loss $300,Pending,220093,11285,,,,,,,,,,,,,,,,
71,"May 13, 2022",05/19/2022 at 11:40 AM,05/13/2022 at 9:30 PM,Larceny,Steinberg,Complainant unable to locate some books that had been left unsecured. Loss $600,Pending,220095,11297,,,,,,,,,,,,,,,,
71,"May 11, 2022",05/11/2022 at 8:45 PM,05/11/2022 at 7:30 PM,Larceny,Wallace Garage,"Complainant reported an unattended, unsecured, bookbag stolen from the area outside of the garage entrance. Loss $1700",Pending,220090,11273,,,,,,,,,,,,,,,,
71,"May 9, 2022",05/10/2022 at 2:51 PM,05/09/2022 at 4:00 PM,Larceny,Bears Den,Complainant reports the theft of her stolen Airpod Pro. Loss $250,Pending,220088,11216,,,,,,,,,,,,,,,,
71,"May 8, 2022",,05/08/2022 at 9:00 PM,Security Memo,800 blk Skinker,,,,11207,,,,,,,,,,,,,,,,
71,"May 5, 2022",05/07/2022 at 3:15 PM,05/05/2022 at 9:39 PM,Larceny,Givens,Complainant reported the theft of her bike wheel.,Pending,220085,11198,,,,,,,,,,,,,,,,
71,"April 29, 2022",04/30/2022 at 10:10 PM,04/29/2022 at 10:05 PM,Larceny,Sumers,"#WASHU26 red wood letters were stolen following WILD. Loss $3,000",Under investigation,220078,11153,,,,,,,,,,,,,,,,
71,"April 28, 2022",04/28/2022 at 6:25 PM,04/28/2022 at 5:44 PM,Larceny,Mallinckrodt,Subway Shop reporting the theft of a sign. Loss $60,Pending,220075,11168,,,,,,,,,,,,,,,,
71,"April 28, 2022",04/28/2022 at 11:08 PM,04/28/2022 at 8:00 AM,Larceny,Knight Hall,Items left unattended while attending an event were stolen from a backpack. Loss $205,Pending,220076,11159,,,,,,,,,,,,,,,,
71,"April 21, 2022",05/02/2022 at 4:42 PM,04/21/2022 at 4:00 PM,Larceny,DUC,Two large orchids stolen from the Orchid Room. Loss $350,Pending,220081,11180,,,,,,,,,,,,,,,,
71,"April 19, 2022",04/19/2022 at 6:47 PM,04/19/2022 at 11:30 AM,Larceny,Liggett,Complainant reports the theft of a secured bike. Loss $300,Pending,220068,10976,,,,,,,,,,,,,,,,
72,"April 11, 2022",04/11/2022 at 9:47 AM,04/11/2022 at 9:47 AM,Larceny,Jubel Hall,Theft of a bicycle. Loss $750,Cleared by arrest,220061,10988,,,,,,,,,,,,,,,,
72,"April 11, 2022",,04/11/2022 at 1:20 AM,Security Memo-Criminal Activity,6100 blk Waterman,,,,10940,,,,,,,,,,,,,,,,
72,"April 1, 2022",04/11/2022 at 9:49 AM,04/01/2022 at 6:00 PM,Larceny,Shandeling,Complainant reports the theft of money from an unsecured room.,Cleared,220062,10982,,,,,,,,,,,,,,,,
72,"March 26, 2022",04/01/2022 at 3:34 AM,03/26/2022 at 7:32 AM,Larceny,Frat House 2,Complainant reports the theft of his secured bike. Loss $800,Pending,220054,10895,,,,,,,,,,,,,,,,
72,"March 22, 2022",03/22/2022 at 12:02 PM,03/22/2022 at 8:30 AM,Larceny,Rebstock,Students report items stolen from the hallway outside a lab where they leave them during class. One backpack containing credit cards was taken and the cards fraudulently used. Loss $652,Pending,220045,10814,,,,,,,,,,,,,,,,
72,"March 21, 2022",03/23/2022 at 1:16 PM,03/21/2022 at 5:30 PM,Larceny,Zetcher House,Unsecured bike stolen from breezeway area. Loss $400,Pending,220047,10826,,,,,,,,,,,,,,,,
72,"March 21, 2022",03/22/2022 at 12:23 PM,03/21/2022 at 2:30 PM,Larceny,Simon Hall,Student inadvertently left a unopened iPad in a shopping bag after class. Upon returning to the classroom the bag was missing. Loss $749,Pending,220046,10832,,,,,,,,,,,,,,,,
72,"March 15, 2022",,03/15/2022 at 1:00 AM,Crime Alert,Off-Campus,,,,10712,,,,,,,,,,,,,,,,
72,"March 12, 2022",,03/12/2022 at 7:30 PM,Security Memo-Burglary,6000 blk Waterman,,,,10667,,,,,,,,,,,,,,,,
72,"March 10, 2022",03/15/2022 at 3:38 PM,03/10/2022 at 10:00 PM,Larceny,Givens,"Complainant reports his unattended, unsecured, laptop stolen from an open work area on the 2nd floor. Loss $400",Pending,220044,10790,,,,,,,,,,,,,,,,
73,"March 9, 2022",,03/09/2022 at 10:10 PM,Security Memo-Burglary,6600 blk Kingsbury,,,,10646,,,,,,,,,,,,,,,,
73,"February 27, 2022",02/27/2022 at 7:17 PM,02/27/2022 at 7:17 PM,Larceny,Olin Library,Subject left his property unattended for a short time and returned to find an unknown B/M holding his jacket. Suspicious subject ran from the area and complainant reported bank cards missing.,Pending,220037,10469,,,,,,,,,,,,,,,,
73,"February 24, 2022",02/24/2022 at 5:05 PM,02/24/2022 at 2:15 PM,Larceny,Urbauer,Student reported unattended airpods stolen. Loss $250,Pending,220036,10475,,,,,,,,,,,,,,,,
73,"February 15, 2022",02/15/2022 at 4:59 PM,02/15/2022 at 11:30 AM,Larceny,Wrighton Hall,Complainant reports the theft of an unsecured bike. Loss $424,Pending,220024,10436,,,,,,,,,,,,,,,,
73,"February 15, 2022",02/15/2022 at 9:43 PM,02/15/2022 at 9:00 AM,Larceny,Lopata Hall,"Complainant reported the theft of his bicycle, possibly left unsecured. Loss $400",Pending,220022,10427,,,,,,,,,,,,,,,,
73,"February 2, 2022",02/04/2022 at 3:30 PM,02/02/2022 at 4:00 PM,Larceny,DUC,Complainant reports the theft of 3 foam board signs for the Covid testing center. Loss $300,Pending,220014,10406,,,,,,,,,,,,,,,,
73,"February 1, 2022",,02/01/2022 at 3:18 PM,Security Memo-Robbery,6600 blk Clemens,,,,10376,,,,,,,,,,,,,,,,
73,"February 1, 2022",03/16/2022 at 1:55 PM,02/01/2022 at 12:00 PM,Larceny,Brauer Hall,Complainant reports the theft of a camera from a shared unlocked office. Loss $800,Pending,220043,10808,,,,,,,,,,,,,,,,
73,"January 27, 2022",,01/27/2022 at 12:50 PM,Security Memo-Robbery,6200 blk Cabanne,,,,10346,,,,,,,,,,,,,,,,
73,"January 21, 2022",,01/21/2022 at 4:30 PM,Security Memo-Burglary,700 blk Westgate,,,,10334,,,,,,,,,,,,,,,,
74,"January 17, 2022",01/17/2022 at 12:41 PM,01/17/2022 at 1:30 AM,Larceny,Shanedling Dorm,Complainant reports clothing taken while doing laundry. Loss $370,Pending,220004,10319,,,,,,,,,,,,,,,,
74,"January 14, 2022",04/05/2022 at 8:02 PM,01/14/2022 at 12:00 PM,Larceny,Wrighton,Complainant reports the theft of a pool cue that had been in a locker. Loss $400,Pending,220058,10928,,,,,,,,,,,,,,,,
74,"January 14, 2022",04/05/2022 at 8:02 PM,01/14/2022 at 12:00 PM,Larceny,Wrighton Hall,Complainant reports the theft of a pool stick from a locker. Loss $400,Pending,220058,10994,,,,,,,,,,,,,,,,
74,"January 13, 2022",,01/13/2022 at 12:39 PM,Security Memo-Robbery,6000 block Pershing,,,,10313,,,,,,,,,,,,,,,,
74,"January 6, 2022",01/18/2022 at 3:35 PM,01/06/2022 at 6:00 PM,Larceny,Millbrook 3,Complainant reports the theft of a bicycle. Loss $200,Pending,220005,10325,,,,,,,,,,,,,,,,
74,"January 5, 2022",01/06/2022 at 5:47 PM,01/05/2022 at 9:00 PM,Larceny,Brauer Hall,Laptop reported missing from shared lab area. Loss $250,Pending,220003,10304,,,,,,,,,,,,,,,,
74,"December 22, 2021",01/30/2022 at 11:19 AM,12/22/2021 at 2:00 PM,Larceny,Lopata House,Student believes he left money in an unsecured desk over winter break and that upon his return his money was missing. Loss $1000,Pending,220009,10358,,,,,,,,,,,,,,,,
74,"December 18, 2021",12/18/2021 at 11:55 PM,12/18/2021 at 11:39 PM,Vandalism,South 40 Underpass,Unknown individuals spray painted Patriotfront.US on three murals,Suspect arrested,210154,10232,,,,,,,,,,,,,,,,
74,"December 16, 2021",12/17/2021 at 11:33 AM,12/16/2021 at 10:30 PM,Burglary,6165 Waterman,Apartment burglarized. Entry through unlocked door. St. Louis City investigating.,Under investigation,21-12-17-059457,10274,,,,,,,,,,,,,,,,
74,"December 16, 2021",12/16/2021 at 1:49 PM,12/16/2021 at 1:49 PM,Assault/Domestic Violence,Bauer Hall,Subject arrested for domestic violence.,Cleared by arrest,210152,10244,,,,,,,,,,,,,,,,
75,"December 16, 2021",12/21/2021 at 1:56 PM,12/16/2021 at 12:00 AM,Larceny,Givens,Complainant reports the theft of graphic cards from computers located on the 3rd floor. Loss $700,Pending,210156,10226,,,,,,,,,,,,,,,,
75,"December 15, 2021",12/15/2021 at 4:44 AM,12/15/2021 at 4:44 AM,Larceny,Mallinckrodt,Non-affiliated subject was observed stealing from a package left at the UPS/FedEx drop box. Property was recovered.,Cleared by arrest,210151,10187,,,,,,,,,,,,,,,,
75,"December 14, 2021",12/15/2021 at 1:48 AM,12/14/2021 at 11:00 AM,Burglary,6048 Washington,Students apartment burglarized. Unknown how entry was made. St. Louis City investigating.,Under investigation,21-12-15-059108,10268,,,,,,,,,,,,,,,,
75,"December 13, 2021",12/15/2021 at 12:40 PM,12/13/2021 at 6:00 PM,Larceny,AB Law,Complainants computer taken after being left unsecured overnight in a common area. Loss $2600,"Unfounded, located",210158,10298,,,,,,,,,,,,,,,,
75,"December 12, 2021",12/18/2021 at 3:13 PM,12/12/2021 at 6:32 PM,Larceny,Steinberg,Complainant reports a camera stolen from the photography studio. Loss $1400,Pending,210153,10238,,,,,,,,,,,,,,,,
75,"December 9, 2021",12/10/2021 at 2:42 PM,12/09/2021 at 7:10 PM,Larceny,Athletic Complex,Complainant reports the theft of cash from an unsecured locker. Loss $200,Pending,210150,10124,,,,,,,,,,,,,,,,
75,"December 1, 2021",12/08/2021 at 1:48 PM,12/01/2021 at 9:00 AM,Larceny,AB Law,Complainant reports the theft of a prescription from her unattended backpack.,Pending,210149,10102,,,,,,,,,,,,,,,,
75,"December 1, 2021",12/01/2021 at 3:05 PM,12/01/2021 at 2:20 AM,Larceny,Millbrook 3,Complainant reports the theft of a bicycle. Loss $300,Pending,210141,10045,,,,,,,,,,,,,,,,
75,"November 29, 2021",12/06/2021 at 2:45 PM,11/29/2021 at 2:00 PM,Larceny,Wallace Garage,Complainant reports the theft of his bicycle. Loss $600,Pending,210148,10072,,,,,,,,,,,,,,,,
75,"November 27, 2021",11/27/2021 at 7:12 PM,11/27/2021 at 7:00 PM,Robbery,726 Eastgate,Subject robbed rear parking lot. Suspects demanded car keys and stole his parked vehicle from 740 Eastgate. University City is investigating.,Pending,21-27651,10006,,,,,,,,,,,,,,,,
76,"November 22, 2021",11/29/2021 at 2:03 PM,11/22/2021 at 1:45 PM,Larceny,Millbrook 3,Complainant reported the theft of a bike over Thanksgiving break. Loss $125,Pending,210138,10039,,,,,,,,,,,,,,,,
76,"November 17, 2021",11/17/2021 at 10:50 PM,11/17/2021 at 8:05 PM,Burglary,6169 Waterman,Students apartment burglarized. Entry made through a first floor window. St. Louis City investigating.,Under investigation,21-11-17-054881,10286,,,,,,,,,,,,,,,,
76,"November 17, 2021",11/17/2021 at 11:17 AM,11/17/2021 at 6:00 AM,Burglary,6659 Washington,Students apartment burglarized. Entry made through a first floor window. University City investigating.,Under investigation,21-11-17-054812,10280,,,,,,,,,,,,,,,,
76,"October 29, 2021",11/03/2021 at 2:16 PM,10/29/2021 at 5:00 PM,Larceny,Seigle,University gift items stolen from office. Loss $60,Pending,210128,9796,,,,,,,,,,,,,,,,
76,"October 29, 2021",11/01/2021 at 3:58 PM,10/29/2021 at 3:00 PM,Larceny,Zetcher House,Complainant reports an unsecured bicycle stolen over the weekend. Loss $300,Pending,210125,9775,,,,,,,,,,,,,,,,
76,"October 26, 2021",,10/26/2021 at 5:00 AM,Security Memo-Burglary,6600 blk Kingsbury,,,,9721,,,,,,,,,,,,,,,,
76,"October 20, 2021",10/20/2021 at 5:01 PM,10/20/2021 at 1:00 PM,Larceny,Rebstock,Unsecured bike stolen. Loss $200,Pending,210120,9634,,,,,,,,,,,,,,,,
76,"October 18, 2021",10/25/2021 at 3:42 PM,10/18/2021 at 2:00 PM,Assault 4th,DUC,Complainant reports unwanted touch.,Pending,210121,9715,,,,,,,,,,,,,,,,
76,"October 10, 2021",01/07/2022 at 1:13 PM,10/10/2021 at 12:00 PM,Larceny,Lot 55,Complainant reports his license tabs stolen between Oct. 2021 and January 2022.,Pending,220002,10292,,,,,,,,,,,,,,,,
76,"September 30, 2021",10/01/2021 at 10:09 AM,09/30/2021 at 2:45 PM,Larceny,Wallace Dr,Stop sign stolen. Loss $100,Pending,210113,9457,,,,,,,,,,,,,,,,
77,"September 27, 2021",09/28/2021 at 2:14 PM,09/27/2021 at 12:00 PM,Larceny,Park Dorm,Unsecured bike stolen. Loss $200,Pending,210108,9406,,,,,,,,,,,,,,,,
77,"September 26, 2021",09/26/2021 at 11:35 AM,09/26/2021 at 3:15 AM,Burglary,7226 Forsyth,"A student reported that at 3:15am, they was sleeping in her apartment in the 7200 block of Forsyth, near Manhattan Ave. The student woke up when the lights in their room turned on and then immediately turned off. The student walked into the kitchen and found a person standing in the kitchen, looking inside the refrigerator. The person then immediately fled out the back door.",Pending,21-09-26-046728,9310,,,,,,,,,,,,,,,,
77,"September 25, 2021",09/25/2021 at 10:18 PM,09/25/2021 at 7:00 PM,Burglary,6128 Waterman,"Burglary reported, entry thru window at two apartment buildings. Televisions missing from both complainants. Loss to be determined and investigated by St. Louis City PD",Pending,21-09-25-046647,9316,,,,,,,,,,,,,,,,
77,"September 25, 2021",09/26/2021 at 12:16 PM,09/25/2021 at 2:00 AM,Larceny,Chiller Plant,Complainant reports his unsecured bicycle stolen. Loss $500,Pending,210102,9328,,,,,,,,,,,,,,,,
77,"September 24, 2021",09/27/2021 at 8:13 AM,09/24/2021 at 3:00 PM,Larceny,Throop,Stop sign stolen. Loss $100,Pending,210104,9391,,,,,,,,,,,,,,,,
77,"September 24, 2021",09/27/2021 at 2:11 PM,09/24/2021 at 3:00 PM,Larceny,Park Dorm,Unsecured rental bike stolen. Loss unknown,Pending,210106,9397,,,,,,,,,,,,,,,,
77,"September 24, 2021",09/26/2021 at 5:29 PM,09/24/2021 at 11:00 AM,Larceny,Athletic Center,Complainant reported the theft of an unsecured skateboard from the entrance at Sumers Rec Center. Loss $400. Property recovered,Cleared,210103,9322,,,,,,,,,,,,,,,,
77,"September 23, 2021",09/23/2021 at 9:30 PM,09/23/2021 at 9:30 PM,Security Memo-Burglary,6100 blk Waterman,"A student reported that she was alone in her apartment in the 6100 block of Waterman Blvd, near Rosedale Ave. At approximately 9:30pm, she heard a loud noise from the living room area of her apartment and called 911. Officers arrived and checked the residence and found an open window on the side of the residence. Nothing was missing from the apartment. 

A short time later, another student reported that he returned to his apartment in the 6000 block Waterman at approximately 10pm and discovered several items missing from the apartment. Upon checking the building, responding officers found that a screen was ajar in the kitchen window, which was left open",Pending,21-09-23-046301,9340,,,,,,,,,,,,,,,,
77,"September 23, 2021",09/23/2021 at 9:30 PM,09/23/2021 at 9:30 PM,Burglary,6115 Waterman,"A student reported that she was alone in her apartment in the 6100 block of Waterman Blvd, near Rosedale Ave. At approximately 9:30pm, she heard a loud noise from the living room area of her apartment and called 911. Officers arrived and checked the residence and found an open window on the side of the residence. Nothing was missing from the apartment. 

A short time later, another student reported that he returned to his apartment in the 6000 block Waterman at approximately 10pm and discovered several items missing from the apartment. Upon checking the building, responding officers found that a screen was ajar in the kitchen window, which was left open. 

St. Louis Metro {Police Department are investigating both incidents.",Pending,21-09-23-046301,9349,,,,,,,,,,,,,,,,
77,"September 11, 2021",09/11/2021 at 8:10 PM,09/11/2021 at 6:00 PM,Stolen Auto,Wallace Dr,"Complainant reports the theft of his cell phone and keys left unattended near the basketball courts. Subjects vehicle was stolen from Wallace Dr, on the east side of the parking garage. Loss $12000",Cleared by arrest,210097,9061,,,,,,,,,,,,,,,,
78,"September 10, 2021",09/14/2021 at 7:06 AM,09/10/2021 at 3:00 PM,Larceny,Snowway Dr,Stop sign from Throop and Snowway stolen over the weekend. Loss $100,Pending,210098,9055,,,,,,,,,,,,,,,,
78,"September 2, 2021",09/03/2021 at 6:29 PM,09/02/2021 at 9:00 PM,Larceny,Promenade,"Complainant left an unattended wallet and airpods in the grassy area while playing basketball. Upon return, they had been stolen. Loss $310",Pending,210093,8989,,,,,,,,,,,,,,,,
78,"August 17, 2021",08/17/2021 at 3:57 PM,08/17/2021 at 3:00 PM,Larceny,Mildred Lane Kemper Art,"Subject came in to inquire about a book, removed the bar code and activated the security alarm when leaving with the stolen book. Loss $30",Pending,210076,8884,,,,,,,,,,,,,,,,
78,"August 9, 2021",08/16/2021 at 9:44 AM,08/09/2021 at 4:07 AM,Larceny,Snowway Garage,Unsecured Honda generator stolen from construction area in garage. Loss $3000,Pending,210074,8836,,,,,,,,,,,,,,,,
78,"July 16, 2021",07/17/2021 at 6:18 PM,07/16/2021 at 6:00 PM,Larceny,Mudd Field,Unsecured tools stolen from field overnight. Loss $1920,Pending,210071,8662,,,,,,,,,,,,,,,,
78,"June 18, 2021",06/21/2021 at 10:44 AM,06/18/2021 at 4:00 PM,Larceny,Millbrook Garage,Catalytic converters stolen from two vehicles. Loss value unknown,Cleared by arrest,210065,8467,,,,,,,,,,,,,,,,
78,"June 16, 2021",06/22/2021 at 12:15 PM,06/16/2021 at 5:00 PM,Larceny,January,"Unsecured, unattended books left in the hallway overnight were reported missing. Loss $1111.74",Closed,210067,8542,,,,,,,,,,,,,,,,
78,"June 2, 2021",06/04/2021 at 11:22 AM,06/02/2021 at 3:00 PM,Larceny,Green Hall,Complainant reports the theft of a bicycle. Loss $80,Inactive,210063,8383,,,,,,,,,,,,,,,,
78,"June 2, 2021",06/03/2021 at 1:05 PM,06/02/2021 at 2:00 PM,Larceny,Wallace Garage,LaClair Construction reports the theft of two sheets of plywood. Loss $75,Inactive,210061,8389,,,,,,,,,,,,,,,,
78,"May 25, 2021",05/30/2021 at 9:48 AM,05/25/2021 at 7:00 AM,Larceny,Village East,Complainant reports items missing from his room while he was away. Loss $5970,Cleared,210058,8365,,,,,,,,,,,,,,,,
79,"May 24, 2021",05/24/2021 at 1:11 PM,05/24/2021 at 9:30 AM,Larceny,Eads,Unsecured bike stolen. Loss $350,Inactive,210056,8371,,,,,,,,,,,,,,,,
79,"May 23, 2021",08/19/2021 at 8:35 PM,05/23/2021 at 8:35 PM,Larceny,Lopata House,Complainant reports a TV and coffee maker stolen from a storage room. Loss $307,Inactive,210079,8905,,,,,,,,,,,,,,,,
79,"May 17, 2021",05/20/2021 at 1:48 PM,05/17/2021 at 12:00 AM,Larceny,Frat 21,Complainant reports the theft of XBox that had been left unattended and unsecured in a hallway. Loss $120,Inactive,210055,8314,,,,,,,,,,,,,,,,
79,"May 14, 2021",05/15/2021 at 12:30 PM,05/14/2021 at 3:15 AM,Larceny,Frat 21,"XBox, Playstation, Appl airpods and Echo speaker stolen when left unattended and unsecured in an empty room. Loss $1040",Inactive,210053,8320,,,,,,,,,,,,,,,,
79,"May 10, 2021",05/10/2021 at 4:39 PM,05/10/2021 at 4:39 PM,Burglary,Beaumont Dorm,Subject arrested while stealing a television. Property recovered,Cleared by arrest,210047,8326,,,,,,,,,,,,,,,,
79,"May 4, 2021",05/04/2021 at 8:27 PM,05/04/2021 at 2:00 PM,Larceny,Steinberg,"Complainant reports her wallet stolen from her unattended, unsecured, backpack.",Cleared by arrest,210042,8218,,,,,,,,,,,,,,,,
79,"April 29, 2021",05/04/2021 at 2:38 PM,04/29/2021 at 4:30 PM,Larceny,Olin Library,Complainant reports the theft of Apple ear buds. Loss $17,Inactive,210043,8224,,,,,,,,,,,,,,,,
79,"April 6, 2021",04/06/2021 at 12:59 PM,04/06/2021 at 10:00 AM,Larceny,Womens Building,"Complainant reports the theft of an unsecured, unattended, bicycle. Loss $70",Inactive,210027,8110,,,,,,,,,,,,,,,,
79,"March 31, 2021",03/31/2021 at 7:30 PM,03/31/2021 at 7:30 PM,Robbery,7000 blk Forsyth,"At approximately 7:30 pm, a student reported that he was walking away from campus in the 7000 block of Forsyth Blvd. The student stated a blue car stopped in the street next to him when a male subject exited the vehicle and approached him. The subject displayed a silver handgun and demanded the student’s jacket and shoes. The student gave the subject his jacket and shoes and the subject returned to the car. The car then drove away and was last seen heading west on Forsyth Blvd. U City report 21-7674",Pending,21-03-31-015798,8086,,,,,,,,,,,,,,,,
79,"March 31, 2021",03/31/2021 at 8:15 AM,03/31/2021 at 7:35 AM,Larceny,Athletic Complex,"Unsecured, unattended, bicycle stolen from the AC. Loss $300",Cleared by arrest,210025,8092,,,,,,,,,,,,,,,,
80,"March 12, 2021",03/12/2021 at 9:48 AM,03/12/2021 at 9:48 AM,Trespassing,DUC,Subject was arrested for trespassing after receiving previous no trespass warnings.,Cleared by arrest,210018,8029,,,,,,,,,,,,,,,,
80,"March 12, 2021",03/12/2021 at 12:50 AM,03/12/2021 at 12:50 AM,Trespassing,Promenade,Subject was located trespassing near the clocktower after previous no trespass warning had been given. Subject was informed any additional trespass would result in arrest.,Referred to St. Louis County Counselor,210017,8035,,,,,,,,,,,,,,,,
80,"February 4, 2021",02/11/2021 at 8:54 AM,02/04/2021 at 6:00 PM,Larceny,Givens,"Complainant reports an unattended, unsecured, I-Pad stolen from open work space. Loss $1400",Closed; Property Recovered,210011,7948,,,,,,,,,,,,,,,,
80,"January 29, 2021",02/01/2021 at 1:37 PM,01/29/2021 at 5:00 PM,Larceny,Seigle,Bicycle stolen from the rack on the east side. Loss $120,Inactive,210007,7921,,,,,,,,,,,,,,,,
80,"January 23, 2021",01/23/2021 at 5:45 PM,01/23/2021 at 4:19 PM,Larceny,Millbrook 4,Complainant reports an unsecured bicycle stolen. Loss $120,Inactive,210003,7882,,,,,,,,,,,,,,,,
80,"January 22, 2021",01/27/2021 at 8:54 AM,01/22/2021 at 5:00 PM,Larceny,Danforth University Center,Piano bench from Millstone Lounge was stolen. Loss $750,Inactive,210005,7903,,,,,,,,,,,,,,,,
80,"November 27, 2020",12/07/2020 at 4:31 PM,11/27/2020 at 9:00 AM,Larceny,Frat 7,Complainant reports the theft of a Nintendo Switch from the common area. Loss $300,"Cleared, property recovered",200148,7649,,,,,,,,,,,,,,,,
80,"November 24, 2020",11/24/2020 at 7:13 AM,11/24/2020 at 7:13 AM,Larceny,Millbrook 3,Bike theft in progress reported. Officers located and arrested the suspect. Two bicycles were recovered.,Cleared by arrest,200141,7583,,,,,,,,,,,,,,,,
80,"November 17, 2020",11/19/2020 at 3:50 PM,11/17/2020 at 3:15 PM,Larceny,Sever Hall,Complainant reports the theft of a bicycle. Loss $167,Inactive,200140,7598,,,,,,,,,,,,,,,,
80,"November 4, 2020",11/05/2020 at 12:21 AM,11/04/2020 at 10:00 AM,Larceny,DUC,Complainant reports a missing bike from either the DUC or from the art school. Unknown if it was locked or which location. Loss $450,Inactive,200136,7571,,,,,,,,,,,,,,,,
81,"November 2, 2020",11/04/2020 at 5:34 PM,11/02/2020 at 3:30 PM,Larceny,Givens,Complainant reports the theft of a laptop left unsecured and unattended in a common area of Givens Hall. Loss $2049,Inactive,200135,7547,,,,,,,,,,,,,,,,
81,"October 30, 2020",11/02/2020 at 11:18 AM,10/30/2020 at 12:00 PM,Larceny,Frat 22,"Complainant reports the theft of a coat left in an unsecured, unused room. Loss $200",Inactive,200132,7541,,,,,,,,,,,,,,,,
81,"October 28, 2020",10/28/2020 at 3:55 PM,10/28/2020 at 3:35 PM,Vandalism,Olin Library,Subjects spray painted the statue during a protest. Loss $1000,Referred to Judicial,200125,7514,,,,,,,,,,,,,,,,
81,"October 25, 2020",10/25/2020 at 1:24 AM,10/25/2020 at 1:20 AM,Fire,Village House Dock,Small fire in a recycling bin was extinguished by Bon Appetit pouring water on it.,Closed,200124,7520,,,,,,,,,,,,,,,,
81,"October 17, 2020",10/19/2020 at 1:58 PM,10/17/2020 at 1:00 PM,Larceny,AB Law,Complainant reports his bike stolen from the racks on the south side. Loss $40,Inactive,200120,7433,,,,,,,,,,,,,,,,
81,"October 13, 2020",,10/13/2020 at 10:30 AM,Security Memo-Burglary,6600 blk Kingsbury,,,,8674,,,,,,,,,,,,,,,,
81,"October 8, 2020",10/28/2020 at 8:19 PM,10/08/2020 at 5:00 PM,Larceny,Gregg Hall,Complainant bike stolen from the Bears Bike rack near Gregg Dorm. Loss $350,Inactive,200126,7508,,,,,,,,,,,,,,,,
81,"October 8, 2020",10/28/2020 at 8:19 PM,10/08/2020 at 5:00 PM,Larceny,Gregg,Complainant reports her bicycle missing from Bears Bikes. Loss $350,Inactive,200126,7532,,,,,,,,,,,,,,,,
81,"October 5, 2020",10/08/2020 at 5:19 PM,10/05/2020 at 3:00 PM,Larceny,Liggett Dorm,Complainant reports the theft of a bicycle. Loss $240,Inactive,200117,7412,,,,,,,,,,,,,,,,
81,"October 1, 2020",10/04/2020 at 11:47 AM,10/01/2020 at 10:00 PM,Larceny,Fraternity House 1,Complainants reports the theft of items from the common room. Loss $441,Inactive,200113,7400,,,,,,,,,,,,,,,,
82,"September 27, 2020",10/03/2020 at 12:25 PM,09/27/2020 at 12:00 PM,Larceny,Chiller Plant,Complainant reports the theft of a bicycle. Loss $500,Inactive,200114,7406,,,,,,,,,,,,,,,,
82,"September 22, 2020",09/23/2020 at 2:11 PM,09/22/2020 at 7:30 PM,Larceny,Chiller Plant,Student reports a stolen bike. Loss $500,Cleared by arrest,200107,7334,,,,,,,,,,,,,,,,
82,"September 22, 2020",09/25/2020 at 2:13 PM,09/22/2020 at 8:00 AM,Larceny,Green Hall,Student reports the theft of a bicycle. Loss $200,Inactive,200111,7346,,,,,,,,,,,,,,,,
82,"September 19, 2020",09/22/2020 at 9:54 AM,09/19/2020 at 6:00 PM,Larceny,Danforth Dorm,Student reports his bicycle stolen. Loss $460,Inactive,200104,7316,,,,,,,,,,,,,,,,
82,"September 18, 2020",09/22/2020 at 2:30 PM,09/18/2020 at 5:20 PM,Larceny,Chiller Plant,Student reports his bicycle stolen. Loss $700,Inactive,200105,7310,,,,,,,,,,,,,,,,
82,"September 18, 2020",09/18/2020 at 6:21 PM,09/18/2020 at 5:15 PM,Larceny,Village House,Complainant reports the theft of an unsecured bike. Loss $550,Inactive,200100,7304,,,,,,,,,,,,,,,,
82,"September 14, 2020",09/19/2020 at 6:11 PM,09/14/2020 at 6:11 PM,Larceny,Frat #2,Complainant reports the theft of a punching bag from under the rear stairs. Loss $120,"Cleared, property recovered",200101,7298,,,,,,,,,,,,,,,,
82,"September 4, 2020",09/14/2020 at 2:22 PM,09/04/2020 at 5:30 PM,Larceny,Crow Hall,Complainant reported property stolen from an unlocked office. Loss amount is unknown due to age of the items.,Inactive,200096,7289,,,,,,,,,,,,,,,,
82,"August 10, 2020",08/11/2020 at 6:08 PM,08/10/2020 at 1:00 PM,Larceny,Lopata House,Complainant reports his cable lock cut and bike stolen. Loss $400,Inactive,200085,7142,,,,,,,,,,,,,,,,
82,"August 5, 2020",08/06/2020 at 4:38 AM,08/05/2020 at 11:00 PM,Larceny,Simon,Two WFF workers in the building. One stole a purse belonging to the other. Property recovered.,Cleared,200084,7136,,,,,,,,,,,,,,,,
83,"July 24, 2020",07/24/2020 at 12:27 AM,07/24/2020 at 12:27 AM,Robbery,600 blk Westgate,"At approximately 12:27 a.m., a Washington University student reported that he parked his car in a private driveway near the 600 block of Westgate Ave. The student was accompanied by a female roommate, not affiliated with the university. The student said that when he and his roommate exited his vehicle, they were approached by two male subjects wearing ""Ski-masks"". One of the subjects displayed a hand gun and demanded the student and his roommate's property. The student gave the subjects his car keys. The subjects got in the student's vehicle which contained the student's wallet. the two subjects then drove off in the student’s vehicle, last seen heading west on Delmar Ave. 

No injuries were reported.",University City investigating,20-07-24-031740,7127,,,,,,,,,,,,,,,,
83,"July 7, 2020",07/08/2020 at 8:42 AM,07/07/2020 at 11:07 PM,Burglary,Frat House 6,Subjects made entry by removing door panel. Unknown items stolen. One suspect arrested,Cleared by arrest,200079,7091,,,,,,,,,,,,,,,,
83,"July 6, 2020",07/08/2020 at 10:23 AM,07/06/2020 at 12:27 AM,Larceny,Millbrook 4,Unsecured bicycle stolen. Loss $100,"Closed, Property Recovered",200080,7097,,,,,,,,,,,,,,,,
83,"July 4, 2020",07/06/2020 at 7:07 AM,07/04/2020 at 12:10 AM,Burglary,DUC,Unknown suspect stolen food and drink items from Ibbys. Loss $560,Cleared by arrest,200078,7079,,,,,,,,,,,,,,,,
83,"June 16, 2020",06/16/2020 at 12:31 PM,06/16/2020 at 6:15 AM,Larceny,Steinberg,"Theft of two bicycles, no victimsidentified at this time. Loss $499",Closed,200075,7040,,,,,,,,,,,,,,,,
83,"June 10, 2020",06/10/2020 at 10:15 PM,06/10/2020 at 10:15 PM,Robbery,700 blk Heman,Student reported that after she parked her car she was approached by two subjects who demanded money. Subject threw her keys and ran. Suspects took the victims vehicle. U. City is investigating.,Referred to UCPD,20-06-10-025664,7007,,,,,,,,,,,,,,,,
83,"June 7, 2020",06/07/2020 at 5:49 PM,06/07/2020 at 5:43 PM,Larceny,Hall Circle,Complainant reports two containers of clothing and a wallet were stolen from an unlocked vehicle. Loss estimated at $1000,Closed,200073,6992,,,,,,,,,,,,,,,,
83,"June 1, 2020",08/18/2021 at 4:30 PM,06/01/2020 at 8:00 AM,Larceny,DUC,Artwork missing from an unused office over the past year. Loss $3000,Unfounded,210078,8878,,,,,,,,,,,,,,,,
83,"May 22, 2020",09/04/2020 at 12:33 PM,05/22/2020 at 9:00 AM,Larceny,Umrath House,Complainant reports a bike missing within the last 3 months. Loss $300,Inactive,200091,7262,,,,,,,,,,,,,,,,
83,"May 9, 2020",05/15/2020 at 2:43 PM,05/09/2020 at 12:01 AM,Larceny,Shepley Dorm,Unsecured bike stolen. Loss $600,Inactive,200072,6878,,,,,,,,,,,,,,,,
84,"April 30, 2020",05/03/2020 at 1:41 PM,04/30/2020 at 3:35 PM,Stolen Vehicle,East End Garage,Golf cart stolen from the garage and recovered in Forest Park.,Closed,200069,6842,,,,,,,,,,,,,,,,
84,"April 29, 2020",04/29/2020 at 3:18 PM,04/29/2020 at 2:48 PM,Larceny,Shepley Dr.,Student was selling his game system to a buyer who drove off without paying. Loss $428,Cleared,200067,6833,,,,,,,,,,,,,,,,
84,"April 9, 2020",04/19/2020 at 10:15 AM,04/09/2020 at 8:00 AM,Larceny,Lien,Student reports an envelope containing $100 is missing from her room.,Inactive,200063,6818,,,,,,,,,,,,,,,,
84,"March 13, 2020",04/03/2020 at 2:31 PM,03/13/2020 at 3:00 PM,Larceny,Umrath,Complainant reports bike was missing from the rack after being secured with a cable lock. Loss $300,Closed,200062,6809,,,,,,,,,,,,,,,,
84,"March 9, 2020",03/09/2020 at 11:35 PM,03/09/2020 at 10:00 PM,Sexual Assault,South 40 Housing,Complainant reports a sexual assault.,Cleared,200055,6746,,,,,,,,,,,,,,,,
84,"March 8, 2020",09/10/2020 at 3:40 PM,03/08/2020 at 3:00 PM,Larceny,Wheeler House,Complainant reports a missing bike which occurred during the last several months. Loss $130,Inactive,200092,7280,,,,,,,,,,,,,,,,
84,"March 6, 2020",08/18/2020 at 3:41 PM,03/06/2020 at 6:00 PM,Larceny,Lien,Complainant unable to locate bike after being away from campus since March. Loss $100,Closed,200088,7157,,,,,,,,,,,,,,,,
84,"March 6, 2020",06/13/2020 at 3:15 PM,03/06/2020 at 5:00 PM,Larceny,House #11,Complainant reported a missing jersey and Bluetooth speaker. Loss $230,Inactive,200074,7013,,,,,,,,,,,,,,,,
84,"March 6, 2020",03/06/2020 at 11:39 PM,03/06/2020 at 3:52 PM,Larceny,Whitaker,Complainant reports unsecured bicycle stolen. Loss $500,Cleared by arrest,200054,6707,,,,,,,,,,,,,,,,
84,"March 6, 2020",09/11/2020 at 4:46 PM,03/06/2020 at 12:00 PM,Larceny,Village House,Complainant reports a missing bike which occurred during the last several months. Loss $400,Inactive,200093,7274,,,,,,,,,,,,,,,,
85,"March 6, 2020",09/23/2020 at 2:36 PM,03/06/2020 at 12:00 PM,Larceny,South 40 House,Student reports a stolen bike during the last 7 months. Loss $350,Inactive,200106,7328,,,,,,,,,,,,,,,,
85,"March 6, 2020",09/24/2020 at 11:02 AM,03/06/2020 at 12:00 PM,Larceny,South 40 House,Student reports a bike stolen over the last several months. Loss $700,Inactive,200108,7352,,,,,,,,,,,,,,,,
85,"March 5, 2020",03/06/2020 at 4:00 PM,03/05/2020 at 1:55 PM,Larceny,Bears Den,"Bon Appetit employee reports cash taken from an unattended, unsecured bookbag. Loss $500",Closed,200053,6713,,,,,,,,,,,,,,,,
85,"March 5, 2020",06/16/2020 at 4:52 PM,03/05/2020 at 12:00 PM,Larceny,Mudd Dorm,Complainant reports money missing. Loss $1000,Inactive,200076,7046,,,,,,,,,,,,,,,,
85,"March 3, 2020",03/03/2020 at 3:28 PM,03/03/2020 at 1:00 PM,Larceny,Rudolph Hall,Backpack taken from unsecured office. Loss $501,Inactive,200051,6659,,,,,,,,,,,,,,,,
85,"March 3, 2020",03/03/2020 at 6:50 PM,03/03/2020 at 8:53 AM,Larceny,DUC,Unattended cell phone taken from a charging station. Loss $96,Inactive,200052,6653,,,,,,,,,,,,,,,,
85,"March 2, 2020",03/02/2020 at 4:34 PM,03/02/2020 at 3:40 PM,Larceny,Wrighton Hall,Backpack stolen from unsecured locker. Loss $408,Closed,200047,6671,,,,,,,,,,,,,,,,
85,"March 1, 2020",03/02/2020 at 6:00 PM,03/01/2020 at 5:00 PM,Larceny,Mudd Dorm,Unsecured bicycle stolen from bike rack. Loss $100,Unfounded,200049,6665,,,,,,,,,,,,,,,,
85,"March 1, 2020",10/29/2020 at 3:24 PM,03/01/2020 at 5:00 PM,Larceny,Gregg,Complainant reports her bicycle missing during the above time. Loss $200,Inactive,200130,7526,,,,,,,,,,,,,,,,
85,"February 28, 2020",02/28/2020 at 10:23 PM,02/28/2020 at 10:20 PM,Robbery,6111 Pershing,"At approximately 10:20 pm, two students were standing near the street in the 6100 block of Pershing, near Rosedale Avenue. Two subjects approached the students displaying handguns and demanded the students’ property. The students gave the subjects their cell phones, wallets and car keys. One of the subjects then struck one of the students in the face, knocking him to the ground. Both subjects entered the student’s vehicle and drove off, last seen heading west on Pershing Ave",Pending,20-02-28-008689,6563,,,,,,,,,,,,,,,,
86,"February 25, 2020",02/25/2020 at 6:57 PM,02/25/2020 at 12:51 PM,Larceny,Schnuck,Unsecured bicycle stolen. Loss $650,Cleared by arrest,200041,6521,,,,,,,,,,,,,,,,
86,"February 24, 2020",02/29/2020 at 5:13 PM,02/24/2020 at 8:00 PM,Larceny,Frat 11,Complainant reports the theft of a Nintendo Switch. Loss $360,Inactive,200043,6575,,,,,,,,,,,,,,,,
86,"February 23, 2020",02/29/2020 at 6:10 PM,02/23/2020 at 11:00 PM,Larceny,Dauten Dorm,Complainant reports the theft of his Nintendo Switch. Loss $300,Closed,200044,6569,,,,,,,,,,,,,,,,
86,"February 20, 2020",02/21/2020 at 2:05 PM,02/20/2020 at 6:00 PM,Larceny,Duncker,Complainant reports the theft of wine from the kitchen area. Loss $28,Inactive,200037,6530,,,,,,,,,,,,,,,,
86,"February 15, 2020",02/15/2020 at 11:57 PM,02/15/2020 at 11:55 PM,Domestic Violence,Millbrook,Altercation between a student couple.,Referred to JA,200032,6458,,,,,,,,,,,,,,,,
86,"February 13, 2020",02/13/2020 at 11:36 AM,02/13/2020 at 8:15 AM,Larceny,Givens,Complainant reports the theft of her unsecured laptop which was left unattended. Loss $525,Inactive,200031,6464,,,,,,,,,,,,,,,,
86,"February 10, 2020",02/13/2020 at 10:26 AM,02/10/2020 at 10:26 AM,Larceny,Givens,"Students unattended, unsecured laptop was stolen. Loss $2500",Inactive,200029,6470,,,,,,,,,,,,,,,,
86,"February 9, 2020",02/09/2020 at 9:20 PM,02/09/2020 at 7:15 PM,Larceny,Snowway Garage,Complainant gave a ride to two subjects who approached her in the garage. While in the vehicle the subjects stole her credit card and used same at the MetroLink.,Inactive,200023,6350,,,,,,,,,,,,,,,,
86,"February 9, 2020",,02/09/2020 at 12:30 AM,Aggravated Assault,Delmar & Westgate,,,,6362,,,,,,,,,,,,,,,,
86,"February 9, 2020",02/09/2020 at 12:30 AM,02/09/2020 at 12:30 AM,Aggravated Assault,Delmar & Westgate,At approximately 12:30 a.m. an assault took place near Delmar and West Gate. The incident involved a male Washington University student. The student was walking west along the north side of Delmar when a male subject ran towards him and “slashed” him once with an unknown sharp object. The subject yelled something unintelligible during the attack and then continued to run east. The student received minor injuries.,Pending,,6368,,,,,,,,,,,,,,,,
87,"February 8, 2020",02/08/2020 at 1:36 AM,02/08/2020 at 1:31 AM,Assault 3rd,Sigma Nu,Assault 3rd with injuries.,Cleared,200025,6383,,,,,,,,,,,,,,,,
87,"February 6, 2020",02/10/2020 at 3:53 PM,02/06/2020 at 6:00 PM,Larceny,Olin Library,Complainant reported theft of headphones and laptop charger left unattended overnight in a study area. Loss $135. Items later located,Unfounded,200024,6389,,,,,,,,,,,,,,,,
87,"January 29, 2020",01/29/2020 at 8:59 PM,01/29/2020 at 8:00 PM,Robbery-Cleared by arrest,400 block Kingsland,Student robbed from behind as he was walking on Kingsland. University City Police are investigating,Cleared By Arrest,20-01-29-003912,6295,,,,,,,,,,,,,,,,
87,"January 27, 2020",02/04/2020 at 2:38 PM,01/27/2020 at 8:00 AM,Larceny,January Hall,Person(s) unknown stole a planter with a plant from the reception area near room 100. Loss $100,Closed,200021,6356,,,,,,,,,,,,,,,,
87,"January 19, 2020",01/21/2020 at 11:03 AM,01/19/2020 at 12:00 PM,Larceny,Millbrook 2,Complainant reports the theft of an unsecured bicycle. Loss $150,Inactive,200007,6193,,,,,,,,,,,,,,,,
87,"December 31, 2019",01/08/2020 at 7:30 AM,12/31/2019 at 12:00 PM,Larceny,Compton Hall,Theft of an unsecured construction tool box owned by MCI. Loss $1040,Cleared by arrest,200001,6181,,,,,,,,,,,,,,,,
87,"December 26, 2019",12/26/2019 at 12:56 AM,12/26/2019 at 12:56 AM,Larceny,Mallinckrodt,Suspect was arrested inside a WU vehicle.,Cleared by arrest,190247,6046,,,,,,,,,,,,,,,,
87,"December 18, 2019",01/10/2020 at 4:18 PM,12/18/2019 at 2:00 PM,Larceny,Fraternity House 2,Complainant reports the theft of a coat from the Oak room. Loss $300,Inactive,200004,6187,,,,,,,,,,,,,,,,
87,"December 15, 2019",12/15/2019 at 4:36 PM,12/15/2019 at 4:32 PM,Larceny,Mallinckrodt Bookstore,Bookstore employee reports a shoplifting. Loss $55,Cleared by arrest,190238,6013,,,,,,,,,,,,,,,,
87,"December 13, 2019",12/14/2019 at 4:34 PM,12/13/2019 at 10:00 PM,Larceny,Fraternity House 11,"Complainant reports the theft of cash from an unattended, unsecured wallet left in the common room. Loss $550",Closed,190236,6019,,,,,,,,,,,,,,,,
88,"December 13, 2019",12/13/2019 at 7:15 PM,12/13/2019 at 3:30 PM,Larceny,Olin Library,Complainant reports the theft of his unsecured bicycle. Loss $700,Cleared by arrest,190235,6025,,,,,,,,,,,,,,,,
88,"December 11, 2019",12/11/2019 at 7:54 AM,12/11/2019 at 7:54 AM,Burglary,DUC,Subject previously arrested was located in the DUC with stolen property.,Cleared by arrest,190232,5974,,,,,,,,,,,,,,,,
88,"December 10, 2019",12/10/2019 at 12:42 AM,12/10/2019 at 12:42 AM,Burglary,DUC,Subject found sleeping in the building had stolen items in his possession.,Cleared by arrest,190229,5983,,,,,,,,,,,,,,,,
88,"December 6, 2019",12/09/2019 at 1:39 PM,12/06/2019 at 6:00 PM,Burglary,DUC,Complainant reports equipment missing from the media center. Loss $499,Cleared by arrest,190230,5968,,,,,,,,,,,,,,,,
88,"December 4, 2019",12/04/2019 at 4:35 AM,12/04/2019 at 4:25 AM,Larceny,Olin Library,Complainant left her iPad unsecured and left the area. When she returned several items had been stolen. Loss 801,"Cleared by arrest, property recovered",190225,5866,,,,,,,,,,,,,,,,
88,"December 3, 2019",12/03/2019 at 12:38 PM,12/03/2019 at 8:30 AM,Larceny,Lopata Hall,Complainant reports his unsecured bicycle stolen. Loss $600,Cleared by arrest,190223,5860,,,,,,,,,,,,,,,,
88,"December 2, 2019",12/03/2019 at 9:52 AM,12/02/2019 at 6:00 PM,Larceny,Brauer Hall,Complainant reports Bose headphones stolen from the graduate students shared office. Loss $300,Inactive,190222,5854,,,,,,,,,,,,,,,,
88,"December 2, 2019",12/16/2019 at 11:20 AM,12/02/2019 at 10:15 AM,Larceny,McMillan,Complainant reports the theft of an unsecured bicycle. Loss $120,Closed,190239,6007,,,,,,,,,,,,,,,,
88,"November 27, 2019",12/04/2019 at 12:46 PM,11/27/2019 at 6:00 PM,Burglary,DUC,Gaming systems stolen from the fun room. Loss $1550,Cleared by arrest,190226,5872,,,,,,,,,,,,,,,,
88,"November 25, 2019",11/30/2019 at 1:35 PM,11/25/2019 at 4:00 PM,Larceny,Gregg Dorm,Unsecured bicycle stolen. Loss $140,Inactive,190220,5743,,,,,,,,,,,,,,,,
89,"November 24, 2019",11/25/2019 at 1:43 AM,11/24/2019 at 4:00 AM,Larceny,Village House,Complainant reported that items were taken from the community refrigerator. Loss $10,Inactive,190217,5680,,,,,,,,,,,,,,,,
89,"November 22, 2019",12/23/2019 at 1:07 PM,11/22/2019 at 12:00 PM,Larceny,DUC,Hard drive missing from the Harvey Media Center. Loss $700,Inactive,190245,6055,,,,,,,,,,,,,,,,
89,"November 22, 2019",11/22/2019 at 9:24 AM,11/22/2019 at 6:30 AM,Larceny,Bixby,Construction worker reported the theft of a unattended bag from the entrance to the east end construction site. Loss $220,Inactive,190215,5686,,,,,,,,,,,,,,,,
89,"November 8, 2019",11/08/2019 at 11:34 PM,11/08/2019 at 11:34 PM,Larceny,Hall Circle,"Initially an unsecured bicycle was stolen, but when a witness reported the theft and officers arrived the suspect dropped the bike on Forest Park Parkway and entered the Metrolink tunnel.",Inactive,190206,5517,,,,,,,,,,,,,,,,
89,"November 8, 2019",11/09/2019 at 1:59 PM,11/08/2019 at 5:00 PM,Institutional Vandalism,Crow Hall,"Person(s) unknown threw a fire extinguisher at a glass door, shattering same.",Inactive,190208,5505,,,,,,,,,,,,,,,,
89,"November 7, 2019",11/07/2019 at 10:47 PM,11/07/2019 at 10:47 PM,Larceny,Knight Center,"Student stole a campus sign, which was recovered near Snowway Garage.","Recovered, Cleared referred to JA",190205,5523,,,,,,,,,,,,,,,,
89,"November 2, 2019",11/02/2019 at 10:06 AM,11/02/2019 at 1:33 AM,Institutional Vandalism,Knight Center,4 students intentionally damaged a sign by forcefully removing it.,"Cleared, referred to Judicial",190207,5511,,,,,,,,,,,,,,,,
89,"October 25, 2019",10/25/2019 at 5:31 PM,10/25/2019 at 5:21 PM,Larceny,Jubel,Complainant reports the theft of an unsecured backpack containing a laptop. Loss $1052,Cleared by arrest,190196,5308,,,,,,,,,,,,,,,,
89,"October 23, 2019",10/23/2019 at 10:53 PM,10/23/2019 at 8:00 PM,Larceny,Bears Den,Complainant reported his unsecured laptop stolen from the Bon Appetit locker room. Loss pending,Unfounded,190192,5281,,,,,,,,,,,,,,,,
89,"October 22, 2019",10/22/2019 at 4:41 PM,10/22/2019 at 1:00 PM,Larceny,Seigle,Complainant reports her unsecured property stolen from an open office space. Loss $390,Closed,190190,5287,,,,,,,,,,,,,,,,
90,"October 11, 2019",10/11/2019 at 8:48 AM,10/11/2019 at 4:31 AM,Larceny,Hall Circle,Complainant reports her vehicle ransacked with personal items stolen. Loss $15,Inactive,190184,5227,,,,,,,,,,,,,,,,
90,"October 1, 2019",10/02/2019 at 6:20 PM,10/01/2019 at 6:30 PM,Larceny,College Hall,Complainant reports the theft of an unsecured bicycle. Loss $225,Inactive,190179,5110,,,,,,,,,,,,,,,,
90,"September 23, 2019",09/23/2019 at 5:20 PM,09/23/2019 at 5:00 PM,Larceny,Umrath House,Complainant reports the theft of a prize wheel. Loss $150,"Recovered, Cleared referred to JA",190174,5008,,,,,,,,,,,,,,,,
90,"September 23, 2019",09/24/2019 at 3:58 PM,09/23/2019 at 2:30 PM,Larceny,Rebstock,Complainant reports the theft of an unsecured bicycle. Loss $50,Unfounded,190176,5014,,,,,,,,,,,,,,,,
90,"September 19, 2019",09/19/2019 at 11:33 AM,09/19/2019 at 11:30 AM,Domestic Violence,Forest Park Parkway/Hoyt,Minor disturbance between contract worker and their partner.,Cleared,190168,5002,,,,,,,,,,,,,,,,
90,"September 16, 2019",09/16/2019 at 4:20 PM,09/16/2019 at 4:20 PM,Stalking,Danforth Campus,Complainant reported another student stalking her.,Cleared,190166,4990,,,,,,,,,,,,,,,,
90,"September 16, 2019",09/16/2019 at 8:38 AM,09/16/2019 at 9:45 AM,Weapon Violation,Throop Dr.,Report received that a contract employee possibly had a firearm in his backpack on campus. WUPD officers located the subject who admitted to having guns that he didn’t want to leave in a friend’s vehicle so he placed them in his backpack. Firearms seized.,"Cleared, referred to Prosecuting Attorney",190165,4894,,,,,,,,,,,,,,,,
90,"September 9, 2019",09/09/2019 at 5:51 PM,09/09/2019 at 2:00 PM,Larceny,McDonnell Hall,Complainant reports the theft of cash from his lost wallet when it was returned. Loss $100,Closed,190158,4792,,,,,,,,,,,,,,,,
90,"September 9, 2019",09/09/2019 at 1:04 PM,09/09/2019 at 11:49 AM,Larceny,Olin Library,Complainant reports the theft of an unsecured bicycle. Loss $260,Cleared by arrest,190157,4786,,,,,,,,,,,,,,,,
90,"September 1, 2019",09/01/2019 at 5:09 PM,09/01/2019 at 5:09 PM,Harassment,Eliot,Complainant reports on issues with another student.,Cleared,190167,4996,,,,,,,,,,,,,,,,
91,"September 1, 2019",09/01/2019 at 2:16 AM,09/01/2019 at 2:16 AM,Assault 3rd,Nemerov Hall,Intoxicated student assaulted first responders.,Cleared,190156,4798,,,,,,,,,,,,,,,,
91,"August 30, 2019",09/02/2019 at 10:33 PM,08/30/2019 at 2:30 PM,Stalking,Olin Library,Complainant reports another student stalking her.,Inactive,190151,4774,,,,,,,,,,,,,,,,
91,"August 28, 2019",08/29/2019 at 4:21 PM,08/28/2019 at 3:00 PM,Larceny,Steinberg,Complainant reports an unsecured camera stolen from the design studio. Loss $450,Inactive,190149,4447,,,,,,,,,,,,,,,,
91,"August 27, 2019",08/28/2019 at 6:52 PM,08/27/2019 at 8:00 AM,Larceny,Givens Hall,"Complainant reports the loss of ear buds, headphones and cash from an unattended backpack. Loss $430",Inactive,190147,4363,,,,,,,,,,,,,,,,
91,"August 27, 2019",09/16/2019 at 4:20 PM,08/27/2019 at 12:00 AM,Stalking,Multiple Locations,Complainant is being stalked by another student.,Inactive,190166,4888,,,,,,,,,,,,,,,,
